date,ticker,expiry,option_type,strike,underlying_price,implied_volatility,delta,bid,ask,volume,open_interest
2025-01-02,AAPL,2025-01-27,C,168.41,150.37,0.230235,0.1,1.36,1.41,459,669
2025-01-02,AAPL,2025-01-27,C,159.39,150.37,0.234735,0.25,1.39,1.44,318,484
2025-01-02,AAPL,2025-01-27,C,150.37,150.37,0.249735,0.5,1.47,1.53,290,431
2025-01-02,AAPL,2025-01-27,P,150.37,150.37,0.249735,-0.5,1.47,1.53,361,695
2025-01-02,AAPL,2025-01-27,P,141.34,150.37,0.264735,-0.25,1.56,1.62,85,4006
2025-01-02,AAPL,2025-01-27,P,132.32,150.37,0.270735,-0.1,1.6,1.65,223,3915
2025-01-02,AAPL,2025-02-03,C,168.41,150.37,0.233035,0.1,1.37,1.43,465,4730
2025-01-02,AAPL,2025-02-03,C,159.39,150.37,0.237535,0.25,1.41,1.45,361,2954
2025-01-02,AAPL,2025-02-03,C,150.37,150.37,0.252535,0.5,1.5,1.54,260,3084
2025-01-02,AAPL,2025-02-03,P,150.37,150.37,0.252535,-0.5,1.5,1.54,65,2829
2025-01-02,AAPL,2025-02-03,P,141.34,150.37,0.267535,-0.25,1.58,1.63,238,2335
2025-01-02,AAPL,2025-02-03,P,132.32,150.37,0.273535,-0.1,1.62,1.67,364,3821
2025-01-02,AAPL,2025-03-03,C,168.41,150.37,0.244235,0.1,1.44,1.5,259,2465
2025-01-02,AAPL,2025-03-03,C,159.39,150.37,0.248735,0.25,1.47,1.52,70,4656
2025-01-02,AAPL,2025-03-03,C,150.37,150.37,0.263735,0.5,1.57,1.61,393,594
2025-01-02,AAPL,2025-03-03,P,150.37,150.37,0.263735,-0.5,1.57,1.61,244,3292
2025-01-02,AAPL,2025-03-03,P,141.34,150.37,0.278735,-0.25,1.65,1.7,460,3873
2025-01-02,AAPL,2025-03-03,P,132.32,150.37,0.284735,-0.1,1.69,1.74,365,1674
2025-01-03,AAPL,2025-01-28,C,167.01,149.12,0.224756,0.1,1.31,1.37,317,1359
2025-01-03,AAPL,2025-01-28,C,158.06,149.12,0.228619,0.25,1.34,1.39,266,1579
2025-01-03,AAPL,2025-01-28,C,149.12,149.12,0.241493,0.5,1.42,1.46,480,747
2025-01-03,AAPL,2025-01-28,P,149.12,149.12,0.241493,-0.5,1.41,1.47,277,2195
2025-01-03,AAPL,2025-01-28,P,140.17,149.12,0.254368,-0.25,1.49,1.54,64,3651
2025-01-03,AAPL,2025-01-28,P,131.22,149.12,0.259517,-0.1,1.52,1.57,474,4681
2025-01-03,AAPL,2025-02-04,C,167.01,149.12,0.227556,0.1,1.33,1.39,306,2402
2025-01-03,AAPL,2025-02-04,C,158.06,149.12,0.231419,0.25,1.36,1.4,326,4933
2025-01-03,AAPL,2025-02-04,C,149.12,149.12,0.244293,0.5,1.43,1.48,423,4756
2025-01-03,AAPL,2025-02-04,P,149.12,149.12,0.244293,-0.5,1.44,1.48,136,4254
2025-01-03,AAPL,2025-02-04,P,140.17,149.12,0.257168,-0.25,1.51,1.56,62,618
2025-01-03,AAPL,2025-02-04,P,131.22,149.12,0.262317,-0.1,1.54,1.59,17,3433
2025-01-03,AAPL,2025-03-04,C,167.01,149.12,0.238756,0.1,1.4,1.44,48,2277
2025-01-03,AAPL,2025-03-04,C,158.06,149.12,0.242619,0.25,1.42,1.48,216,1483
2025-01-03,AAPL,2025-03-04,C,149.12,149.12,0.255493,0.5,1.5,1.55,158,2217
2025-01-03,AAPL,2025-03-04,P,149.12,149.12,0.255493,-0.5,1.5,1.55,258,4593
2025-01-03,AAPL,2025-03-04,P,140.17,149.12,0.268368,-0.25,1.57,1.63,272,561
2025-01-03,AAPL,2025-03-04,P,131.22,149.12,0.273517,-0.1,1.6,1.66,23,4397
2025-01-06,AAPL,2025-01-31,C,168.02,150.02,0.215652,0.1,1.27,1.32,22,541
2025-01-06,AAPL,2025-01-31,C,159.02,150.02,0.219176,0.25,1.29,1.35,12,3331
2025-01-06,AAPL,2025-01-31,C,150.02,150.02,0.230923,0.5,1.36,1.41,312,461
2025-01-06,AAPL,2025-01-31,P,150.02,150.02,0.230923,-0.5,1.36,1.41,431,154
2025-01-06,AAPL,2025-01-31,P,141.02,150.02,0.242671,-0.25,1.43,1.48,227,723
2025-01-06,AAPL,2025-01-31,P,132.02,150.02,0.247369,-0.1,1.46,1.51,404,999
2025-01-06,AAPL,2025-02-07,C,168.02,150.02,0.218452,0.1,1.28,1.34,145,3284
2025-01-06,AAPL,2025-02-07,C,159.02,150.02,0.221976,0.25,1.31,1.35,3,37
2025-01-06,AAPL,2025-02-07,C,150.02,150.02,0.233723,0.5,1.38,1.42,410,3033
2025-01-06,AAPL,2025-02-07,P,150.02,150.02,0.233723,-0.5,1.37,1.43,481,1200
2025-01-06,AAPL,2025-02-07,P,141.02,150.02,0.245471,-0.25,1.44,1.5,123,295
2025-01-06,AAPL,2025-02-07,P,132.02,150.02,0.250169,-0.1,1.47,1.53,484,4639
2025-01-06,AAPL,2025-03-07,C,168.02,150.02,0.229652,0.1,1.35,1.41,423,3493
2025-01-06,AAPL,2025-03-07,C,159.02,150.02,0.233176,0.25,1.37,1.43,223,210
2025-01-06,AAPL,2025-03-07,C,150.02,150.02,0.244923,0.5,1.45,1.49,57,633
2025-01-06,AAPL,2025-03-07,P,150.02,150.02,0.244923,-0.5,1.44,1.49,270,3728
2025-01-06,AAPL,2025-03-07,P,141.02,150.02,0.256671,-0.25,1.51,1.57,43,4257
2025-01-06,AAPL,2025-03-07,P,132.02,150.02,0.261369,-0.1,1.55,1.59,406,3675
2025-01-07,AAPL,2025-02-01,C,169.28,151.15,0.211015,0.1,1.25,1.3,50,3552
2025-01-07,AAPL,2025-02-01,C,160.22,151.15,0.214168,0.25,1.27,1.32,374,3061
2025-01-07,AAPL,2025-02-01,C,151.15,151.15,0.224678,0.5,1.34,1.38,36,3085
2025-01-07,AAPL,2025-02-01,P,151.15,151.15,0.224678,-0.5,1.34,1.38,110,4421
2025-01-07,AAPL,2025-02-01,P,142.08,151.15,0.235188,-0.25,1.39,1.45,206,873
2025-01-07,AAPL,2025-02-01,P,133.01,151.15,0.239392,-0.1,1.43,1.47,385,925
2025-01-07,AAPL,2025-02-08,C,169.28,151.15,0.213815,0.1,1.26,1.32,296,2298
2025-01-07,AAPL,2025-02-08,C,160.22,151.15,0.216968,0.25,1.28,1.34,127,3185
2025-01-07,AAPL,2025-02-08,C,151.15,151.15,0.227478,0.5,1.35,1.4,223,734
2025-01-07,AAPL,2025-02-08,P,151.15,151.15,0.227478,-0.5,1.35,1.4,271,1513
2025-01-07,AAPL,2025-02-08,P,142.08,151.15,0.237988,-0.25,1.41,1.46,269,3501
2025-01-07,AAPL,2025-02-08,P,133.01,151.15,0.242192,-0.1,1.44,1.49,221,4703
2025-01-07,AAPL,2025-03-08,C,169.28,151.15,0.225015,0.1,1.34,1.38,231,2546
2025-01-07,AAPL,2025-03-08,C,160.22,151.15,0.228168,0.25,1.36,1.4,456,2376
2025-01-07,AAPL,2025-03-08,C,151.15,151.15,0.238678,0.5,1.42,1.46,486,679
2025-01-07,AAPL,2025-03-08,P,151.15,151.15,0.238678,-0.5,1.42,1.47,47,1530
2025-01-07,AAPL,2025-03-08,P,142.08,151.15,0.249188,-0.25,1.48,1.53,393,3058
2025-01-07,AAPL,2025-03-08,P,133.01,151.15,0.253392,-0.1,1.51,1.56,485,2064
2025-01-08,AAPL,2025-02-02,C,166.66,148.81,0.210013,0.1,1.23,1.27,474,2945
2025-01-08,AAPL,2025-02-02,C,157.73,148.81,0.213587,0.25,1.25,1.29,460,189
2025-01-08,AAPL,2025-02-02,C,148.81,148.81,0.225499,0.5,1.32,1.37,239,2375
2025-01-08,AAPL,2025-02-02,P,148.81,148.81,0.225499,-0.5,1.32,1.36,48,2866
2025-01-08,AAPL,2025-02-02,P,139.88,148.81,0.237412,-0.25,1.39,1.44,295,3512
2025-01-08,AAPL,2025-02-02,P,130.95,148.81,0.242177,-0.1,1.42,1.47,293,3265
2025-01-08,AAPL,2025-02-09,C,166.66,148.81,0.212813,0.1,1.24,1.29,123,3939
2025-01-08,AAPL,2025-02-09,C,157.73,148.81,0.216387,0.25,1.26,1.31,99,2162
2025-01-08,AAPL,2025-02-09,C,148.81,148.81,0.228299,0.5,1.33,1.39,263,1809
2025-01-08,AAPL,2025-02-09,P,148.81,148.81,0.228299,-0.5,1.33,1.38,404,3686
2025-01-08,AAPL,2025-02-09,P,139.88,148.81,0.240212,-0.25,1.4,1.46,65,4606
2025-01-08,AAPL,2025-02-09,P,130.95,148.81,0.244977,-0.1,1.43,1.48,366,2606
2025-01-08,AAPL,2025-03-09,C,166.66,148.81,0.224013,0.1,1.31,1.36,123,1579
2025-01-08,AAPL,2025-03-09,C,157.73,148.81,0.227587,0.25,1.33,1.38,192,2475
2025-01-08,AAPL,2025-03-09,C,148.81,148.81,0.239499,0.5,1.4,1.45,28,369
2025-01-08,AAPL,2025-03-09,P,148.81,148.81,0.239499,-0.5,1.4,1.45,411,287
2025-01-08,AAPL,2025-03-09,P,139.88,148.81,0.251412,-0.25,1.47,1.52,283,1677
2025-01-08,AAPL,2025-03-09,P,130.95,148.81,0.256177,-0.1,1.5,1.55,365,1576
2025-01-09,AAPL,2025-02-03,C,164.91,147.24,0.194934,0.1,1.13,1.17,218,4137
2025-01-09,AAPL,2025-02-03,C,156.08,147.24,0.198533,0.25,1.14,1.2,208,1867
2025-01-09,AAPL,2025-02-03,C,147.24,147.24,0.210529,0.5,1.22,1.26,120,3008
2025-01-09,AAPL,2025-02-03,P,147.24,147.24,0.210529,-0.5,1.22,1.26,254,1830
2025-01-09,AAPL,2025-02-03,P,138.41,147.24,0.222525,-0.25,1.28,1.34,39,4977
2025-01-09,AAPL,2025-02-03,P,129.57,147.24,0.227323,-0.1,1.31,1.37,212,1561
2025-01-09,AAPL,2025-02-10,C,164.91,147.24,0.197734,0.1,1.14,1.19,72,3529
2025-01-09,AAPL,2025-02-10,C,156.08,147.24,0.201333,0.25,1.16,1.21,462,3208
2025-01-09,AAPL,2025-02-10,C,147.24,147.24,0.213329,0.5,1.24,1.28,337,1053
2025-01-09,AAPL,2025-02-10,P,147.24,147.24,0.213329,-0.5,1.23,1.28,233,827
2025-01-09,AAPL,2025-02-10,P,138.41,147.24,0.225325,-0.25,1.31,1.35,209,4183
2025-01-09,AAPL,2025-02-10,P,129.57,147.24,0.230123,-0.1,1.33,1.39,479,2784
2025-01-09,AAPL,2025-03-10,C,164.91,147.24,0.208934,0.1,1.2,1.26,401,4951
2025-01-09,AAPL,2025-03-10,C,156.08,147.24,0.212533,0.25,1.23,1.27,251,2246
2025-01-09,AAPL,2025-03-10,C,147.24,147.24,0.224529,0.5,1.3,1.35,164,409
2025-01-09,AAPL,2025-03-10,P,147.24,147.24,0.224529,-0.5,1.29,1.35,21,2174
2025-01-09,AAPL,2025-03-10,P,138.41,147.24,0.236525,-0.25,1.37,1.42,459,761
2025-01-09,AAPL,2025-03-10,P,129.57,147.24,0.241323,-0.1,1.4,1.44,122,4536
2025-01-10,AAPL,2025-02-04,C,165.08,147.4,0.227873,0.1,1.32,1.37,97,1467
2025-01-10,AAPL,2025-02-04,C,156.24,147.4,0.231776,0.25,1.34,1.39,497,2936
2025-01-10,AAPL,2025-02-04,C,147.4,147.4,0.244785,0.5,1.42,1.47,7,429
2025-01-10,AAPL,2025-02-04,P,147.4,147.4,0.244785,-0.5,1.42,1.47,420,4219
2025-01-10,AAPL,2025-02-04,P,138.55,147.4,0.257794,-0.25,1.49,1.55,278,3249
2025-01-10,AAPL,2025-02-04,P,129.71,147.4,0.262998,-0.1,1.52,1.58,397,3816
2025-01-10,AAPL,2025-02-11,C,165.08,147.4,0.230673,0.1,1.34,1.38,362,1839
2025-01-10,AAPL,2025-02-11,C,156.24,147.4,0.234576,0.25,1.36,1.41,440,1698
2025-01-10,AAPL,2025-02-11,C,147.4,147.4,0.247585,0.5,1.43,1.49,166,2418
2025-01-10,AAPL,2025-02-11,P,147.4,147.4,0.247585,-0.5,1.43,1.49,344,4261
2025-01-10,AAPL,2025-02-11,P,138.55,147.4,0.260594,-0.25,1.51,1.56,216,4548
2025-01-10,AAPL,2025-02-11,P,129.71,147.4,0.265798,-0.1,1.54,1.59,60,4252
2025-01-10,AAPL,2025-03-11,C,165.08,147.4,0.241873,0.1,1.4,1.45,291,2499
2025-01-10,AAPL,2025-03-11,C,156.24,147.4,0.245776,0.25,1.42,1.47,258,533
2025-01-10,AAPL,2025-03-11,C,147.4,147.4,0.258785,0.5,1.5,1.55,499,4587
2025-01-10,AAPL,2025-03-11,P,147.4,147.4,0.258785,-0.5,1.5,1.55,196,895
2025-01-10,AAPL,2025-03-11,P,138.55,147.4,0.271794,-0.25,1.58,1.63,158,966
2025-01-10,AAPL,2025-03-11,P,129.71,147.4,0.276998,-0.1,1.61,1.65,304,4638
2025-01-13,AAPL,2025-02-07,C,164.66,147.02,0.225719,0.1,1.3,1.35,72,2996
2025-01-13,AAPL,2025-02-07,C,155.84,147.02,0.230451,0.25,1.34,1.38,208,1397
2025-01-13,AAPL,2025-02-07,C,147.02,147.02,0.246226,0.5,1.42,1.48,263,3172
2025-01-13,AAPL,2025-02-07,P,147.02,147.02,0.246226,-0.5,1.42,1.48,401,3105
2025-01-13,AAPL,2025-02-07,P,138.2,147.02,0.262001,-0.25,1.52,1.57,492,3809
2025-01-13,AAPL,2025-02-07,P,129.37,147.02,0.268311,-0.1,1.55,1.61,258,3606
2025-01-13,AAPL,2025-02-14,C,164.66,147.02,0.228519,0.1,1.31,1.37,312,3912
2025-01-13,AAPL,2025-02-14,C,155.84,147.02,0.233251,0.25,1.34,1.4,38,579
2025-01-13,AAPL,2025-02-14,C,147.02,147.02,0.249026,0.5,1.44,1.49,404,2206
2025-01-13,AAPL,2025-02-14,P,147.02,147.02,0.249026,-0.5,1.44,1.49,480,3273
2025-01-13,AAPL,2025-02-14,P,138.2,147.02,0.264801,-0.25,1.53,1.59,54,4923
2025-01-13,AAPL,2025-02-14,P,129.37,147.02,0.271111,-0.1,1.57,1.62,410,3671
2025-01-13,AAPL,2025-03-14,C,164.66,147.02,0.239719,0.1,1.38,1.44,318,1738
2025-01-13,AAPL,2025-03-14,C,155.84,147.02,0.244451,0.25,1.42,1.46,149,214
2025-01-13,AAPL,2025-03-14,C,147.02,147.02,0.260226,0.5,1.5,1.56,481,2453
2025-01-13,AAPL,2025-03-14,P,147.02,147.02,0.260226,-0.5,1.5,1.56,430,2330
2025-01-13,AAPL,2025-03-14,P,138.2,147.02,0.276001,-0.25,1.59,1.65,121,2063
2025-01-13,AAPL,2025-03-14,P,129.37,147.02,0.282311,-0.1,1.63,1.69,325,433
2025-01-14,AAPL,2025-02-08,C,164.64,147.0,0.204533,0.1,1.17,1.23,133,4624
2025-01-14,AAPL,2025-02-08,C,155.82,147.0,0.210084,0.25,1.21,1.26,119,194
2025-01-14,AAPL,2025-02-08,C,147.0,147.0,0.228586,0.5,1.32,1.37,476,253
2025-01-14,AAPL,2025-02-08,P,147.0,147.0,0.228586,-0.5,1.32,1.37,465,3379
2025-01-14,AAPL,2025-02-08,P,138.18,147.0,0.247088,-0.25,1.43,1.48,328,3870
2025-01-14,AAPL,2025-02-08,P,129.36,147.0,0.254489,-0.1,1.47,1.53,370,3699
2025-01-14,AAPL,2025-02-15,C,164.64,147.0,0.207333,0.1,1.19,1.25,191,254
2025-01-14,AAPL,2025-02-15,C,155.82,147.0,0.212884,0.25,1.23,1.27,51,3113
2025-01-14,AAPL,2025-02-15,C,147.0,147.0,0.231386,0.5,1.33,1.39,222,32
2025-01-14,AAPL,2025-02-15,P,147.0,147.0,0.231386,-0.5,1.34,1.39,132,3389
2025-01-14,AAPL,2025-02-15,P,138.18,147.0,0.249888,-0.25,1.45,1.49,380,2012
2025-01-14,AAPL,2025-02-15,P,129.36,147.0,0.257289,-0.1,1.48,1.54,305,3361
2025-01-14,AAPL,2025-03-15,C,164.64,147.0,0.218533,0.1,1.26,1.31,208,4265
2025-01-14,AAPL,2025-03-15,C,155.82,147.0,0.224084,0.25,1.29,1.34,390,4268
2025-01-14,AAPL,2025-03-15,C,147.0,147.0,0.242586,0.5,1.4,1.45,355,2955
2025-01-14,AAPL,2025-03-15,P,147.0,147.0,0.242586,-0.5,1.4,1.45,58,1381
2025-01-14,AAPL,2025-03-15,P,138.18,147.0,0.261088,-0.25,1.51,1.56,433,946
2025-01-14,AAPL,2025-03-15,P,129.36,147.0,0.268489,-0.1,1.56,1.6,337,1716
2025-01-15,AAPL,2025-02-09,C,163.49,145.97,0.189319,0.1,1.08,1.13,267,4993
2025-01-15,AAPL,2025-02-09,C,154.73,145.97,0.19538,0.25,1.12,1.16,387,2045
2025-01-15,AAPL,2025-02-09,C,145.97,145.97,0.215584,0.5,1.24,1.28,60,2878
2025-01-15,AAPL,2025-02-09,P,145.97,145.97,0.215584,-0.5,1.23,1.29,427,3507
2025-01-15,AAPL,2025-02-09,P,137.21,145.97,0.235788,-0.25,1.35,1.4,31,1967
2025-01-15,AAPL,2025-02-09,P,128.46,145.97,0.243869,-0.1,1.39,1.45,110,2489
2025-01-15,AAPL,2025-02-16,C,163.49,145.97,0.192119,0.1,1.1,1.14,52,1833
2025-01-15,AAPL,2025-02-16,C,154.73,145.97,0.19818,0.25,1.14,1.18,176,1017
2025-01-15,AAPL,2025-02-16,C,145.97,145.97,0.218384,0.5,1.25,1.3,151,2271
2025-01-15,AAPL,2025-02-16,P,145.97,145.97,0.218384,-0.5,1.25,1.3,440,1723
2025-01-15,AAPL,2025-02-16,P,137.21,145.97,0.238588,-0.25,1.37,1.42,443,4796
2025-01-15,AAPL,2025-02-16,P,128.46,145.97,0.246669,-0.1,1.41,1.47,252,2708
2025-01-15,AAPL,2025-03-16,C,163.49,145.97,0.203319,0.1,1.16,1.21,174,4486
2025-01-15,AAPL,2025-03-16,C,154.73,145.97,0.20938,0.25,1.2,1.24,280,1633
2025-01-15,AAPL,2025-03-16,C,145.97,145.97,0.229584,0.5,1.31,1.37,153,2652
2025-01-15,AAPL,2025-03-16,P,145.97,145.97,0.229584,-0.5,1.31,1.37,108,2957
2025-01-15,AAPL,2025-03-16,P,137.21,145.97,0.249788,-0.25,1.43,1.49,13,1503
2025-01-15,AAPL,2025-03-16,P,128.46,145.97,0.257869,-0.1,1.48,1.53,150,1619
2025-01-16,AAPL,2025-02-10,C,164.67,147.03,0.217816,0.1,1.25,1.31,1,1423
2025-01-16,AAPL,2025-02-10,C,155.85,147.03,0.223683,0.25,1.29,1.34,126,3961
2025-01-16,AAPL,2025-02-10,C,147.03,147.03,0.24324,0.5,1.4,1.46,317,2197
2025-01-16,AAPL,2025-02-10,P,147.03,147.03,0.24324,-0.5,1.41,1.46,475,4973
2025-01-16,AAPL,2025-02-10,P,138.21,147.03,0.262798,-0.25,1.52,1.57,128,4075
2025-01-16,AAPL,2025-02-10,P,129.39,147.03,0.27062,-0.1,1.56,1.62,134,3940
2025-01-16,AAPL,2025-02-17,C,164.67,147.03,0.220616,0.1,1.28,1.32,86,2815
2025-01-16,AAPL,2025-02-17,C,155.85,147.03,0.226483,0.25,1.31,1.35,214,3268
2025-01-16,AAPL,2025-02-17,C,147.03,147.03,0.24604,0.5,1.42,1.48,389,2568
2025-01-16,AAPL,2025-02-17,P,147.03,147.03,0.24604,-0.5,1.42,1.47,70,188
2025-01-16,AAPL,2025-02-17,P,138.21,147.03,0.265598,-0.25,1.53,1.59,369,523
2025-01-16,AAPL,2025-02-17,P,129.39,147.03,0.27342,-0.1,1.59,1.63,26,1237
2025-01-16,AAPL,2025-03-17,C,164.67,147.03,0.231816,0.1,1.34,1.38,492,2281
2025-01-16,AAPL,2025-03-17,C,155.85,147.03,0.237683,0.25,1.37,1.42,395,1569
2025-01-16,AAPL,2025-03-17,C,147.03,147.03,0.25724,0.5,1.49,1.53,426,566
2025-01-16,AAPL,2025-03-17,P,147.03,147.03,0.25724,-0.5,1.49,1.54,388,312
2025-01-16,AAPL,2025-03-17,P,138.21,147.03,0.276798,-0.25,1.6,1.65,225,1043
2025-01-16,AAPL,2025-03-17,P,129.39,147.03,0.28462,-0.1,1.65,1.7,245,1976
2025-01-17,AAPL,2025-02-11,C,165.72,147.96,0.224088,0.1,1.31,1.35,145,569
2025-01-17,AAPL,2025-02-11,C,156.84,147.96,0.22954,0.25,1.33,1.39,82,16
2025-01-17,AAPL,2025-02-11,C,147.96,147.96,0.247712,0.5,1.44,1.49,138,2452
2025-01-17,AAPL,2025-02-11,P,147.96,147.96,0.247712,-0.5,1.44,1.49,205,2162
2025-01-17,AAPL,2025-02-11,P,139.08,147.96,0.265885,-0.25,1.55,1.6,234,4207
2025-01-17,AAPL,2025-02-11,P,130.21,147.96,0.273154,-0.1,1.59,1.64,115,1619
2025-01-17,AAPL,2025-02-18,C,165.72,147.96,0.226888,0.1,1.32,1.37,457,2404
2025-01-17,AAPL,2025-02-18,C,156.84,147.96,0.23234,0.25,1.35,1.4,167,1148
2025-01-17,AAPL,2025-02-18,C,147.96,147.96,0.250512,0.5,1.46,1.51,124,4652
2025-01-17,AAPL,2025-02-18,P,147.96,147.96,0.250512,-0.5,1.46,1.5,247,2309
2025-01-17,AAPL,2025-02-18,P,139.08,147.96,0.268685,-0.25,1.56,1.62,96,760
2025-01-17,AAPL,2025-02-18,P,130.21,147.96,0.275954,-0.1,1.61,1.65,160,699
2025-01-17,AAPL,2025-03-18,C,165.72,147.96,0.238088,0.1,1.38,1.44,45,56
2025-01-17,AAPL,2025-03-18,C,156.84,147.96,0.24354,0.25,1.42,1.46,408,166
2025-01-17,AAPL,2025-03-18,C,147.96,147.96,0.261712,0.5,1.53,1.57,353,3104
2025-01-17,AAPL,2025-03-18,P,147.96,147.96,0.261712,-0.5,1.53,1.57,45,2850
2025-01-17,AAPL,2025-03-18,P,139.08,147.96,0.279885,-0.25,1.63,1.68,344,4248
2025-01-17,AAPL,2025-03-18,P,130.21,147.96,0.287154,-0.1,1.68,1.72,141,4268
2025-01-20,AAPL,2025-02-14,C,165.81,148.04,0.243284,0.1,1.42,1.46,448,3866
2025-01-20,AAPL,2025-02-14,C,156.92,148.04,0.248287,0.25,1.44,1.5,146,1278
2025-01-20,AAPL,2025-02-14,C,148.04,148.04,0.264964,0.5,1.54,1.6,278,2277
2025-01-20,AAPL,2025-02-14,P,148.04,148.04,0.264964,-0.5,1.54,1.6,454,4923
2025-01-20,AAPL,2025-02-14,P,139.16,148.04,0.281641,-0.25,1.64,1.69,367,4067
2025-01-20,AAPL,2025-02-14,P,130.28,148.04,0.288312,-0.1,1.68,1.73,274,3998
2025-01-20,AAPL,2025-02-21,C,165.81,148.04,0.246084,0.1,1.43,1.48,148,1089
2025-01-20,AAPL,2025-02-21,C,156.92,148.04,0.251087,0.25,1.46,1.51,318,1595
2025-01-20,AAPL,2025-02-21,C,148.04,148.04,0.267764,0.5,1.56,1.61,431,158
2025-01-20,AAPL,2025-02-21,P,148.04,148.04,0.267764,-0.5,1.56,1.61,192,104
2025-01-20,AAPL,2025-02-21,P,139.16,148.04,0.284441,-0.25,1.66,1.71,329,3628
2025-01-20,AAPL,2025-02-21,P,130.28,148.04,0.291112,-0.1,1.7,1.75,151,3695
2025-01-20,AAPL,2025-03-21,C,165.81,148.04,0.257284,0.1,1.5,1.55,62,4451
2025-01-20,AAPL,2025-03-21,C,156.92,148.04,0.262287,0.25,1.53,1.58,118,638
2025-01-20,AAPL,2025-03-21,C,148.04,148.04,0.278964,0.5,1.63,1.67,335,3468
2025-01-20,AAPL,2025-03-21,P,148.04,148.04,0.278964,-0.5,1.63,1.67,397,2541
2025-01-20,AAPL,2025-03-21,P,139.16,148.04,0.295641,-0.25,1.72,1.78,133,29
2025-01-20,AAPL,2025-03-21,P,130.28,148.04,0.302312,-0.1,1.77,1.81,277,4965
2025-01-21,AAPL,2025-02-15,C,167.32,149.39,0.230102,0.1,1.35,1.4,286,4487
2025-01-21,AAPL,2025-02-15,C,158.36,149.39,0.23502,0.25,1.38,1.43,208,2685
2025-01-21,AAPL,2025-02-15,C,149.39,149.39,0.251413,0.5,1.48,1.53,91,1373
2025-01-21,AAPL,2025-02-15,P,149.39,149.39,0.251413,-0.5,1.48,1.52,224,2976
2025-01-21,AAPL,2025-02-15,P,140.43,149.39,0.267806,-0.25,1.58,1.62,172,3321
2025-01-21,AAPL,2025-02-15,P,131.47,149.39,0.274364,-0.1,1.61,1.67,95,100
2025-01-21,AAPL,2025-02-22,C,167.32,149.39,0.232902,0.1,1.37,1.42,78,1164
2025-01-21,AAPL,2025-02-22,C,158.36,149.39,0.23782,0.25,1.39,1.45,419,1275
2025-01-21,AAPL,2025-02-22,C,149.39,149.39,0.254213,0.5,1.49,1.55,93,2772
2025-01-21,AAPL,2025-02-22,P,149.39,149.39,0.254213,-0.5,1.5,1.54,376,3391
2025-01-21,AAPL,2025-02-22,P,140.43,149.39,0.270606,-0.25,1.59,1.64,381,2839
2025-01-21,AAPL,2025-02-22,P,131.47,149.39,0.277164,-0.1,1.63,1.68,359,4917
2025-01-21,AAPL,2025-03-22,C,167.32,149.39,0.244102,0.1,1.43,1.48,462,2577
2025-01-21,AAPL,2025-03-22,C,158.36,149.39,0.24902,0.25,1.47,1.51,18,3982
2025-01-21,AAPL,2025-03-22,C,149.39,149.39,0.265413,0.5,1.56,1.61,214,2045
2025-01-21,AAPL,2025-03-22,P,149.39,149.39,0.265413,-0.5,1.57,1.61,386,4449
2025-01-21,AAPL,2025-03-22,P,140.43,149.39,0.281806,-0.25,1.66,1.71,80,3416
2025-01-21,AAPL,2025-03-22,P,131.47,149.39,0.288364,-0.1,1.7,1.74,180,4808
2025-01-22,AAPL,2025-02-16,C,167.95,149.95,0.208885,0.1,1.23,1.27,460,4296
2025-01-22,AAPL,2025-02-16,C,158.95,149.95,0.213938,0.25,1.25,1.31,122,1068
2025-01-22,AAPL,2025-02-16,C,149.95,149.95,0.230781,0.5,1.36,1.41,440,3670
2025-01-22,AAPL,2025-02-16,P,149.95,149.95,0.230781,-0.5,1.36,1.41,323,1901
2025-01-22,AAPL,2025-02-16,P,140.96,149.95,0.247625,-0.25,1.46,1.51,45,3711
2025-01-22,AAPL,2025-02-16,P,131.96,149.95,0.254363,-0.1,1.5,1.55,267,3916
2025-01-22,AAPL,2025-02-23,C,167.95,149.95,0.211685,0.1,1.24,1.3,222,532
2025-01-22,AAPL,2025-02-23,C,158.95,149.95,0.216738,0.25,1.27,1.33,350,4329
2025-01-22,AAPL,2025-02-23,C,149.95,149.95,0.233581,0.5,1.37,1.43,251,508
2025-01-22,AAPL,2025-02-23,P,149.95,149.95,0.233581,-0.5,1.38,1.42,216,3720
2025-01-22,AAPL,2025-02-23,P,140.96,149.95,0.250425,-0.25,1.48,1.52,105,4896
2025-01-22,AAPL,2025-02-23,P,131.96,149.95,0.257163,-0.1,1.52,1.57,402,3599
2025-01-22,AAPL,2025-03-23,C,167.95,149.95,0.222885,0.1,1.31,1.37,314,1979
2025-01-22,AAPL,2025-03-23,C,158.95,149.95,0.227938,0.25,1.34,1.39,174,3047
2025-01-22,AAPL,2025-03-23,C,149.95,149.95,0.244781,0.5,1.44,1.49,192,2051
2025-01-22,AAPL,2025-03-23,P,149.95,149.95,0.244781,-0.5,1.44,1.49,288,4677
2025-01-22,AAPL,2025-03-23,P,140.96,149.95,0.261625,-0.25,1.54,1.59,34,991
2025-01-22,AAPL,2025-03-23,P,131.96,149.95,0.268363,-0.1,1.59,1.63,181,1976
2025-01-23,AAPL,2025-02-17,C,166.79,148.92,0.218718,0.1,1.28,1.32,154,3425
2025-01-23,AAPL,2025-02-17,C,157.86,148.92,0.223216,0.25,1.31,1.35,12,4774
2025-01-23,AAPL,2025-02-17,C,148.92,148.92,0.23821,0.5,1.4,1.44,99,503
2025-01-23,AAPL,2025-02-17,P,148.92,148.92,0.23821,-0.5,1.39,1.45,292,4406
2025-01-23,AAPL,2025-02-17,P,139.99,148.92,0.253203,-0.25,1.49,1.53,239,1018
2025-01-23,AAPL,2025-02-17,P,131.05,148.92,0.2592,-0.1,1.52,1.57,239,2614
2025-01-23,AAPL,2025-02-24,C,166.79,148.92,0.221518,0.1,1.29,1.34,227,1304
2025-01-23,AAPL,2025-02-24,C,157.86,148.92,0.226016,0.25,1.33,1.37,5,2412
2025-01-23,AAPL,2025-02-24,C,148.92,148.92,0.24101,0.5,1.41,1.47,123,3266
2025-01-23,AAPL,2025-02-24,P,148.92,148.92,0.24101,-0.5,1.41,1.46,441,562
2025-01-23,AAPL,2025-02-24,P,139.99,148.92,0.256003,-0.25,1.5,1.55,68,1480
2025-01-23,AAPL,2025-02-24,P,131.05,148.92,0.262,-0.1,1.53,1.59,151,4384
2025-01-23,AAPL,2025-03-24,C,166.79,148.92,0.232718,0.1,1.36,1.42,53,4922
2025-01-23,AAPL,2025-03-24,C,157.86,148.92,0.237216,0.25,1.38,1.44,178,4765
2025-01-23,AAPL,2025-03-24,C,148.92,148.92,0.25221,0.5,1.48,1.52,205,697
2025-01-23,AAPL,2025-03-24,P,148.92,148.92,0.25221,-0.5,1.48,1.53,111,2768
2025-01-23,AAPL,2025-03-24,P,139.99,148.92,0.267203,-0.25,1.57,1.61,408,4230
2025-01-23,AAPL,2025-03-24,P,131.05,148.92,0.2732,-0.1,1.6,1.65,201,2716
2025-01-24,AAPL,2025-02-18,C,167.29,149.37,0.215247,0.1,1.26,1.31,227,809
2025-01-24,AAPL,2025-02-18,C,158.33,149.37,0.219084,0.25,1.28,1.34,188,2925
2025-01-24,AAPL,2025-02-18,C,149.37,149.37,0.231874,0.5,1.36,1.41,370,1487
2025-01-24,AAPL,2025-02-18,P,149.37,149.37,0.231874,-0.5,1.36,1.41,417,2030
2025-01-24,AAPL,2025-02-18,P,140.4,149.37,0.244665,-0.25,1.43,1.49,16,3864
2025-01-24,AAPL,2025-02-18,P,131.44,149.37,0.249781,-0.1,1.47,1.51,302,4708
2025-01-24,AAPL,2025-02-25,C,167.29,149.37,0.218047,0.1,1.28,1.32,117,4481
2025-01-24,AAPL,2025-02-25,C,158.33,149.37,0.221884,0.25,1.3,1.35,193,1330
2025-01-24,AAPL,2025-02-25,C,149.37,149.37,0.234674,0.5,1.37,1.43,309,905
2025-01-24,AAPL,2025-02-25,P,149.37,149.37,0.234674,-0.5,1.38,1.43,31,2254
2025-01-24,AAPL,2025-02-25,P,140.4,149.37,0.247465,-0.25,1.46,1.5,439,3554
2025-01-24,AAPL,2025-02-25,P,131.44,149.37,0.252581,-0.1,1.48,1.54,287,4374
2025-01-24,AAPL,2025-03-25,C,167.29,149.37,0.229247,0.1,1.35,1.39,267,2658
2025-01-24,AAPL,2025-03-25,C,158.33,149.37,0.233084,0.25,1.37,1.42,167,1231
2025-01-24,AAPL,2025-03-25,C,149.37,149.37,0.245874,0.5,1.45,1.49,19,4700
2025-01-24,AAPL,2025-03-25,P,149.37,149.37,0.245874,-0.5,1.44,1.5,2,3889
2025-01-24,AAPL,2025-03-25,P,140.4,149.37,0.258665,-0.25,1.52,1.57,141,2458
2025-01-24,AAPL,2025-03-25,P,131.44,149.37,0.263781,-0.1,1.55,1.6,197,2687
2025-01-27,AAPL,2025-02-21,C,166.0,148.22,0.216021,0.1,1.26,1.3,180,637
2025-01-27,AAPL,2025-02-21,C,157.11,148.22,0.220289,0.25,1.28,1.34,45,2415
2025-01-27,AAPL,2025-02-21,C,148.22,148.22,0.234516,0.5,1.36,1.42,74,826
2025-01-27,AAPL,2025-02-21,P,148.22,148.22,0.234516,-0.5,1.36,1.42,479,1046
2025-01-27,AAPL,2025-02-21,P,139.32,148.22,0.248743,-0.25,1.45,1.5,437,159
2025-01-27,AAPL,2025-02-21,P,130.43,148.22,0.254434,-0.1,1.49,1.53,79,4585
2025-01-27,AAPL,2025-02-28,C,166.0,148.22,0.218821,0.1,1.27,1.32,457,3044
2025-01-27,AAPL,2025-02-28,C,157.11,148.22,0.223089,0.25,1.3,1.35,485,2008
2025-01-27,AAPL,2025-02-28,C,148.22,148.22,0.237316,0.5,1.38,1.43,330,944
2025-01-27,AAPL,2025-02-28,P,148.22,148.22,0.237316,-0.5,1.38,1.44,72,4093
2025-01-27,AAPL,2025-02-28,P,139.32,148.22,0.251543,-0.25,1.46,1.52,186,2349
2025-01-27,AAPL,2025-02-28,P,130.43,148.22,0.257234,-0.1,1.5,1.55,414,4604
2025-01-27,AAPL,2025-03-28,C,166.0,148.22,0.230021,0.1,1.34,1.39,280,260
2025-01-27,AAPL,2025-03-28,C,157.11,148.22,0.234289,0.25,1.37,1.41,29,3974
2025-01-27,AAPL,2025-03-28,C,148.22,148.22,0.248516,0.5,1.45,1.5,27,3756
2025-01-27,AAPL,2025-03-28,P,148.22,148.22,0.248516,-0.5,1.45,1.5,413,1067
2025-01-27,AAPL,2025-03-28,P,139.32,148.22,0.262743,-0.25,1.53,1.59,265,2195
2025-01-27,AAPL,2025-03-28,P,130.43,148.22,0.268434,-0.1,1.57,1.62,377,21
2025-01-28,AAPL,2025-02-22,C,167.18,149.27,0.204187,0.1,1.2,1.24,439,319
2025-01-28,AAPL,2025-02-22,C,158.23,149.27,0.207266,0.25,1.21,1.26,399,653
2025-01-28,AAPL,2025-02-22,C,149.27,149.27,0.217529,0.5,1.28,1.32,394,3165
2025-01-28,AAPL,2025-02-22,P,149.27,149.27,0.217529,-0.5,1.27,1.32,77,4610
2025-01-28,AAPL,2025-02-22,P,140.31,149.27,0.227792,-0.25,1.34,1.38,207,3633
2025-01-28,AAPL,2025-02-22,P,131.36,149.27,0.231897,-0.1,1.36,1.41,152,3303
2025-01-28,AAPL,2025-03-01,C,167.18,149.27,0.206987,0.1,1.21,1.26,37,2369
2025-01-28,AAPL,2025-03-01,C,158.23,149.27,0.210066,0.25,1.22,1.28,263,1720
2025-01-28,AAPL,2025-03-01,C,149.27,149.27,0.220329,0.5,1.29,1.34,46,3393
2025-01-28,AAPL,2025-03-01,P,149.27,149.27,0.220329,-0.5,1.29,1.34,292,210
2025-01-28,AAPL,2025-03-01,P,140.31,149.27,0.230592,-0.25,1.35,1.4,145,4463
2025-01-28,AAPL,2025-03-01,P,131.36,149.27,0.234697,-0.1,1.37,1.43,139,4959
2025-01-28,AAPL,2025-03-29,C,167.18,149.27,0.218187,0.1,1.28,1.33,375,3303
2025-01-28,AAPL,2025-03-29,C,158.23,149.27,0.221266,0.25,1.3,1.34,181,4738
2025-01-28,AAPL,2025-03-29,C,149.27,149.27,0.231529,0.5,1.36,1.41,367,3695
2025-01-28,AAPL,2025-03-29,P,149.27,149.27,0.231529,-0.5,1.36,1.41,447,2813
2025-01-28,AAPL,2025-03-29,P,140.31,149.27,0.241792,-0.25,1.42,1.47,295,2549
2025-01-28,AAPL,2025-03-29,P,131.36,149.27,0.245897,-0.1,1.44,1.5,165,2102
2025-01-29,AAPL,2025-02-23,C,167.11,149.21,0.223371,0.1,1.31,1.36,348,2046
2025-01-29,AAPL,2025-02-23,C,158.16,149.21,0.226542,0.25,1.33,1.38,130,637
2025-01-29,AAPL,2025-02-23,C,149.21,149.21,0.237111,0.5,1.39,1.44,163,3340
2025-01-29,AAPL,2025-02-23,P,149.21,149.21,0.237111,-0.5,1.39,1.44,366,3317
2025-01-29,AAPL,2025-02-23,P,140.26,149.21,0.24768,-0.25,1.46,1.5,443,1639
2025-01-29,AAPL,2025-02-23,P,131.3,149.21,0.251908,-0.1,1.48,1.53,82,3892
2025-01-29,AAPL,2025-03-02,C,167.11,149.21,0.226171,0.1,1.32,1.38,375,1240
2025-01-29,AAPL,2025-03-02,C,158.16,149.21,0.229342,0.25,1.34,1.4,86,655
2025-01-29,AAPL,2025-03-02,C,149.21,149.21,0.239911,0.5,1.41,1.45,383,701
2025-01-29,AAPL,2025-03-02,P,149.21,149.21,0.239911,-0.5,1.41,1.45,141,3376
2025-01-29,AAPL,2025-03-02,P,140.26,149.21,0.25048,-0.25,1.47,1.52,371,1020
2025-01-29,AAPL,2025-03-02,P,131.3,149.21,0.254708,-0.1,1.49,1.55,273,3509
2025-01-29,AAPL,2025-03-30,C,167.11,149.21,0.237371,0.1,1.39,1.45,291,3054
2025-01-29,AAPL,2025-03-30,C,158.16,149.21,0.240542,0.25,1.41,1.46,154,3131
2025-01-29,AAPL,2025-03-30,C,149.21,149.21,0.251111,0.5,1.48,1.52,359,4880
2025-01-29,AAPL,2025-03-30,P,149.21,149.21,0.251111,-0.5,1.47,1.52,220,3430
2025-01-29,AAPL,2025-03-30,P,140.26,149.21,0.26168,-0.25,1.54,1.58,270,2006
2025-01-29,AAPL,2025-03-30,P,131.3,149.21,0.265908,-0.1,1.56,1.62,481,3055
2025-01-30,AAPL,2025-02-24,C,166.87,148.99,0.213559,0.1,1.24,1.3,423,4271
2025-01-30,AAPL,2025-02-24,C,157.93,148.99,0.217268,0.25,1.27,1.32,428,2727
2025-01-30,AAPL,2025-02-24,C,148.99,148.99,0.229633,0.5,1.34,1.39,221,3164
2025-01-30,AAPL,2025-02-24,P,148.99,148.99,0.229633,-0.5,1.35,1.39,404,1228
2025-01-30,AAPL,2025-02-24,P,140.05,148.99,0.241999,-0.25,1.41,1.47,477,4620
2025-01-30,AAPL,2025-02-24,P,131.11,148.99,0.246945,-0.1,1.44,1.5,468,4891
2025-01-30,AAPL,2025-03-03,C,166.87,148.99,0.216359,0.1,1.26,1.32,498,3825
2025-01-30,AAPL,2025-03-03,C,157.93,148.99,0.220068,0.25,1.28,1.34,53,2408
2025-01-30,AAPL,2025-03-03,C,148.99,148.99,0.232433,0.5,1.36,1.41,350,1208
2025-01-30,AAPL,2025-03-03,P,148.99,148.99,0.232433,-0.5,1.36,1.41,317,1453
2025-01-30,AAPL,2025-03-03,P,140.05,148.99,0.244799,-0.25,1.44,1.48,231,2933
2025-01-30,AAPL,2025-03-03,P,131.11,148.99,0.249745,-0.1,1.46,1.51,143,1102
2025-01-30,AAPL,2025-03-31,C,166.87,148.99,0.227559,0.1,1.33,1.38,146,4304
2025-01-30,AAPL,2025-03-31,C,157.93,148.99,0.231268,0.25,1.36,1.4,183,47
2025-01-30,AAPL,2025-03-31,C,148.99,148.99,0.243633,0.5,1.43,1.48,227,3989
2025-01-30,AAPL,2025-03-31,P,148.99,148.99,0.243633,-0.5,1.42,1.48,118,700
2025-01-30,AAPL,2025-03-31,P,140.05,148.99,0.255999,-0.25,1.5,1.55,302,587
2025-01-30,AAPL,2025-03-31,P,131.11,148.99,0.260945,-0.1,1.53,1.58,225,4993
2025-01-31,AAPL,2025-02-25,C,165.95,148.17,0.21052,0.1,1.23,1.27,14,2119
2025-01-31,AAPL,2025-02-25,C,157.06,148.17,0.213702,0.25,1.24,1.29,438,4665
2025-01-31,AAPL,2025-02-25,C,148.17,148.17,0.224307,0.5,1.3,1.36,316,357
2025-01-31,AAPL,2025-02-25,P,148.17,148.17,0.224307,-0.5,1.31,1.35,294,3955
2025-01-31,AAPL,2025-02-25,P,139.28,148.17,0.234912,-0.25,1.37,1.41,238,4425
2025-01-31,AAPL,2025-02-25,P,130.39,148.17,0.239154,-0.1,1.39,1.44,226,568
2025-01-31,AAPL,2025-03-04,C,165.95,148.17,0.21332,0.1,1.24,1.29,288,890
2025-01-31,AAPL,2025-03-04,C,157.06,148.17,0.216502,0.25,1.26,1.31,253,2765
2025-01-31,AAPL,2025-03-04,C,148.17,148.17,0.227107,0.5,1.32,1.37,148,3433
2025-01-31,AAPL,2025-03-04,P,148.17,148.17,0.227107,-0.5,1.32,1.37,1,4960
2025-01-31,AAPL,2025-03-04,P,139.28,148.17,0.237712,-0.25,1.38,1.44,16,2587
2025-01-31,AAPL,2025-03-04,P,130.39,148.17,0.241954,-0.1,1.41,1.45,342,3641
2025-01-31,AAPL,2025-04-01,C,165.95,148.17,0.22452,0.1,1.3,1.36,160,1598
2025-01-31,AAPL,2025-04-01,C,157.06,148.17,0.227702,0.25,1.32,1.37,89,2129
2025-01-31,AAPL,2025-04-01,C,148.17,148.17,0.238307,0.5,1.39,1.43,184,3364
2025-01-31,AAPL,2025-04-01,P,148.17,148.17,0.238307,-0.5,1.39,1.44,162,3939
2025-01-31,AAPL,2025-04-01,P,139.28,148.17,0.248912,-0.25,1.45,1.5,453,4107
2025-01-31,AAPL,2025-04-01,P,130.39,148.17,0.253154,-0.1,1.48,1.52,197,1614
2025-02-03,AAPL,2025-02-28,C,167.59,149.64,0.249162,0.1,1.46,1.52,84,2461
2025-02-03,AAPL,2025-02-28,C,158.62,149.64,0.251735,0.25,1.48,1.54,134,728
2025-02-03,AAPL,2025-02-28,C,149.64,149.64,0.260311,0.5,1.53,1.59,457,489
2025-02-03,AAPL,2025-02-28,P,149.64,149.64,0.260311,-0.5,1.54,1.58,154,2673
2025-02-03,AAPL,2025-02-28,P,140.66,149.64,0.268887,-0.25,1.59,1.63,255,273
2025-02-03,AAPL,2025-02-28,P,131.68,149.64,0.272317,-0.1,1.61,1.65,44,2187
2025-02-03,AAPL,2025-03-07,C,167.59,149.64,0.251962,0.1,1.48,1.54,50,183
2025-02-03,AAPL,2025-03-07,C,158.62,149.64,0.254535,0.25,1.5,1.55,373,4117
2025-02-03,AAPL,2025-03-07,C,149.64,149.64,0.263111,0.5,1.55,1.6,14,742
2025-02-03,AAPL,2025-03-07,P,149.64,149.64,0.263111,-0.5,1.55,1.6,134,4117
2025-02-03,AAPL,2025-03-07,P,140.66,149.64,0.271687,-0.25,1.6,1.65,227,4097
2025-02-03,AAPL,2025-03-07,P,131.68,149.64,0.275117,-0.1,1.63,1.67,212,1978
2025-02-03,AAPL,2025-04-04,C,167.59,149.64,0.263162,0.1,1.55,1.6,294,1294
2025-02-03,AAPL,2025-04-04,C,158.62,149.64,0.265735,0.25,1.56,1.62,101,2525
2025-02-03,AAPL,2025-04-04,C,149.64,149.64,0.274311,0.5,1.61,1.67,357,2328
2025-02-03,AAPL,2025-04-04,P,149.64,149.64,0.274311,-0.5,1.62,1.67,206,1103
2025-02-03,AAPL,2025-04-04,P,140.66,149.64,0.282887,-0.25,1.67,1.72,324,3759
2025-02-03,AAPL,2025-04-04,P,131.68,149.64,0.286317,-0.1,1.69,1.73,380,439
2025-02-04,AAPL,2025-03-01,C,167.39,149.45,0.222515,0.1,1.31,1.35,22,4117
2025-02-04,AAPL,2025-03-01,C,158.42,149.45,0.224758,0.25,1.32,1.37,349,4952
2025-02-04,AAPL,2025-03-01,C,149.45,149.45,0.232236,0.5,1.37,1.41,493,3271
2025-02-04,AAPL,2025-03-01,P,149.45,149.45,0.232236,-0.5,1.36,1.41,459,1970
2025-02-04,AAPL,2025-03-01,P,140.49,149.45,0.239714,-0.25,1.4,1.46,476,4878
2025-02-04,AAPL,2025-03-01,P,131.52,149.45,0.242706,-0.1,1.42,1.48,227,969
2025-02-04,AAPL,2025-03-08,C,167.39,149.45,0.225315,0.1,1.32,1.37,237,3283
2025-02-04,AAPL,2025-03-08,C,158.42,149.45,0.227558,0.25,1.34,1.38,126,3676
2025-02-04,AAPL,2025-03-08,C,149.45,149.45,0.235036,0.5,1.38,1.43,373,2759
2025-02-04,AAPL,2025-03-08,P,149.45,149.45,0.235036,-0.5,1.38,1.43,186,3555
2025-02-04,AAPL,2025-03-08,P,140.49,149.45,0.242514,-0.25,1.43,1.47,265,256
2025-02-04,AAPL,2025-03-08,P,131.52,149.45,0.245506,-0.1,1.44,1.49,186,2436
2025-02-04,AAPL,2025-04-05,C,167.39,149.45,0.236515,0.1,1.39,1.44,144,2099
2025-02-04,AAPL,2025-04-05,C,158.42,149.45,0.238758,0.25,1.4,1.45,52,4134
2025-02-04,AAPL,2025-04-05,C,149.45,149.45,0.246236,0.5,1.45,1.5,79,1932
2025-02-04,AAPL,2025-04-05,P,149.45,149.45,0.246236,-0.5,1.45,1.49,67,2614
2025-02-04,AAPL,2025-04-05,P,140.49,149.45,0.253714,-0.25,1.49,1.54,225,2824
2025-02-04,AAPL,2025-04-05,P,131.52,149.45,0.256706,-0.1,1.51,1.56,422,339
2025-02-05,AAPL,2025-03-02,C,166.81,148.94,0.224956,0.1,1.32,1.36,299,4473
2025-02-05,AAPL,2025-03-02,C,157.87,148.94,0.227929,0.25,1.33,1.38,389,868
2025-02-05,AAPL,2025-03-02,C,148.94,148.94,0.23784,0.5,1.39,1.45,48,2355
2025-02-05,AAPL,2025-03-02,P,148.94,148.94,0.23784,-0.5,1.39,1.44,420,4678
2025-02-05,AAPL,2025-03-02,P,140.0,148.94,0.247751,-0.25,1.46,1.5,170,1083
2025-02-05,AAPL,2025-03-02,P,131.07,148.94,0.251716,-0.1,1.47,1.53,232,985
2025-02-05,AAPL,2025-03-09,C,166.81,148.94,0.227756,0.1,1.33,1.38,14,1078
2025-02-05,AAPL,2025-03-09,C,157.87,148.94,0.230729,0.25,1.35,1.4,207,1042
2025-02-05,AAPL,2025-03-09,C,148.94,148.94,0.24064,0.5,1.41,1.46,261,888
2025-02-05,AAPL,2025-03-09,P,148.94,148.94,0.24064,-0.5,1.41,1.45,326,4302
2025-02-05,AAPL,2025-03-09,P,140.0,148.94,0.250551,-0.25,1.47,1.52,172,1810
2025-02-05,AAPL,2025-03-09,P,131.07,148.94,0.254516,-0.1,1.5,1.54,263,1793
2025-02-05,AAPL,2025-04-06,C,166.81,148.94,0.238956,0.1,1.4,1.45,464,3056
2025-02-05,AAPL,2025-04-06,C,157.87,148.94,0.241929,0.25,1.42,1.46,400,4442
2025-02-05,AAPL,2025-04-06,C,148.94,148.94,0.25184,0.5,1.47,1.53,350,508
2025-02-05,AAPL,2025-04-06,P,148.94,148.94,0.25184,-0.5,1.48,1.52,26,585
2025-02-05,AAPL,2025-04-06,P,140.0,148.94,0.261751,-0.25,1.53,1.59,204,618
2025-02-05,AAPL,2025-04-06,P,131.07,148.94,0.265716,-0.1,1.55,1.61,481,3773
2025-02-06,AAPL,2025-03-03,C,166.34,148.52,0.243911,0.1,1.42,1.47,72,4983
2025-02-06,AAPL,2025-03-03,C,157.43,148.52,0.247014,0.25,1.45,1.49,105,2012
2025-02-06,AAPL,2025-03-03,C,148.52,148.52,0.257358,0.5,1.51,1.55,234,4743
2025-02-06,AAPL,2025-03-03,P,148.52,148.52,0.257358,-0.5,1.5,1.55,457,4032
2025-02-06,AAPL,2025-03-03,P,139.6,148.52,0.267703,-0.25,1.57,1.61,400,4893
2025-02-06,AAPL,2025-03-03,P,130.69,148.52,0.27184,-0.1,1.59,1.64,265,2473
2025-02-06,AAPL,2025-03-10,C,166.34,148.52,0.246711,0.1,1.44,1.5,478,1909
2025-02-06,AAPL,2025-03-10,C,157.43,148.52,0.249814,0.25,1.46,1.51,397,2927
2025-02-06,AAPL,2025-03-10,C,148.52,148.52,0.260158,0.5,1.52,1.57,327,1612
2025-02-06,AAPL,2025-03-10,P,148.52,148.52,0.260158,-0.5,1.52,1.57,490,525
2025-02-06,AAPL,2025-03-10,P,139.6,148.52,0.270503,-0.25,1.58,1.64,16,2950
2025-02-06,AAPL,2025-03-10,P,130.69,148.52,0.27464,-0.1,1.61,1.66,333,2049
2025-02-06,AAPL,2025-04-07,C,166.34,148.52,0.257911,0.1,1.51,1.56,400,3169
2025-02-06,AAPL,2025-04-07,C,157.43,148.52,0.261014,0.25,1.52,1.58,401,4664
2025-02-06,AAPL,2025-04-07,C,148.52,148.52,0.271358,0.5,1.59,1.64,386,1653
2025-02-06,AAPL,2025-04-07,P,148.52,148.52,0.271358,-0.5,1.59,1.64,484,2843
2025-02-06,AAPL,2025-04-07,P,139.6,148.52,0.281703,-0.25,1.65,1.7,146,3297
2025-02-06,AAPL,2025-04-07,P,130.69,148.52,0.28584,-0.1,1.67,1.72,185,1610
2025-02-07,AAPL,2025-03-04,C,167.05,149.15,0.241243,0.1,1.42,1.46,266,482
2025-02-07,AAPL,2025-03-04,C,158.1,149.15,0.243176,0.25,1.43,1.47,250,3618
2025-02-07,AAPL,2025-03-04,C,149.15,149.15,0.249617,0.5,1.47,1.51,431,1080
2025-02-07,AAPL,2025-03-04,P,149.15,149.15,0.249617,-0.5,1.46,1.51,379,3780
2025-02-07,AAPL,2025-03-04,P,140.21,149.15,0.256059,-0.25,1.51,1.55,263,4135
2025-02-07,AAPL,2025-03-04,P,131.26,149.15,0.258636,-0.1,1.51,1.57,91,2990
2025-02-07,AAPL,2025-03-11,C,167.05,149.15,0.244043,0.1,1.43,1.48,496,272
2025-02-07,AAPL,2025-03-11,C,158.1,149.15,0.245976,0.25,1.44,1.5,423,1968
2025-02-07,AAPL,2025-03-11,C,149.15,149.15,0.252417,0.5,1.48,1.54,460,2899
2025-02-07,AAPL,2025-03-11,P,149.15,149.15,0.252417,-0.5,1.49,1.53,308,202
2025-02-07,AAPL,2025-03-11,P,140.21,149.15,0.258859,-0.25,1.52,1.57,456,2817
2025-02-07,AAPL,2025-03-11,P,131.26,149.15,0.261436,-0.1,1.54,1.58,168,3719
2025-02-07,AAPL,2025-04-08,C,167.05,149.15,0.255243,0.1,1.49,1.55,120,2487
2025-02-07,AAPL,2025-04-08,C,158.1,149.15,0.257176,0.25,1.51,1.56,226,37
2025-02-07,AAPL,2025-04-08,C,149.15,149.15,0.263617,0.5,1.54,1.6,468,1660
2025-02-07,AAPL,2025-04-08,P,149.15,149.15,0.263617,-0.5,1.54,1.6,494,1871
2025-02-07,AAPL,2025-04-08,P,140.21,149.15,0.270059,-0.25,1.59,1.64,30,1359
2025-02-07,AAPL,2025-04-08,P,131.26,149.15,0.272636,-0.1,1.6,1.65,217,3876
2025-02-10,AAPL,2025-03-07,C,167.54,149.59,0.197949,0.1,1.16,1.21,121,4827
2025-02-10,AAPL,2025-03-07,C,158.57,149.59,0.199821,0.25,1.17,1.23,396,4279
2025-02-10,AAPL,2025-03-07,C,149.59,149.59,0.206062,0.5,1.21,1.25,465,2975
2025-02-10,AAPL,2025-03-07,P,149.59,149.59,0.206062,-0.5,1.2,1.26,290,1878
2025-02-10,AAPL,2025-03-07,P,140.62,149.59,0.212303,-0.25,1.25,1.29,195,4056
2025-02-10,AAPL,2025-03-07,P,131.64,149.59,0.214799,-0.1,1.26,1.31,122,2826
2025-02-10,AAPL,2025-03-14,C,167.54,149.59,0.200749,0.1,1.17,1.23,364,3039
2025-02-10,AAPL,2025-03-14,C,158.57,149.59,0.202621,0.25,1.19,1.24,467,1856
2025-02-10,AAPL,2025-03-14,C,149.59,149.59,0.208862,0.5,1.23,1.27,65,600
2025-02-10,AAPL,2025-03-14,P,149.59,149.59,0.208862,-0.5,1.22,1.28,111,4190
2025-02-10,AAPL,2025-03-14,P,140.62,149.59,0.215103,-0.25,1.26,1.31,353,1525
2025-02-10,AAPL,2025-03-14,P,131.64,149.59,0.217599,-0.1,1.27,1.33,33,129
2025-02-10,AAPL,2025-04-11,C,167.54,149.59,0.211949,0.1,1.24,1.29,253,2323
2025-02-10,AAPL,2025-04-11,C,158.57,149.59,0.213821,0.25,1.25,1.31,290,825
2025-02-10,AAPL,2025-04-11,C,149.59,149.59,0.220062,0.5,1.29,1.34,57,1889
2025-02-10,AAPL,2025-04-11,P,149.59,149.59,0.220062,-0.5,1.29,1.34,69,210
2025-02-10,AAPL,2025-04-11,P,140.62,149.59,0.226303,-0.25,1.33,1.38,480,2616
2025-02-10,AAPL,2025-04-11,P,131.64,149.59,0.228799,-0.1,1.35,1.39,224,706
2025-02-11,AAPL,2025-03-08,C,168.1,150.09,0.236629,0.1,1.4,1.44,93,493
2025-02-11,AAPL,2025-03-08,C,159.09,150.09,0.239514,0.25,1.41,1.47,100,2030
2025-02-11,AAPL,2025-03-08,C,150.09,150.09,0.24913,0.5,1.47,1.52,208,4872
2025-02-11,AAPL,2025-03-08,P,150.09,150.09,0.24913,-0.5,1.47,1.52,291,3261
2025-02-11,AAPL,2025-03-08,P,141.08,150.09,0.258747,-0.25,1.52,1.58,442,3174
2025-02-11,AAPL,2025-03-08,P,132.08,150.09,0.262594,-0.1,1.55,1.6,67,2161
2025-02-11,AAPL,2025-03-15,C,168.1,150.09,0.239429,0.1,1.42,1.46,103,2677
2025-02-11,AAPL,2025-03-15,C,159.09,150.09,0.242314,0.25,1.42,1.48,239,4793
2025-02-11,AAPL,2025-03-15,C,150.09,150.09,0.25193,0.5,1.49,1.53,102,3531
2025-02-11,AAPL,2025-03-15,P,150.09,150.09,0.25193,-0.5,1.49,1.54,261,4515
2025-02-11,AAPL,2025-03-15,P,141.08,150.09,0.261547,-0.25,1.55,1.59,156,4680
2025-02-11,AAPL,2025-03-15,P,132.08,150.09,0.265394,-0.1,1.56,1.62,455,596
2025-02-11,AAPL,2025-04-12,C,168.1,150.09,0.250629,0.1,1.48,1.53,3,4175
2025-02-11,AAPL,2025-04-12,C,159.09,150.09,0.253514,0.25,1.5,1.54,361,2679
2025-02-11,AAPL,2025-04-12,C,150.09,150.09,0.26313,0.5,1.55,1.61,435,2841
2025-02-11,AAPL,2025-04-12,P,150.09,150.09,0.26313,-0.5,1.56,1.6,396,2230
2025-02-11,AAPL,2025-04-12,P,141.08,150.09,0.272747,-0.25,1.62,1.66,86,4844
2025-02-11,AAPL,2025-04-12,P,132.08,150.09,0.276594,-0.1,1.64,1.68,395,954
2025-02-12,AAPL,2025-03-09,C,168.68,150.61,0.226981,0.1,1.34,1.4,100,480
2025-02-12,AAPL,2025-03-09,C,159.64,150.61,0.230829,0.25,1.36,1.42,64,3542
2025-02-12,AAPL,2025-03-09,C,150.61,150.61,0.243654,0.5,1.44,1.5,64,4879
2025-02-12,AAPL,2025-03-09,P,150.61,150.61,0.243654,-0.5,1.44,1.5,181,4717
2025-02-12,AAPL,2025-03-09,P,141.57,150.61,0.256479,-0.25,1.52,1.57,461,3980
2025-02-12,AAPL,2025-03-09,P,132.53,150.61,0.261609,-0.1,1.55,1.6,194,2722
2025-02-12,AAPL,2025-03-16,C,168.68,150.61,0.229781,0.1,1.36,1.41,108,4859
2025-02-12,AAPL,2025-03-16,C,159.64,150.61,0.233629,0.25,1.38,1.43,382,2419
2025-02-12,AAPL,2025-03-16,C,150.61,150.61,0.246454,0.5,1.46,1.51,431,1937
2025-02-12,AAPL,2025-03-16,P,150.61,150.61,0.246454,-0.5,1.46,1.51,98,1963
2025-02-12,AAPL,2025-03-16,P,141.57,150.61,0.259279,-0.25,1.54,1.58,362,396
2025-02-12,AAPL,2025-03-16,P,132.53,150.61,0.264409,-0.1,1.57,1.62,362,2235
2025-02-12,AAPL,2025-04-13,C,168.68,150.61,0.240981,0.1,1.42,1.48,417,3064
2025-02-12,AAPL,2025-04-13,C,159.64,150.61,0.244829,0.25,1.45,1.5,158,796
2025-02-12,AAPL,2025-04-13,C,150.61,150.61,0.257654,0.5,1.53,1.57,142,4878
2025-02-12,AAPL,2025-04-13,P,150.61,150.61,0.257654,-0.5,1.53,1.57,192,2583
2025-02-12,AAPL,2025-04-13,P,141.57,150.61,0.270479,-0.25,1.6,1.66,435,4886
2025-02-12,AAPL,2025-04-13,P,132.53,150.61,0.275609,-0.1,1.64,1.68,281,255
2025-02-13,AAPL,2025-03-10,C,171.56,153.18,0.215352,0.1,1.3,1.34,75,983
2025-02-13,AAPL,2025-03-10,C,162.37,153.18,0.219872,0.25,1.32,1.37,182,4563
2025-02-13,AAPL,2025-03-10,C,153.18,153.18,0.234939,0.5,1.41,1.46,330,3133
2025-02-13,AAPL,2025-03-10,P,153.18,153.18,0.234939,-0.5,1.42,1.46,254,4004
2025-02-13,AAPL,2025-03-10,P,143.98,153.18,0.250006,-0.25,1.51,1.56,326,4322
2025-02-13,AAPL,2025-03-10,P,134.79,153.18,0.256033,-0.1,1.54,1.6,64,1746
2025-02-13,AAPL,2025-03-17,C,171.56,153.18,0.218152,0.1,1.32,1.36,236,1137
2025-02-13,AAPL,2025-03-17,C,162.37,153.18,0.222672,0.25,1.34,1.39,310,4729
2025-02-13,AAPL,2025-03-17,C,153.18,153.18,0.237739,0.5,1.43,1.48,163,3856
2025-02-13,AAPL,2025-03-17,P,153.18,153.18,0.237739,-0.5,1.43,1.48,212,922
2025-02-13,AAPL,2025-03-17,P,143.98,153.18,0.252806,-0.25,1.53,1.57,93,3269
2025-02-13,AAPL,2025-03-17,P,134.79,153.18,0.258833,-0.1,1.56,1.61,81,2179
2025-02-13,AAPL,2025-04-14,C,171.56,153.18,0.229352,0.1,1.38,1.43,384,3612
2025-02-13,AAPL,2025-04-14,C,162.37,153.18,0.233872,0.25,1.41,1.45,357,4683
2025-02-13,AAPL,2025-04-14,C,153.18,153.18,0.248939,0.5,1.5,1.55,411,545
2025-02-13,AAPL,2025-04-14,P,153.18,153.18,0.248939,-0.5,1.5,1.55,266,2602
2025-02-13,AAPL,2025-04-14,P,143.98,153.18,0.264006,-0.25,1.59,1.64,468,2188
2025-02-13,AAPL,2025-04-14,P,134.79,153.18,0.270033,-0.1,1.62,1.68,50,2436
2025-02-14,AAPL,2025-03-11,C,171.01,152.69,0.235196,0.1,1.41,1.46,486,343
2025-02-14,AAPL,2025-03-11,C,161.85,152.69,0.239723,0.25,1.44,1.49,121,1147
2025-02-14,AAPL,2025-03-11,C,152.69,152.69,0.254813,0.5,1.53,1.58,305,263
2025-02-14,AAPL,2025-03-11,P,152.69,152.69,0.254813,-0.5,1.53,1.59,9,2350
2025-02-14,AAPL,2025-03-11,P,143.53,152.69,0.269902,-0.25,1.62,1.68,142,2383
2025-02-14,AAPL,2025-03-11,P,134.37,152.69,0.275938,-0.1,1.66,1.71,400,4112
2025-02-14,AAPL,2025-03-18,C,171.01,152.69,0.237996,0.1,1.43,1.48,374,3910
2025-02-14,AAPL,2025-03-18,C,161.85,152.69,0.242523,0.25,1.46,1.51,228,3193
2025-02-14,AAPL,2025-03-18,C,152.69,152.69,0.257613,0.5,1.54,1.6,385,3159
2025-02-14,AAPL,2025-03-18,P,152.69,152.69,0.257613,-0.5,1.55,1.6,218,3316
2025-02-14,AAPL,2025-03-18,P,143.53,152.69,0.272702,-0.25,1.64,1.69,465,4803
2025-02-14,AAPL,2025-03-18,P,134.37,152.69,0.278738,-0.1,1.68,1.73,299,2131
2025-02-14,AAPL,2025-04-15,C,171.01,152.69,0.249196,0.1,1.49,1.55,185,2533
2025-02-14,AAPL,2025-04-15,C,161.85,152.69,0.253723,0.25,1.52,1.58,245,2303
2025-02-14,AAPL,2025-04-15,C,152.69,152.69,0.268813,0.5,1.62,1.66,299,3728
2025-02-14,AAPL,2025-04-15,P,152.69,152.69,0.268813,-0.5,1.62,1.66,194,1000
2025-02-14,AAPL,2025-04-15,P,143.53,152.69,0.283902,-0.25,1.71,1.76,57,3738
2025-02-14,AAPL,2025-04-15,P,134.37,152.69,0.289938,-0.1,1.74,1.8,366,1370
2025-02-17,AAPL,2025-03-14,C,170.32,152.07,0.254985,0.1,1.52,1.58,401,780
2025-02-17,AAPL,2025-03-14,C,161.2,152.07,0.258321,0.25,1.55,1.59,198,1463
2025-02-17,AAPL,2025-03-14,C,152.07,152.07,0.26944,0.5,1.61,1.66,95,4415
2025-02-17,AAPL,2025-03-14,P,152.07,152.07,0.26944,-0.5,1.61,1.67,85,3543
2025-02-17,AAPL,2025-03-14,P,142.95,152.07,0.280559,-0.25,1.68,1.73,375,1794
2025-02-17,AAPL,2025-03-14,P,133.82,152.07,0.285006,-0.1,1.71,1.76,401,745
2025-02-17,AAPL,2025-03-21,C,170.32,152.07,0.257785,0.1,1.55,1.59,124,1548
2025-02-17,AAPL,2025-03-21,C,161.2,152.07,0.261121,0.25,1.57,1.61,353,2755
2025-02-17,AAPL,2025-03-21,C,152.07,152.07,0.27224,0.5,1.63,1.68,75,358
2025-02-17,AAPL,2025-03-21,P,152.07,152.07,0.27224,-0.5,1.63,1.68,120,3913
2025-02-17,AAPL,2025-03-21,P,142.95,152.07,0.283359,-0.25,1.7,1.75,55,4077
2025-02-17,AAPL,2025-03-21,P,133.82,152.07,0.287806,-0.1,1.73,1.78,220,4104
2025-02-17,AAPL,2025-04-18,C,170.32,152.07,0.268985,0.1,1.61,1.66,170,1810
2025-02-17,AAPL,2025-04-18,C,161.2,152.07,0.272321,0.25,1.63,1.68,116,2342
2025-02-17,AAPL,2025-04-18,C,152.07,152.07,0.28344,0.5,1.7,1.75,359,1212
2025-02-17,AAPL,2025-04-18,P,152.07,152.07,0.28344,-0.5,1.7,1.75,88,1576
2025-02-17,AAPL,2025-04-18,P,142.95,152.07,0.294559,-0.25,1.77,1.81,183,663
2025-02-17,AAPL,2025-04-18,P,133.82,152.07,0.299006,-0.1,1.79,1.84,350,1521
2025-02-18,AAPL,2025-03-15,C,169.23,151.1,0.192096,0.1,1.14,1.18,270,3818
2025-02-18,AAPL,2025-03-15,C,160.16,151.1,0.195775,0.25,1.15,1.21,183,2494
2025-02-18,AAPL,2025-03-15,C,151.1,151.1,0.208038,0.5,1.23,1.28,12,4337
2025-02-18,AAPL,2025-03-15,P,151.1,151.1,0.208038,-0.5,1.23,1.29,236,3071
2025-02-18,AAPL,2025-03-15,P,142.03,151.1,0.220301,-0.25,1.3,1.36,416,4543
2025-02-18,AAPL,2025-03-15,P,132.96,151.1,0.225206,-0.1,1.33,1.39,180,2310
2025-02-18,AAPL,2025-03-22,C,169.23,151.1,0.194896,0.1,1.16,1.2,355,88
2025-02-18,AAPL,2025-03-22,C,160.16,151.1,0.198575,0.25,1.18,1.22,234,2476
2025-02-18,AAPL,2025-03-22,C,151.1,151.1,0.210838,0.5,1.25,1.3,226,2845
2025-02-18,AAPL,2025-03-22,P,151.1,151.1,0.210838,-0.5,1.25,1.3,321,4184
2025-02-18,AAPL,2025-03-22,P,142.03,151.1,0.223101,-0.25,1.33,1.37,356,1133
2025-02-18,AAPL,2025-03-22,P,132.96,151.1,0.228006,-0.1,1.35,1.41,35,4240
2025-02-18,AAPL,2025-04-19,C,169.23,151.1,0.206096,0.1,1.22,1.28,334,4365
2025-02-18,AAPL,2025-04-19,C,160.16,151.1,0.209775,0.25,1.24,1.3,81,1578
2025-02-18,AAPL,2025-04-19,C,151.1,151.1,0.222038,0.5,1.32,1.37,374,1347
2025-02-18,AAPL,2025-04-19,P,151.1,151.1,0.222038,-0.5,1.32,1.37,314,4694
2025-02-18,AAPL,2025-04-19,P,142.03,151.1,0.234301,-0.25,1.39,1.44,497,2789
2025-02-18,AAPL,2025-04-19,P,132.96,151.1,0.239206,-0.1,1.42,1.47,108,857
2025-02-19,AAPL,2025-03-16,C,170.06,151.84,0.198222,0.1,1.18,1.22,315,4746
2025-02-19,AAPL,2025-03-16,C,160.95,151.84,0.201977,0.25,1.2,1.25,30,4172
2025-02-19,AAPL,2025-03-16,C,151.84,151.84,0.214494,0.5,1.28,1.33,335,967
2025-02-19,AAPL,2025-03-16,P,151.84,151.84,0.214494,-0.5,1.28,1.32,113,4061
2025-02-19,AAPL,2025-03-16,P,142.73,151.84,0.227011,-0.25,1.36,1.4,460,4567
2025-02-19,AAPL,2025-03-16,P,133.62,151.84,0.232018,-0.1,1.39,1.43,150,3391
2025-02-19,AAPL,2025-03-23,C,170.06,151.84,0.201022,0.1,1.19,1.25,210,1183
2025-02-19,AAPL,2025-03-23,C,160.95,151.84,0.204777,0.25,1.22,1.27,171,4822
2025-02-19,AAPL,2025-03-23,C,151.84,151.84,0.217294,0.5,1.3,1.34,3,2155
2025-02-19,AAPL,2025-03-23,P,151.84,151.84,0.217294,-0.5,1.3,1.34,350,1272
2025-02-19,AAPL,2025-03-23,P,142.73,151.84,0.229811,-0.25,1.37,1.42,304,3861
2025-02-19,AAPL,2025-03-23,P,133.62,151.84,0.234818,-0.1,1.4,1.45,369,4177
2025-02-19,AAPL,2025-04-20,C,170.06,151.84,0.212222,0.1,1.27,1.31,338,31
2025-02-19,AAPL,2025-04-20,C,160.95,151.84,0.215977,0.25,1.29,1.34,182,4970
2025-02-19,AAPL,2025-04-20,C,151.84,151.84,0.228494,0.5,1.37,1.41,105,1047
2025-02-19,AAPL,2025-04-20,P,151.84,151.84,0.228494,-0.5,1.36,1.41,364,4051
2025-02-19,AAPL,2025-04-20,P,142.73,151.84,0.241011,-0.25,1.44,1.48,71,1982
2025-02-19,AAPL,2025-04-20,P,133.62,151.84,0.246018,-0.1,1.47,1.52,78,1864
2025-02-20,AAPL,2025-03-17,C,171.57,153.19,0.234731,0.1,1.42,1.46,282,2056
2025-02-20,AAPL,2025-03-17,C,162.38,153.19,0.238749,0.25,1.44,1.49,370,4310
2025-02-20,AAPL,2025-03-17,C,153.19,153.19,0.252141,0.5,1.52,1.57,369,3455
2025-02-20,AAPL,2025-03-17,P,153.19,153.19,0.252141,-0.5,1.52,1.57,83,2065
2025-02-20,AAPL,2025-03-17,P,144.0,153.19,0.265534,-0.25,1.6,1.65,122,4617
2025-02-20,AAPL,2025-03-17,P,134.81,153.19,0.270891,-0.1,1.64,1.68,496,3651
2025-02-20,AAPL,2025-03-24,C,171.57,153.19,0.237531,0.1,1.43,1.48,484,497
2025-02-20,AAPL,2025-03-24,C,162.38,153.19,0.241549,0.25,1.46,1.5,66,1010
2025-02-20,AAPL,2025-03-24,C,153.19,153.19,0.254941,0.5,1.54,1.58,202,2324
2025-02-20,AAPL,2025-03-24,P,153.19,153.19,0.254941,-0.5,1.54,1.59,96,3982
2025-02-20,AAPL,2025-03-24,P,144.0,153.19,0.268334,-0.25,1.62,1.67,269,4015
2025-02-20,AAPL,2025-03-24,P,134.81,153.19,0.273691,-0.1,1.65,1.7,301,1377
2025-02-20,AAPL,2025-04-21,C,171.57,153.19,0.248731,0.1,1.5,1.55,138,683
2025-02-20,AAPL,2025-04-21,C,162.38,153.19,0.252749,0.25,1.52,1.58,257,2016
2025-02-20,AAPL,2025-04-21,C,153.19,153.19,0.266141,0.5,1.61,1.65,202,4234
2025-02-20,AAPL,2025-04-21,P,153.19,153.19,0.266141,-0.5,1.61,1.65,128,185
2025-02-20,AAPL,2025-04-21,P,144.0,153.19,0.279534,-0.25,1.69,1.73,393,3199
2025-02-20,AAPL,2025-04-21,P,134.81,153.19,0.284891,-0.1,1.72,1.77,81,1062
2025-02-21,AAPL,2025-03-18,C,171.42,153.05,0.217635,0.1,1.3,1.36,124,4243
2025-02-21,AAPL,2025-03-18,C,162.24,153.05,0.223001,0.25,1.34,1.39,261,262
2025-02-21,AAPL,2025-03-18,C,153.05,153.05,0.240886,0.5,1.45,1.5,271,1535
2025-02-21,AAPL,2025-03-18,P,153.05,153.05,0.240886,-0.5,1.45,1.5,269,3802
2025-02-21,AAPL,2025-03-18,P,143.87,153.05,0.258772,-0.25,1.56,1.61,61,3906
2025-02-21,AAPL,2025-03-18,P,134.69,153.05,0.265926,-0.1,1.6,1.66,53,3644
2025-02-21,AAPL,2025-03-25,C,171.42,153.05,0.220435,0.1,1.33,1.37,29,4384
2025-02-21,AAPL,2025-03-25,C,162.24,153.05,0.225801,0.25,1.36,1.41,492,3726
2025-02-21,AAPL,2025-03-25,C,153.05,153.05,0.243686,0.5,1.46,1.52,81,3749
2025-02-21,AAPL,2025-03-25,P,153.05,153.05,0.243686,-0.5,1.47,1.51,212,598
2025-02-21,AAPL,2025-03-25,P,143.87,153.05,0.261572,-0.25,1.58,1.62,155,2519
2025-02-21,AAPL,2025-03-25,P,134.69,153.05,0.268726,-0.1,1.62,1.67,253,2917
2025-02-21,AAPL,2025-04-22,C,171.42,153.05,0.231635,0.1,1.39,1.44,416,3936
2025-02-21,AAPL,2025-04-22,C,162.24,153.05,0.237001,0.25,1.42,1.48,399,1241
2025-02-21,AAPL,2025-04-22,C,153.05,153.05,0.254886,0.5,1.53,1.59,145,3393
2025-02-21,AAPL,2025-04-22,P,153.05,153.05,0.254886,-0.5,1.54,1.59,398,950
2025-02-21,AAPL,2025-04-22,P,143.87,153.05,0.272772,-0.25,1.64,1.7,227,4803
2025-02-21,AAPL,2025-04-22,P,134.69,153.05,0.279926,-0.1,1.69,1.74,407,4590
2025-02-24,AAPL,2025-03-21,C,170.29,152.05,0.249261,0.1,1.49,1.54,178,3194
2025-02-24,AAPL,2025-03-21,C,161.17,152.05,0.254925,0.25,1.53,1.58,36,4933
2025-02-24,AAPL,2025-03-21,C,152.05,152.05,0.273804,0.5,1.64,1.69,299,2067
2025-02-24,AAPL,2025-03-21,P,152.05,152.05,0.273804,-0.5,1.64,1.69,49,1427
2025-02-24,AAPL,2025-03-21,P,142.92,152.05,0.292684,-0.25,1.75,1.81,300,1920
2025-02-24,AAPL,2025-03-21,P,133.8,152.05,0.300236,-0.1,1.8,1.86,240,4418
2025-02-24,AAPL,2025-03-28,C,170.29,152.05,0.252061,0.1,1.51,1.56,125,3853
2025-02-24,AAPL,2025-03-28,C,161.17,152.05,0.257725,0.25,1.54,1.59,118,3035
2025-02-24,AAPL,2025-03-28,C,152.05,152.05,0.276604,0.5,1.66,1.71,467,4149
2025-02-24,AAPL,2025-03-28,P,152.05,152.05,0.276604,-0.5,1.66,1.7,228,1108
2025-02-24,AAPL,2025-03-28,P,142.92,152.05,0.295484,-0.25,1.77,1.82,160,2821
2025-02-24,AAPL,2025-03-28,P,133.8,152.05,0.303036,-0.1,1.82,1.87,237,285
2025-02-24,AAPL,2025-04-25,C,170.29,152.05,0.263261,0.1,1.58,1.62,409,4326
2025-02-24,AAPL,2025-04-25,C,161.17,152.05,0.268925,0.25,1.62,1.66,420,1988
2025-02-24,AAPL,2025-04-25,C,152.05,152.05,0.287804,0.5,1.72,1.78,433,263
2025-02-24,AAPL,2025-04-25,P,152.05,152.05,0.287804,-0.5,1.72,1.78,269,1295
2025-02-24,AAPL,2025-04-25,P,142.92,152.05,0.306684,-0.25,1.84,1.89,112,3732
2025-02-24,AAPL,2025-04-25,P,133.8,152.05,0.314236,-0.1,1.88,1.94,149,1087
2025-02-25,AAPL,2025-03-22,C,169.18,151.06,0.218054,0.1,1.29,1.35,399,1236
2025-02-25,AAPL,2025-03-22,C,160.12,151.06,0.224077,0.25,1.33,1.38,204,145
2025-02-25,AAPL,2025-03-22,C,151.06,151.06,0.244153,0.5,1.45,1.5,221,3552
2025-02-25,AAPL,2025-03-22,P,151.06,151.06,0.244153,-0.5,1.45,1.5,186,3722
2025-02-25,AAPL,2025-03-22,P,141.99,151.06,0.26423,-0.25,1.57,1.62,52,2385
2025-02-25,AAPL,2025-03-22,P,132.93,151.06,0.27226,-0.1,1.62,1.67,31,3205
2025-02-25,AAPL,2025-03-29,C,169.18,151.06,0.220854,0.1,1.31,1.36,9,4441
2025-02-25,AAPL,2025-03-29,C,160.12,151.06,0.226877,0.25,1.34,1.4,30,1754
2025-02-25,AAPL,2025-03-29,C,151.06,151.06,0.246953,0.5,1.47,1.52,65,713
2025-02-25,AAPL,2025-03-29,P,151.06,151.06,0.246953,-0.5,1.46,1.52,85,4515
2025-02-25,AAPL,2025-03-29,P,141.99,151.06,0.26703,-0.25,1.58,1.64,413,1667
2025-02-25,AAPL,2025-03-29,P,132.93,151.06,0.27506,-0.1,1.64,1.68,146,1066
2025-02-25,AAPL,2025-04-26,C,169.18,151.06,0.232054,0.1,1.38,1.42,94,609
2025-02-25,AAPL,2025-04-26,C,160.12,151.06,0.238077,0.25,1.42,1.46,31,4949
2025-02-25,AAPL,2025-04-26,C,151.06,151.06,0.258153,0.5,1.54,1.58,16,671
2025-02-25,AAPL,2025-04-26,P,151.06,151.06,0.258153,-0.5,1.53,1.59,367,2905
2025-02-25,AAPL,2025-04-26,P,141.99,151.06,0.27823,-0.25,1.65,1.71,19,3158
2025-02-25,AAPL,2025-04-26,P,132.93,151.06,0.28626,-0.1,1.7,1.76,154,3195
2025-02-26,AAPL,2025-03-23,C,170.06,151.84,0.20611,0.1,1.22,1.28,207,2242
2025-02-26,AAPL,2025-03-23,C,160.95,151.84,0.212727,0.25,1.27,1.32,84,2343
2025-02-26,AAPL,2025-03-23,C,151.84,151.84,0.234784,0.5,1.4,1.45,210,3984
2025-02-26,AAPL,2025-03-23,P,151.84,151.84,0.234784,-0.5,1.4,1.45,211,776
2025-02-26,AAPL,2025-03-23,P,142.73,151.84,0.256842,-0.25,1.54,1.58,399,4211
2025-02-26,AAPL,2025-03-23,P,133.62,151.84,0.265665,-0.1,1.59,1.64,476,3433
2025-02-26,AAPL,2025-03-30,C,170.06,151.84,0.20891,0.1,1.24,1.3,440,397
2025-02-26,AAPL,2025-03-30,C,160.95,151.84,0.215527,0.25,1.28,1.34,104,1545
2025-02-26,AAPL,2025-03-30,C,151.84,151.84,0.237584,0.5,1.42,1.47,226,3447
2025-02-26,AAPL,2025-03-30,P,151.84,151.84,0.237584,-0.5,1.41,1.47,56,1482
2025-02-26,AAPL,2025-03-30,P,142.73,151.84,0.259642,-0.25,1.55,1.6,125,1456
2025-02-26,AAPL,2025-03-30,P,133.62,151.84,0.268465,-0.1,1.6,1.66,142,3113
2025-02-26,AAPL,2025-04-27,C,170.06,151.84,0.22011,0.1,1.31,1.36,78,3121
2025-02-26,AAPL,2025-04-27,C,160.95,151.84,0.226727,0.25,1.36,1.4,164,3470
2025-02-26,AAPL,2025-04-27,C,151.84,151.84,0.248784,0.5,1.48,1.54,280,3416
2025-02-26,AAPL,2025-04-27,P,151.84,151.84,0.248784,-0.5,1.49,1.53,375,2239
2025-02-26,AAPL,2025-04-27,P,142.73,151.84,0.270842,-0.25,1.62,1.67,218,442
2025-02-26,AAPL,2025-04-27,P,133.62,151.84,0.279665,-0.1,1.68,1.72,165,2210
2025-02-27,AAPL,2025-03-24,C,171.06,152.73,0.251748,0.1,1.52,1.56,422,4150
2025-02-27,AAPL,2025-03-24,C,161.89,152.73,0.258301,0.25,1.55,1.6,19,3804
2025-02-27,AAPL,2025-03-24,C,152.73,152.73,0.280144,0.5,1.69,1.74,270,2500
2025-02-27,AAPL,2025-03-24,P,152.73,152.73,0.280144,-0.5,1.69,1.74,361,4640
2025-02-27,AAPL,2025-03-24,P,143.56,152.73,0.301986,-0.25,1.82,1.87,479,2648
2025-02-27,AAPL,2025-03-24,P,134.4,152.73,0.310724,-0.1,1.87,1.92,499,3690
2025-02-27,AAPL,2025-03-31,C,171.06,152.73,0.254548,0.1,1.53,1.58,205,2583
2025-02-27,AAPL,2025-03-31,C,161.89,152.73,0.261101,0.25,1.57,1.62,257,4609
2025-02-27,AAPL,2025-03-31,C,152.73,152.73,0.282944,0.5,1.7,1.75,279,2346
2025-02-27,AAPL,2025-03-31,P,152.73,152.73,0.282944,-0.5,1.7,1.76,257,2258
2025-02-27,AAPL,2025-03-31,P,143.56,152.73,0.304786,-0.25,1.84,1.88,213,1092
2025-02-27,AAPL,2025-03-31,P,134.4,152.73,0.313524,-0.1,1.89,1.94,293,12
2025-02-27,AAPL,2025-04-28,C,171.06,152.73,0.265748,0.1,1.6,1.65,183,3848
2025-02-27,AAPL,2025-04-28,C,161.89,152.73,0.272301,0.25,1.64,1.69,355,170
2025-02-27,AAPL,2025-04-28,C,152.73,152.73,0.294144,0.5,1.77,1.82,487,779
2025-02-27,AAPL,2025-04-28,P,152.73,152.73,0.294144,-0.5,1.77,1.83,483,845
2025-02-27,AAPL,2025-04-28,P,143.56,152.73,0.315986,-0.25,1.9,1.96,98,1637
2025-02-27,AAPL,2025-04-28,P,134.4,152.73,0.324724,-0.1,1.96,2.01,154,2067
2025-02-28,AAPL,2025-03-25,C,171.79,153.38,0.212578,0.1,1.28,1.33,125,4529
2025-02-28,AAPL,2025-03-25,C,162.58,153.38,0.218765,0.25,1.32,1.37,79,3782
2025-02-28,AAPL,2025-03-25,C,153.38,153.38,0.239385,0.5,1.44,1.5,180,4994
2025-02-28,AAPL,2025-03-25,P,153.38,153.38,0.239385,-0.5,1.45,1.49,363,1441
2025-02-28,AAPL,2025-03-25,P,144.18,153.38,0.260006,-0.25,1.57,1.62,341,1321
2025-02-28,AAPL,2025-03-25,P,134.97,153.38,0.268254,-0.1,1.62,1.67,375,4967
2025-02-28,AAPL,2025-04-01,C,171.79,153.38,0.215378,0.1,1.29,1.35,55,2638
2025-02-28,AAPL,2025-04-01,C,162.58,153.38,0.221565,0.25,1.33,1.39,361,4301
2025-02-28,AAPL,2025-04-01,C,153.38,153.38,0.242185,0.5,1.46,1.52,161,1027
2025-02-28,AAPL,2025-04-01,P,153.38,153.38,0.242185,-0.5,1.46,1.51,334,4165
2025-02-28,AAPL,2025-04-01,P,144.18,153.38,0.262806,-0.25,1.59,1.64,469,2204
2025-02-28,AAPL,2025-04-01,P,134.97,153.38,0.271054,-0.1,1.63,1.69,225,4925
2025-02-28,AAPL,2025-04-29,C,171.79,153.38,0.226578,0.1,1.36,1.42,291,3994
2025-02-28,AAPL,2025-04-29,C,162.58,153.38,0.232765,0.25,1.41,1.45,19,1611
2025-02-28,AAPL,2025-04-29,C,153.38,153.38,0.253385,0.5,1.53,1.58,41,2808
2025-02-28,AAPL,2025-04-29,P,153.38,153.38,0.253385,-0.5,1.53,1.58,288,3186
2025-02-28,AAPL,2025-04-29,P,144.18,153.38,0.274006,-0.25,1.66,1.71,339,3748
2025-02-28,AAPL,2025-04-29,P,134.97,153.38,0.282254,-0.1,1.71,1.76,212,1660
2025-03-03,AAPL,2025-03-28,C,170.89,152.58,0.213139,0.1,1.28,1.32,266,4254
2025-03-03,AAPL,2025-03-28,C,161.74,152.58,0.218914,0.25,1.31,1.36,29,1147
2025-03-03,AAPL,2025-03-28,C,152.58,152.58,0.238165,0.5,1.43,1.48,492,2774
2025-03-03,AAPL,2025-03-28,P,152.58,152.58,0.238165,-0.5,1.43,1.47,488,1588
2025-03-03,AAPL,2025-03-28,P,143.43,152.58,0.257415,-0.25,1.55,1.59,128,3282
2025-03-03,AAPL,2025-03-28,P,134.27,152.58,0.265116,-0.1,1.6,1.64,343,334
2025-03-03,AAPL,2025-04-04,C,170.89,152.58,0.215939,0.1,1.3,1.34,461,2912
2025-03-03,AAPL,2025-04-04,C,161.74,152.58,0.221714,0.25,1.33,1.37,12,4245
2025-03-03,AAPL,2025-04-04,C,152.58,152.58,0.240965,0.5,1.45,1.49,259,3036
2025-03-03,AAPL,2025-04-04,P,152.58,152.58,0.240965,-0.5,1.45,1.5,337,2219
2025-03-03,AAPL,2025-04-04,P,143.43,152.58,0.260215,-0.25,1.57,1.61,226,4015
2025-03-03,AAPL,2025-04-04,P,134.27,152.58,0.267916,-0.1,1.61,1.66,63,64
2025-03-03,AAPL,2025-05-02,C,170.89,152.58,0.227139,0.1,1.36,1.41,297,4520
2025-03-03,AAPL,2025-05-02,C,161.74,152.58,0.232914,0.25,1.4,1.45,341,758
2025-03-03,AAPL,2025-05-02,C,152.58,152.58,0.252165,0.5,1.52,1.56,404,3303
2025-03-03,AAPL,2025-05-02,P,152.58,152.58,0.252165,-0.5,1.51,1.57,99,3001
2025-03-03,AAPL,2025-05-02,P,143.43,152.58,0.271415,-0.25,1.63,1.69,435,2475
2025-03-03,AAPL,2025-05-02,P,134.27,152.58,0.279116,-0.1,1.68,1.73,460,2391
2025-03-04,AAPL,2025-03-29,C,171.2,152.86,0.231226,0.1,1.39,1.44,367,239
2025-03-04,AAPL,2025-03-29,C,162.03,152.86,0.237723,0.25,1.43,1.48,241,3559
2025-03-04,AAPL,2025-03-29,C,152.86,152.86,0.25938,0.5,1.57,1.61,163,2201
2025-03-04,AAPL,2025-03-29,P,152.86,152.86,0.25938,-0.5,1.56,1.61,124,3055
2025-03-04,AAPL,2025-03-29,P,143.69,152.86,0.281037,-0.25,1.69,1.75,261,4054
2025-03-04,AAPL,2025-03-29,P,134.52,152.86,0.289699,-0.1,1.74,1.8,23,522
2025-03-04,AAPL,2025-04-05,C,171.2,152.86,0.234026,0.1,1.41,1.46,310,3020
2025-03-04,AAPL,2025-04-05,C,162.03,152.86,0.240523,0.25,1.45,1.49,89,222
2025-03-04,AAPL,2025-04-05,C,152.86,152.86,0.26218,0.5,1.58,1.63,288,2279
2025-03-04,AAPL,2025-04-05,P,152.86,152.86,0.26218,-0.5,1.58,1.63,42,891
2025-03-04,AAPL,2025-04-05,P,143.69,152.86,0.283837,-0.25,1.71,1.76,284,4629
2025-03-04,AAPL,2025-04-05,P,134.52,152.86,0.292499,-0.1,1.77,1.81,304,4648
2025-03-04,AAPL,2025-05-03,C,171.2,152.86,0.245226,0.1,1.48,1.52,152,4625
2025-03-04,AAPL,2025-05-03,C,162.03,152.86,0.251723,0.25,1.51,1.57,255,70
2025-03-04,AAPL,2025-05-03,C,152.86,152.86,0.27338,0.5,1.64,1.7,357,4851
2025-03-04,AAPL,2025-05-03,P,152.86,152.86,0.27338,-0.5,1.64,1.7,117,4853
2025-03-04,AAPL,2025-05-03,P,143.69,152.86,0.295037,-0.25,1.78,1.83,394,399
2025-03-04,AAPL,2025-05-03,P,134.52,152.86,0.303699,-0.1,1.83,1.89,31,3073
2025-03-05,AAPL,2025-03-30,C,171.36,153.0,0.161938,0.1,0.97,1.02,319,2863
2025-03-05,AAPL,2025-03-30,C,162.18,153.0,0.168941,0.25,1.01,1.06,331,3701
2025-03-05,AAPL,2025-03-30,C,153.0,153.0,0.192286,0.5,1.16,1.2,351,3651
2025-03-05,AAPL,2025-03-30,P,153.0,153.0,0.192286,-0.5,1.15,1.21,262,2367
2025-03-05,AAPL,2025-03-30,P,143.82,153.0,0.21563,-0.25,1.29,1.34,272,1567
2025-03-05,AAPL,2025-03-30,P,134.64,153.0,0.224968,-0.1,1.35,1.41,66,3668
2025-03-05,AAPL,2025-04-06,C,171.36,153.0,0.164738,0.1,0.98,1.03,485,882
2025-03-05,AAPL,2025-04-06,C,162.18,153.0,0.171741,0.25,1.03,1.07,364,2324
2025-03-05,AAPL,2025-04-06,C,153.0,153.0,0.195086,0.5,1.16,1.22,261,3673
2025-03-05,AAPL,2025-04-06,P,153.0,153.0,0.195086,-0.5,1.17,1.22,473,4299
2025-03-05,AAPL,2025-04-06,P,143.82,153.0,0.21843,-0.25,1.31,1.36,100,4260
2025-03-05,AAPL,2025-04-06,P,134.64,153.0,0.227768,-0.1,1.37,1.42,295,3097
2025-03-05,AAPL,2025-05-04,C,171.36,153.0,0.175938,0.1,1.05,1.11,62,1296
2025-03-05,AAPL,2025-05-04,C,162.18,153.0,0.182941,0.25,1.09,1.15,322,4936
2025-03-05,AAPL,2025-05-04,C,153.0,153.0,0.206286,0.5,1.24,1.28,225,451
2025-03-05,AAPL,2025-05-04,P,153.0,153.0,0.206286,-0.5,1.24,1.29,428,1705
2025-03-05,AAPL,2025-05-04,P,143.82,153.0,0.22963,-0.25,1.38,1.43,208,2381
2025-03-05,AAPL,2025-05-04,P,134.64,153.0,0.238968,-0.1,1.43,1.49,70,1432
2025-03-06,AAPL,2025-03-31,C,171.65,153.26,0.182083,0.1,1.09,1.14,365,2605
2025-03-06,AAPL,2025-03-31,C,162.46,153.26,0.188838,0.25,1.13,1.19,18,2237
2025-03-06,AAPL,2025-03-31,C,153.26,153.26,0.211354,0.5,1.27,1.33,126,3257
2025-03-06,AAPL,2025-03-31,P,153.26,153.26,0.211354,-0.5,1.27,1.32,177,4426
2025-03-06,AAPL,2025-03-31,P,144.07,153.26,0.23387,-0.25,1.41,1.46,142,716
2025-03-06,AAPL,2025-03-31,P,134.87,153.26,0.242876,-0.1,1.47,1.51,94,3440
2025-03-06,AAPL,2025-04-07,C,171.65,153.26,0.184883,0.1,1.11,1.15,271,1440
2025-03-06,AAPL,2025-04-07,C,162.46,153.26,0.191638,0.25,1.15,1.2,105,2210
2025-03-06,AAPL,2025-04-07,C,153.26,153.26,0.214154,0.5,1.29,1.34,271,2614
2025-03-06,AAPL,2025-04-07,P,153.26,153.26,0.214154,-0.5,1.29,1.34,213,169
2025-03-06,AAPL,2025-04-07,P,144.07,153.26,0.23667,-0.25,1.42,1.48,153,1874
2025-03-06,AAPL,2025-04-07,P,134.87,153.26,0.245676,-0.1,1.48,1.53,380,552
2025-03-06,AAPL,2025-05-05,C,171.65,153.26,0.196083,0.1,1.18,1.22,226,1248
2025-03-06,AAPL,2025-05-05,C,162.46,153.26,0.202838,0.25,1.22,1.27,162,1976
2025-03-06,AAPL,2025-05-05,C,153.26,153.26,0.225354,0.5,1.35,1.41,3,1895
2025-03-06,AAPL,2025-05-05,P,153.26,153.26,0.225354,-0.5,1.36,1.41,103,2971
2025-03-06,AAPL,2025-05-05,P,144.07,153.26,0.24787,-0.25,1.5,1.54,316,2580
2025-03-06,AAPL,2025-05-05,P,134.87,153.26,0.256876,-0.1,1.55,1.6,427,2112
2025-03-07,AAPL,2025-04-01,C,172.83,154.31,0.184068,0.1,1.11,1.16,417,4712
2025-03-07,AAPL,2025-04-01,C,163.57,154.31,0.191805,0.25,1.16,1.2,489,3010
2025-03-07,AAPL,2025-04-01,C,154.31,154.31,0.217596,0.5,1.32,1.37,452,1431
2025-03-07,AAPL,2025-04-01,P,154.31,154.31,0.217596,-0.5,1.32,1.37,251,3165
2025-03-07,AAPL,2025-04-01,P,145.05,154.31,0.243387,-0.25,1.47,1.53,491,4905
2025-03-07,AAPL,2025-04-01,P,135.79,154.31,0.253704,-0.1,1.55,1.59,183,2230
2025-03-07,AAPL,2025-04-08,C,172.83,154.31,0.186868,0.1,1.13,1.18,268,742
2025-03-07,AAPL,2025-04-08,C,163.57,154.31,0.194605,0.25,1.18,1.22,46,4938
2025-03-07,AAPL,2025-04-08,C,154.31,154.31,0.220396,0.5,1.34,1.38,39,2268
2025-03-07,AAPL,2025-04-08,P,154.31,154.31,0.220396,-0.5,1.33,1.39,256,1626
2025-03-07,AAPL,2025-04-08,P,145.05,154.31,0.246187,-0.25,1.49,1.54,76,4890
2025-03-07,AAPL,2025-04-08,P,135.79,154.31,0.256504,-0.1,1.56,1.61,10,663
2025-03-07,AAPL,2025-05-06,C,172.83,154.31,0.198068,0.1,1.2,1.24,363,4727
2025-03-07,AAPL,2025-05-06,C,163.57,154.31,0.205805,0.25,1.25,1.29,394,2525
2025-03-07,AAPL,2025-05-06,C,154.31,154.31,0.231596,0.5,1.41,1.45,274,2124
2025-03-07,AAPL,2025-05-06,P,154.31,154.31,0.231596,-0.5,1.4,1.46,365,2517
2025-03-07,AAPL,2025-05-06,P,145.05,154.31,0.257387,-0.25,1.56,1.62,487,1301
2025-03-07,AAPL,2025-05-06,P,135.79,154.31,0.267704,-0.1,1.63,1.68,363,4299
2025-03-10,AAPL,2025-04-04,C,173.13,154.58,0.181382,0.1,1.1,1.14,207,4278
2025-03-10,AAPL,2025-04-04,C,163.85,154.58,0.189353,0.25,1.15,1.19,165,2658
2025-03-10,AAPL,2025-04-04,C,154.58,154.58,0.215923,0.5,1.31,1.36,114,940
2025-03-10,AAPL,2025-04-04,P,154.58,154.58,0.215923,-0.5,1.31,1.36,100,165
2025-03-10,AAPL,2025-04-04,P,145.3,154.58,0.242493,-0.25,1.48,1.52,281,1008
2025-03-10,AAPL,2025-04-04,P,136.03,154.58,0.253121,-0.1,1.54,1.59,231,914
2025-03-10,AAPL,2025-04-11,C,173.13,154.58,0.184182,0.1,1.11,1.17,186,1324
2025-03-10,AAPL,2025-04-11,C,163.85,154.58,0.192153,0.25,1.16,1.21,200,1750
2025-03-10,AAPL,2025-04-11,C,154.58,154.58,0.218723,0.5,1.33,1.38,230,2337
2025-03-10,AAPL,2025-04-11,P,154.58,154.58,0.218723,-0.5,1.33,1.38,51,4264
2025-03-10,AAPL,2025-04-11,P,145.3,154.58,0.245293,-0.25,1.49,1.54,133,1077
2025-03-10,AAPL,2025-04-11,P,136.03,154.58,0.255921,-0.1,1.55,1.61,215,1719
2025-03-10,AAPL,2025-05-09,C,173.13,154.58,0.195382,0.1,1.19,1.23,282,2478
2025-03-10,AAPL,2025-05-09,C,163.85,154.58,0.203353,0.25,1.24,1.28,476,1199
2025-03-10,AAPL,2025-05-09,C,154.58,154.58,0.229923,0.5,1.39,1.45,172,662
2025-03-10,AAPL,2025-05-09,P,154.58,154.58,0.229923,-0.5,1.39,1.45,453,4685
2025-03-10,AAPL,2025-05-09,P,145.3,154.58,0.256493,-0.25,1.56,1.61,76,3554
2025-03-10,AAPL,2025-05-09,P,136.03,154.58,0.267121,-0.1,1.62,1.68,342,4964
2025-03-11,AAPL,2025-04-05,C,174.04,155.39,0.233235,0.1,1.43,1.47,56,2600
2025-03-11,AAPL,2025-04-05,C,164.72,155.39,0.240297,0.25,1.47,1.52,391,897
2025-03-11,AAPL,2025-04-05,C,155.39,155.39,0.263835,0.5,1.61,1.67,174,80
2025-03-11,AAPL,2025-04-05,P,155.39,155.39,0.263835,-0.5,1.61,1.67,302,1330
2025-03-11,AAPL,2025-04-05,P,146.07,155.39,0.287374,-0.25,1.77,1.81,472,550
2025-03-11,AAPL,2025-04-05,P,136.74,155.39,0.296789,-0.1,1.82,1.87,168,1376
2025-03-11,AAPL,2025-04-12,C,174.04,155.39,0.236035,0.1,1.45,1.49,176,1403
2025-03-11,AAPL,2025-04-12,C,164.72,155.39,0.243097,0.25,1.49,1.53,456,1899
2025-03-11,AAPL,2025-04-12,C,155.39,155.39,0.266635,0.5,1.63,1.68,490,1701
2025-03-11,AAPL,2025-04-12,P,155.39,155.39,0.266635,-0.5,1.63,1.68,164,457
2025-03-11,AAPL,2025-04-12,P,146.07,155.39,0.290174,-0.25,1.78,1.82,113,1018
2025-03-11,AAPL,2025-04-12,P,136.74,155.39,0.299589,-0.1,1.83,1.89,300,4954
2025-03-11,AAPL,2025-05-10,C,174.04,155.39,0.247235,0.1,1.51,1.57,23,2526
2025-03-11,AAPL,2025-05-10,C,164.72,155.39,0.254297,0.25,1.56,1.61,466,1579
2025-03-11,AAPL,2025-05-10,C,155.39,155.39,0.277835,0.5,1.7,1.75,34,3826
2025-03-11,AAPL,2025-05-10,P,155.39,155.39,0.277835,-0.5,1.7,1.76,239,4478
2025-03-11,AAPL,2025-05-10,P,146.07,155.39,0.301374,-0.25,1.85,1.9,61,3836
2025-03-11,AAPL,2025-05-10,P,136.74,155.39,0.310789,-0.1,1.9,1.96,382,1549
2025-03-12,AAPL,2025-04-06,C,174.13,155.47,0.192877,0.1,1.18,1.22,463,4971
2025-03-12,AAPL,2025-04-06,C,164.8,155.47,0.200505,0.25,1.22,1.27,19,475
2025-03-12,AAPL,2025-04-06,C,155.47,155.47,0.225932,0.5,1.38,1.43,67,180
2025-03-12,AAPL,2025-04-06,P,155.47,155.47,0.225932,-0.5,1.38,1.43,369,3998
2025-03-12,AAPL,2025-04-06,P,146.14,155.47,0.251359,-0.25,1.54,1.59,260,4285
2025-03-12,AAPL,2025-04-06,P,136.82,155.47,0.26153,-0.1,1.61,1.65,376,1386
2025-03-12,AAPL,2025-04-13,C,174.13,155.47,0.195677,0.1,1.19,1.24,426,221
2025-03-12,AAPL,2025-04-13,C,164.8,155.47,0.203305,0.25,1.24,1.29,231,1333
2025-03-12,AAPL,2025-04-13,C,155.47,155.47,0.228732,0.5,1.4,1.45,425,2131
2025-03-12,AAPL,2025-04-13,P,155.47,155.47,0.228732,-0.5,1.39,1.45,93,1359
2025-03-12,AAPL,2025-04-13,P,146.14,155.47,0.254159,-0.25,1.55,1.61,458,2135
2025-03-12,AAPL,2025-04-13,P,136.82,155.47,0.26433,-0.1,1.62,1.67,370,2517
2025-03-12,AAPL,2025-05-11,C,174.13,155.47,0.206877,0.1,1.26,1.31,234,1294
2025-03-12,AAPL,2025-05-11,C,164.8,155.47,0.214505,0.25,1.31,1.36,25,767
2025-03-12,AAPL,2025-05-11,C,155.47,155.47,0.239932,0.5,1.47,1.52,304,2833
2025-03-12,AAPL,2025-05-11,P,155.47,155.47,0.239932,-0.5,1.47,1.52,242,4121
2025-03-12,AAPL,2025-05-11,P,146.14,155.47,0.265359,-0.25,1.63,1.67,335,4849
2025-03-12,AAPL,2025-05-11,P,136.82,155.47,0.27553,-0.1,1.69,1.74,248,4838
2025-03-13,AAPL,2025-04-07,C,174.52,155.82,0.192984,0.1,1.18,1.22,463,2637
2025-03-13,AAPL,2025-04-07,C,165.17,155.82,0.200607,0.25,1.23,1.27,114,4092
2025-03-13,AAPL,2025-04-07,C,155.82,155.82,0.226018,0.5,1.38,1.43,158,1324
2025-03-13,AAPL,2025-04-07,P,155.82,155.82,0.226018,-0.5,1.38,1.44,470,584
2025-03-13,AAPL,2025-04-07,P,146.47,155.82,0.251429,-0.25,1.54,1.59,192,3607
2025-03-13,AAPL,2025-04-07,P,137.12,155.82,0.261593,-0.1,1.61,1.65,169,2993
2025-03-13,AAPL,2025-04-14,C,174.52,155.82,0.195784,0.1,1.19,1.25,7,346
2025-03-13,AAPL,2025-04-14,C,165.17,155.82,0.203407,0.25,1.24,1.29,148,1300
2025-03-13,AAPL,2025-04-14,C,155.82,155.82,0.228818,0.5,1.4,1.45,190,602
2025-03-13,AAPL,2025-04-14,P,155.82,155.82,0.228818,-0.5,1.4,1.46,131,4474
2025-03-13,AAPL,2025-04-14,P,146.47,155.82,0.254229,-0.25,1.56,1.61,131,1623
2025-03-13,AAPL,2025-04-14,P,137.12,155.82,0.264393,-0.1,1.62,1.67,167,3593
2025-03-13,AAPL,2025-05-12,C,174.52,155.82,0.206984,0.1,1.27,1.31,236,789
2025-03-13,AAPL,2025-05-12,C,165.17,155.82,0.214607,0.25,1.32,1.36,361,4998
2025-03-13,AAPL,2025-05-12,C,155.82,155.82,0.240018,0.5,1.47,1.52,157,4363
2025-03-13,AAPL,2025-05-12,P,155.82,155.82,0.240018,-0.5,1.47,1.52,385,4612
2025-03-13,AAPL,2025-05-12,P,146.47,155.82,0.265429,-0.25,1.63,1.68,449,578
2025-03-13,AAPL,2025-05-12,P,137.12,155.82,0.275593,-0.1,1.69,1.75,327,4737
2025-03-14,AAPL,2025-04-08,C,175.37,156.58,0.199586,0.1,1.23,1.27,341,2267
2025-03-14,AAPL,2025-04-08,C,165.97,156.58,0.206318,0.25,1.27,1.32,154,958
2025-03-14,AAPL,2025-04-08,C,156.58,156.58,0.228757,0.5,1.4,1.46,429,1274
2025-03-14,AAPL,2025-04-08,P,156.58,156.58,0.228757,-0.5,1.41,1.46,306,345
2025-03-14,AAPL,2025-04-08,P,147.18,156.58,0.251197,-0.25,1.55,1.59,59,3272
2025-03-14,AAPL,2025-04-08,P,137.79,156.58,0.260173,-0.1,1.61,1.65,294,3280
2025-03-14,AAPL,2025-04-15,C,175.37,156.58,0.202386,0.1,1.25,1.29,399,4749
2025-03-14,AAPL,2025-04-15,C,165.97,156.58,0.209118,0.25,1.28,1.34,201,4382
2025-03-14,AAPL,2025-04-15,C,156.58,156.58,0.231557,0.5,1.43,1.47,425,1607
2025-03-14,AAPL,2025-04-15,P,156.58,156.58,0.231557,-0.5,1.43,1.47,434,2690
2025-03-14,AAPL,2025-04-15,P,147.18,156.58,0.253997,-0.25,1.57,1.61,418,312
2025-03-14,AAPL,2025-04-15,P,137.79,156.58,0.262973,-0.1,1.62,1.67,272,1280
2025-03-14,AAPL,2025-05-13,C,175.37,156.58,0.213586,0.1,1.31,1.36,94,992
2025-03-14,AAPL,2025-05-13,C,165.97,156.58,0.220318,0.25,1.36,1.4,154,3138
2025-03-14,AAPL,2025-05-13,C,156.58,156.58,0.242757,0.5,1.5,1.54,122,1733
2025-03-14,AAPL,2025-05-13,P,156.58,156.58,0.242757,-0.5,1.5,1.55,498,3861
2025-03-14,AAPL,2025-05-13,P,147.18,156.58,0.265197,-0.25,1.64,1.68,145,2941
2025-03-14,AAPL,2025-05-13,P,137.79,156.58,0.274173,-0.1,1.69,1.75,150,2614
2025-03-17,AAPL,2025-04-11,C,173.41,154.83,0.199784,0.1,1.21,1.27,176,303
2025-03-17,AAPL,2025-04-11,C,164.12,154.83,0.207024,0.25,1.26,1.31,495,3494
2025-03-17,AAPL,2025-04-11,C,154.83,154.83,0.231158,0.5,1.4,1.46,400,2297
2025-03-17,AAPL,2025-04-11,P,154.83,154.83,0.231158,-0.5,1.41,1.45,222,2814
2025-03-17,AAPL,2025-04-11,P,145.54,154.83,0.255291,-0.25,1.56,1.6,352,3760
2025-03-17,AAPL,2025-04-11,P,136.25,154.83,0.264944,-0.1,1.62,1.67,41,3619
2025-03-17,AAPL,2025-04-18,C,173.41,154.83,0.202584,0.1,1.23,1.28,299,3148
2025-03-17,AAPL,2025-04-18,C,164.12,154.83,0.209824,0.25,1.27,1.33,223,3775
2025-03-17,AAPL,2025-04-18,C,154.83,154.83,0.233958,0.5,1.42,1.48,262,4346
2025-03-17,AAPL,2025-04-18,P,154.83,154.83,0.233958,-0.5,1.43,1.47,50,2785
2025-03-17,AAPL,2025-04-18,P,145.54,154.83,0.258091,-0.25,1.58,1.62,78,4303
2025-03-17,AAPL,2025-04-18,P,136.25,154.83,0.267744,-0.1,1.63,1.68,244,2106
2025-03-17,AAPL,2025-05-16,C,173.41,154.83,0.213784,0.1,1.3,1.35,448,1701
2025-03-17,AAPL,2025-05-16,C,164.12,154.83,0.221024,0.25,1.34,1.4,155,1029
2025-03-17,AAPL,2025-05-16,C,154.83,154.83,0.245158,0.5,1.5,1.54,247,4441
2025-03-17,AAPL,2025-05-16,P,154.83,154.83,0.245158,-0.5,1.49,1.55,42,1006
2025-03-17,AAPL,2025-05-16,P,145.54,154.83,0.269291,-0.25,1.64,1.69,97,4860
2025-03-17,AAPL,2025-05-16,P,136.25,154.83,0.278944,-0.1,1.7,1.75,293,3056
2025-03-18,AAPL,2025-04-12,C,172.98,154.44,0.221403,0.1,1.34,1.39,347,207
2025-03-18,AAPL,2025-04-12,C,163.71,154.44,0.228496,0.25,1.38,1.44,308,225
2025-03-18,AAPL,2025-04-12,C,154.44,154.44,0.252139,0.5,1.54,1.58,477,3650
2025-03-18,AAPL,2025-04-12,P,154.44,154.44,0.252139,-0.5,1.53,1.59,157,3784
2025-03-18,AAPL,2025-04-12,P,145.18,154.44,0.275782,-0.25,1.68,1.73,120,2435
2025-03-18,AAPL,2025-04-12,P,135.91,154.44,0.285239,-0.1,1.74,1.79,47,1629
2025-03-18,AAPL,2025-04-19,C,172.98,154.44,0.224203,0.1,1.36,1.41,280,2161
2025-03-18,AAPL,2025-04-19,C,163.71,154.44,0.231296,0.25,1.4,1.45,316,4491
2025-03-18,AAPL,2025-04-19,C,154.44,154.44,0.254939,0.5,1.55,1.6,413,402
2025-03-18,AAPL,2025-04-19,P,154.44,154.44,0.254939,-0.5,1.55,1.6,2,911
2025-03-18,AAPL,2025-04-19,P,145.18,154.44,0.278582,-0.25,1.7,1.74,74,1444
2025-03-18,AAPL,2025-04-19,P,135.91,154.44,0.288039,-0.1,1.76,1.8,51,3822
2025-03-18,AAPL,2025-05-17,C,172.98,154.44,0.235403,0.1,1.43,1.48,308,4597
2025-03-18,AAPL,2025-05-17,C,163.71,154.44,0.242496,0.25,1.48,1.52,476,344
2025-03-18,AAPL,2025-05-17,C,154.44,154.44,0.266139,0.5,1.62,1.67,373,410
2025-03-18,AAPL,2025-05-17,P,154.44,154.44,0.266139,-0.5,1.62,1.67,199,4930
2025-03-18,AAPL,2025-05-17,P,145.18,154.44,0.289782,-0.25,1.77,1.81,62,998
2025-03-18,AAPL,2025-05-17,P,135.91,154.44,0.299239,-0.1,1.82,1.87,210,2495
2025-03-19,AAPL,2025-04-13,C,172.35,153.88,0.226567,0.1,1.37,1.42,156,4135
2025-03-19,AAPL,2025-04-13,C,163.11,153.88,0.233481,0.25,1.42,1.46,368,2147
2025-03-19,AAPL,2025-04-13,C,153.88,153.88,0.256529,0.5,1.55,1.61,106,4342
2025-03-19,AAPL,2025-04-13,P,153.88,153.88,0.256529,-0.5,1.56,1.6,278,2843
2025-03-19,AAPL,2025-04-13,P,144.65,153.88,0.279576,-0.25,1.7,1.74,163,859
2025-03-19,AAPL,2025-04-13,P,135.41,153.88,0.288795,-0.1,1.76,1.8,258,3642
2025-03-19,AAPL,2025-04-20,C,172.35,153.88,0.229367,0.1,1.39,1.43,4,3621
2025-03-19,AAPL,2025-04-20,C,163.11,153.88,0.236281,0.25,1.43,1.48,495,4314
2025-03-19,AAPL,2025-04-20,C,153.88,153.88,0.259329,0.5,1.57,1.62,38,453
2025-03-19,AAPL,2025-04-20,P,153.88,153.88,0.259329,-0.5,1.58,1.62,444,290
2025-03-19,AAPL,2025-04-20,P,144.65,153.88,0.282376,-0.25,1.71,1.77,367,1181
2025-03-19,AAPL,2025-04-20,P,135.41,153.88,0.291595,-0.1,1.77,1.82,384,2136
2025-03-19,AAPL,2025-05-18,C,172.35,153.88,0.240567,0.1,1.45,1.51,443,2449
2025-03-19,AAPL,2025-05-18,C,163.11,153.88,0.247481,0.25,1.5,1.55,444,4945
2025-03-19,AAPL,2025-05-18,C,153.88,153.88,0.270529,0.5,1.64,1.69,286,4155
2025-03-19,AAPL,2025-05-18,P,153.88,153.88,0.270529,-0.5,1.64,1.69,145,2393
2025-03-19,AAPL,2025-05-18,P,144.65,153.88,0.293576,-0.25,1.78,1.84,56,3329
2025-03-19,AAPL,2025-05-18,P,135.41,153.88,0.302795,-0.1,1.84,1.89,381,1323
2025-03-20,AAPL,2025-04-14,C,171.49,153.11,0.211693,0.1,1.27,1.32,175,2612
2025-03-20,AAPL,2025-04-14,C,162.3,153.11,0.219166,0.25,1.32,1.37,214,1641
2025-03-20,AAPL,2025-04-14,C,153.11,153.11,0.244075,0.5,1.47,1.52,383,1261
2025-03-20,AAPL,2025-04-14,P,153.11,153.11,0.244075,-0.5,1.47,1.52,21,758
2025-03-20,AAPL,2025-04-14,P,143.93,153.11,0.268984,-0.25,1.62,1.68,106,3014
2025-03-20,AAPL,2025-04-14,P,134.74,153.11,0.278948,-0.1,1.69,1.73,226,3472
2025-03-20,AAPL,2025-04-21,C,171.49,153.11,0.214493,0.1,1.29,1.34,49,1195
2025-03-20,AAPL,2025-04-21,C,162.3,153.11,0.221966,0.25,1.34,1.38,285,53
2025-03-20,AAPL,2025-04-21,C,153.11,153.11,0.246875,0.5,1.49,1.53,148,3813
2025-03-20,AAPL,2025-04-21,P,153.11,153.11,0.246875,-0.5,1.48,1.54,135,233
2025-03-20,AAPL,2025-04-21,P,143.93,153.11,0.271784,-0.25,1.64,1.69,54,368
2025-03-20,AAPL,2025-04-21,P,134.74,153.11,0.281748,-0.1,1.7,1.75,172,3782
2025-03-20,AAPL,2025-05-19,C,171.49,153.11,0.225693,0.1,1.36,1.41,281,64
2025-03-20,AAPL,2025-05-19,C,162.3,153.11,0.233166,0.25,1.4,1.45,99,4956
2025-03-20,AAPL,2025-05-19,C,153.11,153.11,0.258075,0.5,1.56,1.6,198,955
2025-03-20,AAPL,2025-05-19,P,153.11,153.11,0.258075,-0.5,1.56,1.6,196,2780
2025-03-20,AAPL,2025-05-19,P,143.93,153.11,0.282984,-0.25,1.71,1.76,111,3963
2025-03-20,AAPL,2025-05-19,P,134.74,153.11,0.292948,-0.1,1.77,1.82,234,4463
2025-03-21,AAPL,2025-04-15,C,171.12,152.78,0.194475,0.1,1.17,1.21,263,2783
2025-03-21,AAPL,2025-04-15,C,161.95,152.78,0.200417,0.25,1.2,1.25,436,1655
2025-03-21,AAPL,2025-04-15,C,152.78,152.78,0.220222,0.5,1.32,1.38,270,3412
2025-03-21,AAPL,2025-04-15,P,152.78,152.78,0.220222,-0.5,1.32,1.38,250,2090
2025-03-21,AAPL,2025-04-15,P,143.62,152.78,0.240028,-0.25,1.44,1.49,459,2440
2025-03-21,AAPL,2025-04-15,P,134.45,152.78,0.24795,-0.1,1.49,1.54,195,1191
2025-03-21,AAPL,2025-04-22,C,171.12,152.78,0.197275,0.1,1.18,1.23,69,346
2025-03-21,AAPL,2025-04-22,C,161.95,152.78,0.203217,0.25,1.21,1.27,381,627
2025-03-21,AAPL,2025-04-22,C,152.78,152.78,0.223022,0.5,1.34,1.38,375,3828
2025-03-21,AAPL,2025-04-22,P,152.78,152.78,0.223022,-0.5,1.34,1.38,77,4502
2025-03-21,AAPL,2025-04-22,P,143.62,152.78,0.242828,-0.25,1.46,1.51,53,352
2025-03-21,AAPL,2025-04-22,P,134.45,152.78,0.25075,-0.1,1.51,1.56,423,3161
2025-03-21,AAPL,2025-05-20,C,171.12,152.78,0.208475,0.1,1.25,1.3,30,4142
2025-03-21,AAPL,2025-05-20,C,161.95,152.78,0.214417,0.25,1.28,1.34,439,2935
2025-03-21,AAPL,2025-05-20,C,152.78,152.78,0.234222,0.5,1.41,1.45,460,3489
2025-03-21,AAPL,2025-05-20,P,152.78,152.78,0.234222,-0.5,1.4,1.46,30,2941
2025-03-21,AAPL,2025-05-20,P,143.62,152.78,0.254028,-0.25,1.53,1.58,206,2191
2025-03-21,AAPL,2025-05-20,P,134.45,152.78,0.26195,-0.1,1.57,1.63,190,4988
2025-03-24,AAPL,2025-04-18,C,173.13,154.58,0.226339,0.1,1.38,1.42,345,2701
2025-03-24,AAPL,2025-04-18,C,163.85,154.58,0.231474,0.25,1.41,1.46,419,2862
2025-03-24,AAPL,2025-04-18,C,154.58,154.58,0.24859,0.5,1.52,1.56,241,2027
2025-03-24,AAPL,2025-04-18,P,154.58,154.58,0.24859,-0.5,1.51,1.56,378,2930
2025-03-24,AAPL,2025-04-18,P,145.3,154.58,0.265705,-0.25,1.62,1.67,311,3603
2025-03-24,AAPL,2025-04-18,P,136.03,154.58,0.272552,-0.1,1.66,1.71,143,3953
2025-03-24,AAPL,2025-04-25,C,173.13,154.58,0.229139,0.1,1.39,1.44,473,2692
2025-03-24,AAPL,2025-04-25,C,163.85,154.58,0.234274,0.25,1.42,1.47,389,514
2025-03-24,AAPL,2025-04-25,C,154.58,154.58,0.25139,0.5,1.53,1.58,422,2641
2025-03-24,AAPL,2025-04-25,P,154.58,154.58,0.25139,-0.5,1.53,1.58,277,3398
2025-03-24,AAPL,2025-04-25,P,145.3,154.58,0.268505,-0.25,1.64,1.68,199,2965
2025-03-24,AAPL,2025-04-25,P,136.03,154.58,0.275352,-0.1,1.68,1.72,8,3672
2025-03-24,AAPL,2025-05-23,C,173.13,154.58,0.240339,0.1,1.46,1.51,190,2971
2025-03-24,AAPL,2025-05-23,C,163.85,154.58,0.245474,0.25,1.49,1.54,148,1699
2025-03-24,AAPL,2025-05-23,C,154.58,154.58,0.26259,0.5,1.6,1.65,418,4321
2025-03-24,AAPL,2025-05-23,P,154.58,154.58,0.26259,-0.5,1.6,1.65,185,2603
2025-03-24,AAPL,2025-05-23,P,145.3,154.58,0.279705,-0.25,1.71,1.75,165,261
2025-03-24,AAPL,2025-05-23,P,136.03,154.58,0.286552,-0.1,1.75,1.79,188,973
2025-03-25,AAPL,2025-04-19,C,171.96,153.54,0.247998,0.1,1.49,1.55,191,2530
2025-03-25,AAPL,2025-04-19,C,162.75,153.54,0.252984,0.25,1.53,1.58,472,537
2025-03-25,AAPL,2025-04-19,C,153.54,153.54,0.269603,0.5,1.63,1.68,19,4080
2025-03-25,AAPL,2025-04-19,P,153.54,153.54,0.269603,-0.5,1.63,1.68,418,3864
2025-03-25,AAPL,2025-04-19,P,144.33,153.54,0.286223,-0.25,1.73,1.79,287,562
2025-03-25,AAPL,2025-04-19,P,135.11,153.54,0.29287,-0.1,1.77,1.82,450,4795
2025-03-25,AAPL,2025-04-26,C,171.96,153.54,0.250798,0.1,1.52,1.56,97,264
2025-03-25,AAPL,2025-04-26,C,162.75,153.54,0.255784,0.25,1.54,1.6,465,4419
2025-03-25,AAPL,2025-04-26,C,153.54,153.54,0.272403,0.5,1.65,1.7,495,2765
2025-03-25,AAPL,2025-04-26,P,153.54,153.54,0.272403,-0.5,1.65,1.7,373,4099
2025-03-25,AAPL,2025-04-26,P,144.33,153.54,0.289023,-0.25,1.75,1.8,99,179
2025-03-25,AAPL,2025-04-26,P,135.11,153.54,0.29567,-0.1,1.79,1.84,386,4752
2025-03-25,AAPL,2025-05-24,C,171.96,153.54,0.261998,0.1,1.58,1.64,358,1393
2025-03-25,AAPL,2025-05-24,C,162.75,153.54,0.266984,0.25,1.62,1.66,299,4702
2025-03-25,AAPL,2025-05-24,C,153.54,153.54,0.283603,0.5,1.71,1.77,29,2666
2025-03-25,AAPL,2025-05-24,P,153.54,153.54,0.283603,-0.5,1.72,1.77,440,2318
2025-03-25,AAPL,2025-05-24,P,144.33,153.54,0.300223,-0.25,1.82,1.87,436,606
2025-03-25,AAPL,2025-05-24,P,135.11,153.54,0.30687,-0.1,1.86,1.91,351,1171
2025-03-26,AAPL,2025-04-20,C,173.26,154.7,0.195149,0.1,1.19,1.23,11,1141
2025-03-26,AAPL,2025-04-20,C,163.98,154.7,0.200492,0.25,1.22,1.27,497,1083
2025-03-26,AAPL,2025-04-20,C,154.7,154.7,0.218302,0.5,1.33,1.37,199,2820
2025-03-26,AAPL,2025-04-20,P,154.7,154.7,0.218302,-0.5,1.33,1.37,385,3134
2025-03-26,AAPL,2025-04-20,P,145.42,154.7,0.236113,-0.25,1.43,1.49,217,763
2025-03-26,AAPL,2025-04-20,P,136.14,154.7,0.243237,-0.1,1.48,1.53,25,4513
2025-03-26,AAPL,2025-04-27,C,173.26,154.7,0.197949,0.1,1.2,1.25,128,3160
2025-03-26,AAPL,2025-04-27,C,163.98,154.7,0.203292,0.25,1.23,1.28,308,3199
2025-03-26,AAPL,2025-04-27,C,154.7,154.7,0.221102,0.5,1.34,1.4,263,92
2025-03-26,AAPL,2025-04-27,P,154.7,154.7,0.221102,-0.5,1.34,1.4,454,2932
2025-03-26,AAPL,2025-04-27,P,145.42,154.7,0.238913,-0.25,1.45,1.51,72,1892
2025-03-26,AAPL,2025-04-27,P,136.14,154.7,0.246037,-0.1,1.5,1.54,403,2553
2025-03-26,AAPL,2025-05-25,C,173.26,154.7,0.209149,0.1,1.27,1.32,1,2190
2025-03-26,AAPL,2025-05-25,C,163.98,154.7,0.214492,0.25,1.3,1.35,415,1256
2025-03-26,AAPL,2025-05-25,C,154.7,154.7,0.232302,0.5,1.41,1.46,443,1882
2025-03-26,AAPL,2025-05-25,P,154.7,154.7,0.232302,-0.5,1.41,1.47,222,872
2025-03-26,AAPL,2025-05-25,P,145.42,154.7,0.250113,-0.25,1.52,1.57,468,1476
2025-03-26,AAPL,2025-05-25,P,136.14,154.7,0.257237,-0.1,1.57,1.62,121,2501
2025-03-27,AAPL,2025-04-21,C,171.0,152.68,0.214463,0.1,1.28,1.34,163,1433
2025-03-27,AAPL,2025-04-21,C,161.84,152.68,0.219472,0.25,1.31,1.37,496,134
2025-03-27,AAPL,2025-04-21,C,152.68,152.68,0.236169,0.5,1.42,1.46,128,2323
2025-03-27,AAPL,2025-04-21,P,152.68,152.68,0.236169,-0.5,1.42,1.46,408,3092
2025-03-27,AAPL,2025-04-21,P,143.52,152.68,0.252866,-0.25,1.52,1.57,58,3736
2025-03-27,AAPL,2025-04-21,P,134.36,152.68,0.259545,-0.1,1.56,1.61,338,3023
2025-03-27,AAPL,2025-04-28,C,171.0,152.68,0.217263,0.1,1.3,1.35,238,215
2025-03-27,AAPL,2025-04-28,C,161.84,152.68,0.222272,0.25,1.34,1.38,229,3278
2025-03-27,AAPL,2025-04-28,C,152.68,152.68,0.238969,0.5,1.43,1.49,189,88
2025-03-27,AAPL,2025-04-28,P,152.68,152.68,0.238969,-0.5,1.43,1.49,320,3757
2025-03-27,AAPL,2025-04-28,P,143.52,152.68,0.255666,-0.25,1.53,1.59,185,2730
2025-03-27,AAPL,2025-04-28,P,134.36,152.68,0.262345,-0.1,1.58,1.63,131,3486
2025-03-27,AAPL,2025-05-26,C,171.0,152.68,0.228463,0.1,1.37,1.42,464,620
2025-03-27,AAPL,2025-05-26,C,161.84,152.68,0.233472,0.25,1.4,1.46,191,139
2025-03-27,AAPL,2025-05-26,C,152.68,152.68,0.250169,0.5,1.5,1.56,178,392
2025-03-27,AAPL,2025-05-26,P,152.68,152.68,0.250169,-0.5,1.51,1.55,177,29
2025-03-27,AAPL,2025-05-26,P,143.52,152.68,0.266866,-0.25,1.61,1.65,433,1678
2025-03-27,AAPL,2025-05-26,P,134.36,152.68,0.273545,-0.1,1.65,1.69,100,2260
2025-03-28,AAPL,2025-04-22,C,170.55,152.28,0.226906,0.1,1.35,1.41,318,4466
2025-03-28,AAPL,2025-04-22,C,161.42,152.28,0.231343,0.25,1.38,1.44,431,630
2025-03-28,AAPL,2025-04-22,C,152.28,152.28,0.246133,0.5,1.48,1.52,366,4567
2025-03-28,AAPL,2025-04-22,P,152.28,152.28,0.246133,-0.5,1.48,1.52,185,2040
2025-03-28,AAPL,2025-04-22,P,143.14,152.28,0.260923,-0.25,1.56,1.62,284,4753
2025-03-28,AAPL,2025-04-22,P,134.01,152.28,0.266839,-0.1,1.6,1.65,418,3340
2025-03-28,AAPL,2025-04-29,C,170.55,152.28,0.229706,0.1,1.37,1.42,353,3769
2025-03-28,AAPL,2025-04-29,C,161.42,152.28,0.234143,0.25,1.41,1.45,51,729
2025-03-28,AAPL,2025-04-29,C,152.28,152.28,0.248933,0.5,1.49,1.54,402,1170
2025-03-28,AAPL,2025-04-29,P,152.28,152.28,0.248933,-0.5,1.49,1.54,26,1762
2025-03-28,AAPL,2025-04-29,P,143.14,152.28,0.263723,-0.25,1.58,1.64,460,4098
2025-03-28,AAPL,2025-04-29,P,134.01,152.28,0.269639,-0.1,1.62,1.67,156,3866
2025-03-28,AAPL,2025-05-27,C,170.55,152.28,0.240906,0.1,1.44,1.49,68,2476
2025-03-28,AAPL,2025-05-27,C,161.42,152.28,0.245343,0.25,1.47,1.52,188,4305
2025-03-28,AAPL,2025-05-27,C,152.28,152.28,0.260133,0.5,1.56,1.61,457,4511
2025-03-28,AAPL,2025-05-27,P,152.28,152.28,0.260133,-0.5,1.56,1.61,454,4798
2025-03-28,AAPL,2025-05-27,P,143.14,152.28,0.274923,-0.25,1.65,1.7,292,4659
2025-03-28,AAPL,2025-05-27,P,134.01,152.28,0.280839,-0.1,1.68,1.74,75,2118
2025-03-31,AAPL,2025-04-25,C,170.77,152.47,0.227957,0.1,1.37,1.41,30,1449
2025-03-31,AAPL,2025-04-25,C,161.62,152.47,0.231796,0.25,1.39,1.44,496,421
2025-03-31,AAPL,2025-04-25,C,152.47,152.47,0.244593,0.5,1.47,1.52,416,4439
2025-03-31,AAPL,2025-04-25,P,152.47,152.47,0.244593,-0.5,1.47,1.52,349,2609
2025-03-31,AAPL,2025-04-25,P,143.33,152.47,0.257389,-0.25,1.55,1.59,121,2327
2025-03-31,AAPL,2025-04-25,P,134.18,152.47,0.262508,-0.1,1.58,1.62,125,4116
2025-03-31,AAPL,2025-05-02,C,170.77,152.47,0.230757,0.1,1.39,1.43,356,3585
2025-03-31,AAPL,2025-05-02,C,161.62,152.47,0.234596,0.25,1.4,1.46,495,2878
2025-03-31,AAPL,2025-05-02,C,152.47,152.47,0.247393,0.5,1.48,1.54,133,1462
2025-03-31,AAPL,2025-05-02,P,152.47,152.47,0.247393,-0.5,1.48,1.54,170,3649
2025-03-31,AAPL,2025-05-02,P,143.33,152.47,0.260189,-0.25,1.56,1.61,3,3326
2025-03-31,AAPL,2025-05-02,P,134.18,152.47,0.265308,-0.1,1.59,1.65,34,4965
2025-03-31,AAPL,2025-05-30,C,170.77,152.47,0.241957,0.1,1.45,1.5,117,4071
2025-03-31,AAPL,2025-05-30,C,161.62,152.47,0.245796,0.25,1.47,1.53,34,2269
2025-03-31,AAPL,2025-05-30,C,152.47,152.47,0.258593,0.5,1.55,1.61,105,1978
2025-03-31,AAPL,2025-05-30,P,152.47,152.47,0.258593,-0.5,1.55,1.6,269,538
2025-03-31,AAPL,2025-05-30,P,143.33,152.47,0.271389,-0.25,1.63,1.68,158,4205
2025-03-31,AAPL,2025-05-30,P,134.18,152.47,0.276508,-0.1,1.66,1.71,456,1976
2025-04-01,AAPL,2025-04-26,C,171.56,153.18,0.238548,0.1,1.44,1.49,281,4031
2025-04-01,AAPL,2025-04-26,C,162.37,153.18,0.242502,0.25,1.46,1.51,304,359
2025-04-01,AAPL,2025-04-26,C,153.18,153.18,0.255684,0.5,1.54,1.59,195,2341
2025-04-01,AAPL,2025-04-26,P,153.18,153.18,0.255684,-0.5,1.54,1.59,283,2241
2025-04-01,AAPL,2025-04-26,P,143.99,153.18,0.268866,-0.25,1.62,1.67,249,2364
2025-04-01,AAPL,2025-04-26,P,134.8,153.18,0.274139,-0.1,1.65,1.71,114,2509
2025-04-01,AAPL,2025-05-03,C,171.56,153.18,0.241348,0.1,1.45,1.5,392,4090
2025-04-01,AAPL,2025-05-03,C,162.37,153.18,0.245302,0.25,1.48,1.53,33,1713
2025-04-01,AAPL,2025-05-03,C,153.18,153.18,0.258484,0.5,1.56,1.61,291,4269
2025-04-01,AAPL,2025-05-03,P,153.18,153.18,0.258484,-0.5,1.56,1.61,44,2917
2025-04-01,AAPL,2025-05-03,P,143.99,153.18,0.271666,-0.25,1.64,1.69,392,3698
2025-04-01,AAPL,2025-05-03,P,134.8,153.18,0.276939,-0.1,1.67,1.72,371,3360
2025-04-01,AAPL,2025-05-31,C,171.56,153.18,0.252548,0.1,1.52,1.57,243,2560
2025-04-01,AAPL,2025-05-31,C,162.37,153.18,0.256502,0.25,1.54,1.6,194,1912
2025-04-01,AAPL,2025-05-31,C,153.18,153.18,0.269684,0.5,1.62,1.68,118,4934
2025-04-01,AAPL,2025-05-31,P,153.18,153.18,0.269684,-0.5,1.62,1.68,90,837
2025-04-01,AAPL,2025-05-31,P,143.99,153.18,0.282866,-0.25,1.7,1.76,272,170
2025-04-01,AAPL,2025-05-31,P,134.8,153.18,0.288139,-0.1,1.74,1.79,468,4354
2025-04-02,AAPL,2025-04-27,C,172.52,154.03,0.209039,0.1,1.26,1.31,13,1945
2025-04-02,AAPL,2025-04-27,C,163.27,154.03,0.213697,0.25,1.29,1.34,280,3550
2025-04-02,AAPL,2025-04-27,C,154.03,154.03,0.229222,0.5,1.39,1.44,254,4463
2025-04-02,AAPL,2025-04-27,P,154.03,154.03,0.229222,-0.5,1.39,1.43,176,860
2025-04-02,AAPL,2025-04-27,P,144.79,154.03,0.244748,-0.25,1.48,1.53,400,4860
2025-04-02,AAPL,2025-04-27,P,135.55,154.03,0.250958,-0.1,1.52,1.57,151,1255
2025-04-02,AAPL,2025-05-04,C,172.52,154.03,0.211839,0.1,1.28,1.33,15,4304
2025-04-02,AAPL,2025-05-04,C,163.27,154.03,0.216497,0.25,1.31,1.36,167,2520
2025-04-02,AAPL,2025-05-04,C,154.03,154.03,0.232022,0.5,1.4,1.46,202,70
2025-04-02,AAPL,2025-05-04,P,154.03,154.03,0.232022,-0.5,1.4,1.46,258,2566
2025-04-02,AAPL,2025-05-04,P,144.79,154.03,0.247548,-0.25,1.5,1.55,126,1782
2025-04-02,AAPL,2025-05-04,P,135.55,154.03,0.253758,-0.1,1.54,1.59,214,848
2025-04-02,AAPL,2025-06-01,C,172.52,154.03,0.223039,0.1,1.35,1.4,421,3925
2025-04-02,AAPL,2025-06-01,C,163.27,154.03,0.227697,0.25,1.38,1.42,80,1973
2025-04-02,AAPL,2025-06-01,C,154.03,154.03,0.243222,0.5,1.47,1.53,449,23
2025-04-02,AAPL,2025-06-01,P,154.03,154.03,0.243222,-0.5,1.48,1.52,99,2779
2025-04-02,AAPL,2025-06-01,P,144.79,154.03,0.258748,-0.25,1.57,1.62,276,1367
2025-04-02,AAPL,2025-06-01,P,135.55,154.03,0.264958,-0.1,1.61,1.66,399,915
2025-04-03,AAPL,2025-04-28,C,173.58,154.98,0.227201,0.1,1.38,1.44,47,2880
2025-04-03,AAPL,2025-04-28,C,164.28,154.98,0.230958,0.25,1.41,1.45,151,4223
2025-04-03,AAPL,2025-04-28,C,154.98,154.98,0.243482,0.5,1.49,1.53,107,3826
2025-04-03,AAPL,2025-04-28,P,154.98,154.98,0.243482,-0.5,1.49,1.53,237,3915
2025-04-03,AAPL,2025-04-28,P,145.68,154.98,0.256006,-0.25,1.57,1.61,387,941
2025-04-03,AAPL,2025-04-28,P,136.39,154.98,0.261016,-0.1,1.59,1.64,495,174
2025-04-03,AAPL,2025-05-05,C,173.58,154.98,0.230001,0.1,1.4,1.45,18,3622
2025-04-03,AAPL,2025-05-05,C,164.28,154.98,0.233758,0.25,1.42,1.48,55,413
2025-04-03,AAPL,2025-05-05,C,154.98,154.98,0.246282,0.5,1.5,1.56,203,3989
2025-04-03,AAPL,2025-05-05,P,154.98,154.98,0.246282,-0.5,1.5,1.56,254,3495
2025-04-03,AAPL,2025-05-05,P,145.68,154.98,0.258806,-0.25,1.58,1.63,283,2630
2025-04-03,AAPL,2025-05-05,P,136.39,154.98,0.263816,-0.1,1.61,1.66,375,4596
2025-04-03,AAPL,2025-06-02,C,173.58,154.98,0.241201,0.1,1.47,1.52,294,1585
2025-04-03,AAPL,2025-06-02,C,164.28,154.98,0.244958,0.25,1.5,1.54,296,4724
2025-04-03,AAPL,2025-06-02,C,154.98,154.98,0.257482,0.5,1.57,1.62,45,3379
2025-04-03,AAPL,2025-06-02,P,154.98,154.98,0.257482,-0.5,1.57,1.62,408,4955
2025-04-03,AAPL,2025-06-02,P,145.68,154.98,0.270006,-0.25,1.65,1.7,150,3999
2025-04-03,AAPL,2025-06-02,P,136.39,154.98,0.275016,-0.1,1.68,1.73,77,253
2025-04-04,AAPL,2025-04-29,C,173.11,154.57,0.226429,0.1,1.38,1.42,328,3246
2025-04-04,AAPL,2025-04-29,C,163.84,154.57,0.22884,0.25,1.39,1.44,51,1306
2025-04-04,AAPL,2025-04-29,C,154.57,154.57,0.236878,0.5,1.44,1.49,238,593
2025-04-04,AAPL,2025-04-29,P,154.57,154.57,0.236878,-0.5,1.44,1.49,47,3192
2025-04-04,AAPL,2025-04-29,P,145.29,154.57,0.244917,-0.25,1.49,1.54,157,1091
2025-04-04,AAPL,2025-04-29,P,136.02,154.57,0.248132,-0.1,1.51,1.56,120,3437
2025-04-04,AAPL,2025-05-06,C,173.11,154.57,0.229229,0.1,1.39,1.44,289,4675
2025-04-04,AAPL,2025-05-06,C,163.84,154.57,0.23164,0.25,1.41,1.46,269,4180
2025-04-04,AAPL,2025-05-06,C,154.57,154.57,0.239678,0.5,1.46,1.5,230,3701
2025-04-04,AAPL,2025-05-06,P,154.57,154.57,0.239678,-0.5,1.45,1.51,404,4234
2025-04-04,AAPL,2025-05-06,P,145.29,154.57,0.247717,-0.25,1.51,1.56,264,3137
2025-04-04,AAPL,2025-05-06,P,136.02,154.57,0.250932,-0.1,1.53,1.57,267,3400
2025-04-04,AAPL,2025-06-03,C,173.11,154.57,0.240429,0.1,1.46,1.51,169,4991
2025-04-04,AAPL,2025-06-03,C,163.84,154.57,0.24284,0.25,1.48,1.53,304,315
2025-04-04,AAPL,2025-06-03,C,154.57,154.57,0.250878,0.5,1.53,1.58,304,603
2025-04-04,AAPL,2025-06-03,P,154.57,154.57,0.250878,-0.5,1.53,1.57,320,1650
2025-04-04,AAPL,2025-06-03,P,145.29,154.57,0.258917,-0.25,1.57,1.63,398,927
2025-04-04,AAPL,2025-06-03,P,136.02,154.57,0.262132,-0.1,1.6,1.64,11,234
2025-04-07,AAPL,2025-05-02,C,172.49,154.01,0.238708,0.1,1.45,1.49,222,151
2025-04-07,AAPL,2025-05-02,C,163.25,154.01,0.24114,0.25,1.46,1.51,261,1419
2025-04-07,AAPL,2025-05-02,C,154.01,154.01,0.249246,0.5,1.51,1.56,128,2178
2025-04-07,AAPL,2025-05-02,P,154.01,154.01,0.249246,-0.5,1.51,1.56,376,1446
2025-04-07,AAPL,2025-05-02,P,144.77,154.01,0.257353,-0.25,1.56,1.61,305,279
2025-04-07,AAPL,2025-05-02,P,135.53,154.01,0.260595,-0.1,1.58,1.63,487,4903
2025-04-07,AAPL,2025-05-09,C,172.49,154.01,0.241508,0.1,1.46,1.52,29,2331
2025-04-07,AAPL,2025-05-09,C,163.25,154.01,0.24394,0.25,1.48,1.52,415,4064
2025-04-07,AAPL,2025-05-09,C,154.01,154.01,0.252046,0.5,1.53,1.58,65,1117
2025-04-07,AAPL,2025-05-09,P,154.01,154.01,0.252046,-0.5,1.53,1.58,273,2319
2025-04-07,AAPL,2025-05-09,P,144.77,154.01,0.260153,-0.25,1.57,1.63,379,3422
2025-04-07,AAPL,2025-05-09,P,135.53,154.01,0.263395,-0.1,1.6,1.65,476,3252
2025-04-07,AAPL,2025-06-06,C,172.49,154.01,0.252708,0.1,1.53,1.58,261,1864
2025-04-07,AAPL,2025-06-06,C,163.25,154.01,0.25514,0.25,1.55,1.59,95,3936
2025-04-07,AAPL,2025-06-06,C,154.01,154.01,0.263246,0.5,1.6,1.65,272,2196
2025-04-07,AAPL,2025-06-06,P,154.01,154.01,0.263246,-0.5,1.6,1.64,379,1055
2025-04-07,AAPL,2025-06-06,P,144.77,154.01,0.271353,-0.25,1.65,1.7,443,1170
2025-04-07,AAPL,2025-06-06,P,135.53,154.01,0.274595,-0.1,1.67,1.71,38,3839
2025-04-08,AAPL,2025-05-03,C,173.64,155.04,0.227811,0.1,1.39,1.44,139,2162
2025-04-08,AAPL,2025-05-03,C,164.34,155.04,0.2302,0.25,1.4,1.46,206,1610
2025-04-08,AAPL,2025-05-03,C,155.04,155.04,0.238162,0.5,1.45,1.5,137,4698
2025-04-08,AAPL,2025-05-03,P,155.04,155.04,0.238162,-0.5,1.45,1.5,478,2164
2025-04-08,AAPL,2025-05-03,P,145.74,155.04,0.246124,-0.25,1.5,1.55,4,2294
2025-04-08,AAPL,2025-05-03,P,136.44,155.04,0.249309,-0.1,1.52,1.57,342,2631
2025-04-08,AAPL,2025-05-10,C,173.64,155.04,0.230611,0.1,1.41,1.45,262,530
2025-04-08,AAPL,2025-05-10,C,164.34,155.04,0.233,0.25,1.42,1.47,417,628
2025-04-08,AAPL,2025-05-10,C,155.04,155.04,0.240962,0.5,1.47,1.52,326,2789
2025-04-08,AAPL,2025-05-10,P,155.04,155.04,0.240962,-0.5,1.47,1.52,113,190
2025-04-08,AAPL,2025-05-10,P,145.74,155.04,0.248924,-0.25,1.52,1.57,445,2294
2025-04-08,AAPL,2025-05-10,P,136.44,155.04,0.252109,-0.1,1.54,1.58,217,1255
2025-04-08,AAPL,2025-06-07,C,173.64,155.04,0.241811,0.1,1.48,1.52,440,1091
2025-04-08,AAPL,2025-06-07,C,164.34,155.04,0.2442,0.25,1.49,1.54,72,2012
2025-04-08,AAPL,2025-06-07,C,155.04,155.04,0.252162,0.5,1.54,1.59,268,14
2025-04-08,AAPL,2025-06-07,P,155.04,155.04,0.252162,-0.5,1.54,1.59,98,476
2025-04-08,AAPL,2025-06-07,P,145.74,155.04,0.260124,-0.25,1.59,1.64,155,1652
2025-04-08,AAPL,2025-06-07,P,136.44,155.04,0.263309,-0.1,1.61,1.66,166,1116
2025-04-09,AAPL,2025-05-04,C,173.39,154.81,0.234018,0.1,1.42,1.48,199,550
2025-04-09,AAPL,2025-05-04,C,164.1,154.81,0.235971,0.25,1.44,1.48,97,741
2025-04-09,AAPL,2025-05-04,C,154.81,154.81,0.242484,0.5,1.47,1.53,285,3092
2025-04-09,AAPL,2025-05-04,P,154.81,154.81,0.242484,-0.5,1.48,1.53,272,4933
2025-04-09,AAPL,2025-05-04,P,145.52,154.81,0.248996,-0.25,1.52,1.56,196,4872
2025-04-09,AAPL,2025-05-04,P,136.23,154.81,0.251601,-0.1,1.54,1.58,434,3119
2025-04-09,AAPL,2025-05-11,C,173.39,154.81,0.236818,0.1,1.44,1.49,63,1925
2025-04-09,AAPL,2025-05-11,C,164.1,154.81,0.238771,0.25,1.45,1.51,154,754
2025-04-09,AAPL,2025-05-11,C,154.81,154.81,0.245284,0.5,1.49,1.55,241,1901
2025-04-09,AAPL,2025-05-11,P,154.81,154.81,0.245284,-0.5,1.49,1.55,150,4839
2025-04-09,AAPL,2025-05-11,P,145.52,154.81,0.251796,-0.25,1.54,1.58,204,4615
2025-04-09,AAPL,2025-05-11,P,136.23,154.81,0.254401,-0.1,1.55,1.6,306,3524
2025-04-09,AAPL,2025-06-08,C,173.39,154.81,0.248018,0.1,1.51,1.56,258,2671
2025-04-09,AAPL,2025-06-08,C,164.1,154.81,0.249971,0.25,1.52,1.57,59,2286
2025-04-09,AAPL,2025-06-08,C,154.81,154.81,0.256484,0.5,1.57,1.61,411,1228
2025-04-09,AAPL,2025-06-08,P,154.81,154.81,0.256484,-0.5,1.56,1.62,438,182
2025-04-09,AAPL,2025-06-08,P,145.52,154.81,0.262996,-0.25,1.6,1.66,389,4996
2025-04-09,AAPL,2025-06-08,P,136.23,154.81,0.265601,-0.1,1.62,1.66,436,813
2025-04-10,AAPL,2025-05-05,C,171.67,153.28,0.22136,0.1,1.34,1.38,85,2953
2025-04-10,AAPL,2025-05-05,C,162.48,153.28,0.224024,0.25,1.35,1.4,206,2944
2025-04-10,AAPL,2025-05-05,C,153.28,153.28,0.232906,0.5,1.4,1.45,171,3489
2025-04-10,AAPL,2025-05-05,P,153.28,153.28,0.232906,-0.5,1.4,1.45,289,1046
2025-04-10,AAPL,2025-05-05,P,144.08,153.28,0.241788,-0.25,1.46,1.51,359,4410
2025-04-10,AAPL,2025-05-05,P,134.89,153.28,0.24534,-0.1,1.48,1.53,393,2364
2025-04-10,AAPL,2025-05-12,C,171.67,153.28,0.22416,0.1,1.35,1.4,356,438
2025-04-10,AAPL,2025-05-12,C,162.48,153.28,0.226824,0.25,1.37,1.41,328,65
2025-04-10,AAPL,2025-05-12,C,153.28,153.28,0.235706,0.5,1.42,1.48,416,1120
2025-04-10,AAPL,2025-05-12,P,153.28,153.28,0.235706,-0.5,1.42,1.47,495,851
2025-04-10,AAPL,2025-05-12,P,144.08,153.28,0.244588,-0.25,1.48,1.52,372,2097
2025-04-10,AAPL,2025-05-12,P,134.89,153.28,0.24814,-0.1,1.5,1.54,269,3993
2025-04-10,AAPL,2025-06-09,C,171.67,153.28,0.23536,0.1,1.41,1.47,325,4377
2025-04-10,AAPL,2025-06-09,C,162.48,153.28,0.238024,0.25,1.44,1.48,47,3885
2025-04-10,AAPL,2025-06-09,C,153.28,153.28,0.246906,0.5,1.49,1.54,234,4567
2025-04-10,AAPL,2025-06-09,P,153.28,153.28,0.246906,-0.5,1.49,1.54,99,1688
2025-04-10,AAPL,2025-06-09,P,144.08,153.28,0.255788,-0.25,1.55,1.59,262,68
2025-04-10,AAPL,2025-06-09,P,134.89,153.28,0.25934,-0.1,1.57,1.61,340,4570
2025-04-11,AAPL,2025-05-06,C,170.15,151.92,0.212887,0.1,1.26,1.32,455,512
2025-04-11,AAPL,2025-05-06,C,161.03,151.92,0.216387,0.25,1.29,1.34,57,1293
2025-04-11,AAPL,2025-05-06,C,151.92,151.92,0.228052,0.5,1.36,1.41,169,1609
2025-04-11,AAPL,2025-05-06,P,151.92,151.92,0.228052,-0.5,1.36,1.41,80,2873
2025-04-11,AAPL,2025-05-06,P,142.8,151.92,0.239718,-0.25,1.43,1.48,128,2350
2025-04-11,AAPL,2025-05-06,P,133.69,151.92,0.244384,-0.1,1.46,1.51,127,649
2025-04-11,AAPL,2025-05-13,C,170.15,151.92,0.215687,0.1,1.28,1.34,467,2533
2025-04-11,AAPL,2025-05-13,C,161.03,151.92,0.219187,0.25,1.3,1.36,97,3272
2025-04-11,AAPL,2025-05-13,C,151.92,151.92,0.230852,0.5,1.38,1.43,109,3583
2025-04-11,AAPL,2025-05-13,P,151.92,151.92,0.230852,-0.5,1.37,1.43,88,3071
2025-04-11,AAPL,2025-05-13,P,142.8,151.92,0.242518,-0.25,1.45,1.5,372,506
2025-04-11,AAPL,2025-05-13,P,133.69,151.92,0.247184,-0.1,1.48,1.53,97,341
2025-04-11,AAPL,2025-06-10,C,170.15,151.92,0.226887,0.1,1.36,1.4,249,312
2025-04-11,AAPL,2025-06-10,C,161.03,151.92,0.230387,0.25,1.37,1.43,465,810
2025-04-11,AAPL,2025-06-10,C,151.92,151.92,0.242052,0.5,1.44,1.5,302,3956
2025-04-11,AAPL,2025-06-10,P,151.92,151.92,0.242052,-0.5,1.44,1.5,70,1554
2025-04-11,AAPL,2025-06-10,P,142.8,151.92,0.253718,-0.25,1.52,1.57,433,2819
2025-04-11,AAPL,2025-06-10,P,133.69,151.92,0.258384,-0.1,1.55,1.59,412,3279
2025-04-14,AAPL,2025-05-09,C,168.91,150.82,0.212546,0.1,1.25,1.31,376,499
2025-04-14,AAPL,2025-05-09,C,159.87,150.82,0.215837,0.25,1.27,1.33,320,2974
2025-04-14,AAPL,2025-05-09,C,150.82,150.82,0.226808,0.5,1.35,1.39,141,3730
2025-04-14,AAPL,2025-05-09,P,150.82,150.82,0.226808,-0.5,1.35,1.39,198,3874
2025-04-14,AAPL,2025-05-09,P,141.77,150.82,0.237779,-0.25,1.41,1.46,267,562
2025-04-14,AAPL,2025-05-09,P,132.72,150.82,0.242168,-0.1,1.44,1.48,379,3756
2025-04-14,AAPL,2025-05-16,C,168.91,150.82,0.215346,0.1,1.28,1.32,159,4447
2025-04-14,AAPL,2025-05-16,C,159.87,150.82,0.218637,0.25,1.29,1.35,224,3493
2025-04-14,AAPL,2025-05-16,C,150.82,150.82,0.229608,0.5,1.36,1.41,438,3547
2025-04-14,AAPL,2025-05-16,P,150.82,150.82,0.229608,-0.5,1.36,1.41,125,466
2025-04-14,AAPL,2025-05-16,P,141.77,150.82,0.240579,-0.25,1.43,1.47,218,1181
2025-04-14,AAPL,2025-05-16,P,132.72,150.82,0.244968,-0.1,1.45,1.5,175,3714
2025-04-14,AAPL,2025-06-13,C,168.91,150.82,0.226546,0.1,1.34,1.39,57,2857
2025-04-14,AAPL,2025-06-13,C,159.87,150.82,0.229837,0.25,1.36,1.41,208,715
2025-04-14,AAPL,2025-06-13,C,150.82,150.82,0.240808,0.5,1.43,1.48,425,4299
2025-04-14,AAPL,2025-06-13,P,150.82,150.82,0.240808,-0.5,1.43,1.48,320,1896
2025-04-14,AAPL,2025-06-13,P,141.77,150.82,0.251779,-0.25,1.49,1.55,189,331
2025-04-14,AAPL,2025-06-13,P,132.72,150.82,0.256168,-0.1,1.52,1.57,191,1158
2025-04-15,AAPL,2025-05-10,C,169.58,151.41,0.245054,0.1,1.46,1.51,359,3092
2025-04-15,AAPL,2025-05-10,C,160.5,151.41,0.248307,0.25,1.48,1.52,151,929
2025-04-15,AAPL,2025-05-10,C,151.41,151.41,0.259149,0.5,1.54,1.6,449,1904
2025-04-15,AAPL,2025-05-10,P,151.41,151.41,0.259149,-0.5,1.54,1.6,336,3825
2025-04-15,AAPL,2025-05-10,P,142.33,151.41,0.26999,-0.25,1.61,1.66,195,3750
2025-04-15,AAPL,2025-05-10,P,133.24,151.41,0.274327,-0.1,1.63,1.69,88,2310
2025-04-15,AAPL,2025-05-17,C,169.58,151.41,0.247854,0.1,1.47,1.53,340,4594
2025-04-15,AAPL,2025-05-17,C,160.5,151.41,0.251107,0.25,1.5,1.54,104,4433
2025-04-15,AAPL,2025-05-17,C,151.41,151.41,0.261949,0.5,1.57,1.61,412,3245
2025-04-15,AAPL,2025-05-17,P,151.41,151.41,0.261949,-0.5,1.56,1.61,304,3076
2025-04-15,AAPL,2025-05-17,P,142.33,151.41,0.27279,-0.25,1.63,1.68,231,3090
2025-04-15,AAPL,2025-05-17,P,133.24,151.41,0.277127,-0.1,1.66,1.7,422,1085
2025-04-15,AAPL,2025-06-14,C,169.58,151.41,0.259054,0.1,1.55,1.59,115,2992
2025-04-15,AAPL,2025-06-14,C,160.5,151.41,0.262307,0.25,1.56,1.61,70,1229
2025-04-15,AAPL,2025-06-14,C,151.41,151.41,0.273149,0.5,1.63,1.68,160,1875
2025-04-15,AAPL,2025-06-14,P,151.41,151.41,0.273149,-0.5,1.63,1.68,457,2054
2025-04-15,AAPL,2025-06-14,P,142.33,151.41,0.28399,-0.25,1.7,1.74,72,3660
2025-04-15,AAPL,2025-06-14,P,133.24,151.41,0.288327,-0.1,1.72,1.77,159,91
2025-04-16,AAPL,2025-05-11,C,169.77,151.58,0.23985,0.1,1.43,1.48,270,3620
2025-04-16,AAPL,2025-05-11,C,160.68,151.58,0.243747,0.25,1.45,1.51,6,4534
2025-04-16,AAPL,2025-05-11,C,151.58,151.58,0.256735,0.5,1.53,1.58,4,3058
2025-04-16,AAPL,2025-05-11,P,151.58,151.58,0.256735,-0.5,1.53,1.58,386,1343
2025-04-16,AAPL,2025-05-11,P,142.49,151.58,0.269724,-0.25,1.61,1.66,113,578
2025-04-16,AAPL,2025-05-11,P,133.39,151.58,0.27492,-0.1,1.64,1.69,151,3906
2025-04-16,AAPL,2025-05-18,C,169.77,151.58,0.24265,0.1,1.44,1.5,270,1588
2025-04-16,AAPL,2025-05-18,C,160.68,151.58,0.246547,0.25,1.47,1.52,232,2273
2025-04-16,AAPL,2025-05-18,C,151.58,151.58,0.259535,0.5,1.55,1.6,399,4596
2025-04-16,AAPL,2025-05-18,P,151.58,151.58,0.259535,-0.5,1.54,1.6,85,4581
2025-04-16,AAPL,2025-05-18,P,142.49,151.58,0.272524,-0.25,1.62,1.68,195,4823
2025-04-16,AAPL,2025-05-18,P,133.39,151.58,0.27772,-0.1,1.66,1.71,451,246
2025-04-16,AAPL,2025-06-15,C,169.77,151.58,0.25385,0.1,1.52,1.56,161,1957
2025-04-16,AAPL,2025-06-15,C,160.68,151.58,0.257747,0.25,1.54,1.59,80,858
2025-04-16,AAPL,2025-06-15,C,151.58,151.58,0.270735,0.5,1.61,1.67,111,985
2025-04-16,AAPL,2025-06-15,P,151.58,151.58,0.270735,-0.5,1.61,1.67,353,3806
2025-04-16,AAPL,2025-06-15,P,142.49,151.58,0.283724,-0.25,1.69,1.75,30,3383
2025-04-16,AAPL,2025-06-15,P,133.39,151.58,0.28892,-0.1,1.73,1.78,355,3235
2025-04-17,AAPL,2025-05-12,C,170.7,152.41,0.238002,0.1,1.42,1.48,141,1515
2025-04-17,AAPL,2025-05-12,C,161.56,152.41,0.24178,0.25,1.45,1.5,188,3558
2025-04-17,AAPL,2025-05-12,C,152.41,152.41,0.254374,0.5,1.52,1.58,3,2261
2025-04-17,AAPL,2025-05-12,P,152.41,152.41,0.254374,-0.5,1.52,1.58,76,805
2025-04-17,AAPL,2025-05-12,P,143.27,152.41,0.266967,-0.25,1.6,1.65,405,1360
2025-04-17,AAPL,2025-05-12,P,134.12,152.41,0.272005,-0.1,1.64,1.68,325,819
2025-04-17,AAPL,2025-05-19,C,170.7,152.41,0.240802,0.1,1.44,1.49,401,1662
2025-04-17,AAPL,2025-05-19,C,161.56,152.41,0.24458,0.25,1.47,1.52,32,960
2025-04-17,AAPL,2025-05-19,C,152.41,152.41,0.257174,0.5,1.55,1.59,138,2713
2025-04-17,AAPL,2025-05-19,P,152.41,152.41,0.257174,-0.5,1.55,1.59,312,3447
2025-04-17,AAPL,2025-05-19,P,143.27,152.41,0.269767,-0.25,1.62,1.67,63,2139
2025-04-17,AAPL,2025-05-19,P,134.12,152.41,0.274805,-0.1,1.65,1.7,270,500
2025-04-17,AAPL,2025-06-16,C,170.7,152.41,0.252002,0.1,1.52,1.56,137,3609
2025-04-17,AAPL,2025-06-16,C,161.56,152.41,0.25578,0.25,1.53,1.59,286,4216
2025-04-17,AAPL,2025-06-16,C,152.41,152.41,0.268374,0.5,1.62,1.66,36,3886
2025-04-17,AAPL,2025-06-16,P,152.41,152.41,0.268374,-0.5,1.61,1.66,9,1523
2025-04-17,AAPL,2025-06-16,P,143.27,152.41,0.280967,-0.25,1.69,1.73,233,4980
2025-04-17,AAPL,2025-06-16,P,134.12,152.41,0.286005,-0.1,1.72,1.76,136,4136
2025-04-18,AAPL,2025-05-13,C,170.13,151.9,0.228391,0.1,1.36,1.42,34,3561
2025-04-18,AAPL,2025-05-13,C,161.01,151.9,0.231327,0.25,1.38,1.43,148,927
2025-04-18,AAPL,2025-05-13,C,151.9,151.9,0.241116,0.5,1.45,1.49,83,2996
2025-04-18,AAPL,2025-05-13,P,151.9,151.9,0.241116,-0.5,1.44,1.49,403,627
2025-04-18,AAPL,2025-05-13,P,142.79,151.9,0.250905,-0.25,1.5,1.55,241,1665
2025-04-18,AAPL,2025-05-13,P,133.67,151.9,0.254821,-0.1,1.53,1.57,426,293
2025-04-18,AAPL,2025-05-20,C,170.13,151.9,0.231191,0.1,1.38,1.43,233,1567
2025-04-18,AAPL,2025-05-20,C,161.01,151.9,0.234127,0.25,1.39,1.45,61,4822
2025-04-18,AAPL,2025-05-20,C,151.9,151.9,0.243916,0.5,1.46,1.5,28,3577
2025-04-18,AAPL,2025-05-20,P,151.9,151.9,0.243916,-0.5,1.46,1.51,33,3456
2025-04-18,AAPL,2025-05-20,P,142.79,151.9,0.253705,-0.25,1.52,1.56,34,950
2025-04-18,AAPL,2025-05-20,P,133.67,151.9,0.257621,-0.1,1.54,1.59,401,3024
2025-04-18,AAPL,2025-06-17,C,170.13,151.9,0.242391,0.1,1.44,1.5,329,3363
2025-04-18,AAPL,2025-06-17,C,161.01,151.9,0.245327,0.25,1.46,1.52,280,4923
2025-04-18,AAPL,2025-06-17,C,151.9,151.9,0.255116,0.5,1.52,1.58,171,210
2025-04-18,AAPL,2025-06-17,P,151.9,151.9,0.255116,-0.5,1.52,1.58,369,1829
2025-04-18,AAPL,2025-06-17,P,142.79,151.9,0.264905,-0.25,1.59,1.63,19,2541
2025-04-18,AAPL,2025-06-17,P,133.67,151.9,0.268821,-0.1,1.6,1.66,380,1294
2025-04-21,AAPL,2025-05-16,C,170.34,152.09,0.205103,0.1,1.23,1.27,14,297
2025-04-21,AAPL,2025-05-16,C,161.22,152.09,0.208217,0.25,1.25,1.29,469,3637
2025-04-21,AAPL,2025-05-16,C,152.09,152.09,0.218597,0.5,1.3,1.36,72,725
2025-04-21,AAPL,2025-05-16,P,152.09,152.09,0.218597,-0.5,1.31,1.35,146,983
2025-04-21,AAPL,2025-05-16,P,142.96,152.09,0.228978,-0.25,1.37,1.41,123,2771
2025-04-21,AAPL,2025-05-16,P,133.84,152.09,0.23313,-0.1,1.39,1.45,108,3242
2025-04-21,AAPL,2025-05-23,C,170.34,152.09,0.207903,0.1,1.24,1.29,129,2779
2025-04-21,AAPL,2025-05-23,C,161.22,152.09,0.211017,0.25,1.26,1.3,282,779
2025-04-21,AAPL,2025-05-23,C,152.09,152.09,0.221397,0.5,1.32,1.38,268,3809
2025-04-21,AAPL,2025-05-23,P,152.09,152.09,0.221397,-0.5,1.32,1.38,406,4584
2025-04-21,AAPL,2025-05-23,P,142.96,152.09,0.231778,-0.25,1.38,1.44,262,4641
2025-04-21,AAPL,2025-05-23,P,133.84,152.09,0.23593,-0.1,1.41,1.46,43,28
2025-04-21,AAPL,2025-06-20,C,170.34,152.09,0.219103,0.1,1.31,1.35,106,556
2025-04-21,AAPL,2025-06-20,C,161.22,152.09,0.222217,0.25,1.33,1.37,313,1764
2025-04-21,AAPL,2025-06-20,C,152.09,152.09,0.232597,0.5,1.39,1.44,485,3955
2025-04-21,AAPL,2025-06-20,P,152.09,152.09,0.232597,-0.5,1.39,1.44,337,740
2025-04-21,AAPL,2025-06-20,P,142.96,152.09,0.242978,-0.25,1.45,1.51,127,1780
2025-04-21,AAPL,2025-06-20,P,133.84,152.09,0.24713,-0.1,1.48,1.52,409,1410
2025-04-22,AAPL,2025-05-17,C,171.18,152.84,0.220495,0.1,1.33,1.37,270,4061
2025-04-22,AAPL,2025-05-17,C,162.01,152.84,0.223157,0.25,1.34,1.39,145,3480
2025-04-22,AAPL,2025-05-17,C,152.84,152.84,0.232033,0.5,1.4,1.44,394,4041
2025-04-22,AAPL,2025-05-17,P,152.84,152.84,0.232033,-0.5,1.39,1.45,233,982
2025-04-22,AAPL,2025-05-17,P,143.67,152.84,0.240909,-0.25,1.45,1.5,173,2422
2025-04-22,AAPL,2025-05-17,P,134.5,152.84,0.24446,-0.1,1.47,1.52,119,569
2025-04-22,AAPL,2025-05-24,C,171.18,152.84,0.223295,0.1,1.34,1.39,183,508
2025-04-22,AAPL,2025-05-24,C,162.01,152.84,0.225957,0.25,1.36,1.4,8,671
2025-04-22,AAPL,2025-05-24,C,152.84,152.84,0.234833,0.5,1.41,1.47,121,1431
2025-04-22,AAPL,2025-05-24,P,152.84,152.84,0.234833,-0.5,1.41,1.46,358,1617
2025-04-22,AAPL,2025-05-24,P,143.67,152.84,0.243709,-0.25,1.46,1.52,473,2819
2025-04-22,AAPL,2025-05-24,P,134.5,152.84,0.24726,-0.1,1.48,1.54,393,1506
2025-04-22,AAPL,2025-06-21,C,171.18,152.84,0.234495,0.1,1.41,1.45,441,2785
2025-04-22,AAPL,2025-06-21,C,162.01,152.84,0.237157,0.25,1.43,1.47,141,4011
2025-04-22,AAPL,2025-06-21,C,152.84,152.84,0.246033,0.5,1.48,1.53,151,2368
2025-04-22,AAPL,2025-06-21,P,152.84,152.84,0.246033,-0.5,1.47,1.53,256,2769
2025-04-22,AAPL,2025-06-21,P,143.67,152.84,0.254909,-0.25,1.54,1.58,474,2449
2025-04-22,AAPL,2025-06-21,P,134.5,152.84,0.25846,-0.1,1.56,1.6,138,4021
2025-04-23,AAPL,2025-05-18,C,170.77,152.47,0.20192,0.1,1.21,1.25,137,2830
2025-04-23,AAPL,2025-05-18,C,161.62,152.47,0.205061,0.25,1.23,1.27,3,405
2025-04-23,AAPL,2025-05-18,C,152.47,152.47,0.215529,0.5,1.29,1.34,149,368
2025-04-23,AAPL,2025-05-18,P,152.47,152.47,0.215529,-0.5,1.29,1.34,420,1700
2025-04-23,AAPL,2025-05-18,P,143.32,152.47,0.225998,-0.25,1.36,1.4,250,952
2025-04-23,AAPL,2025-05-18,P,134.17,152.47,0.230185,-0.1,1.38,1.43,172,4758
2025-04-23,AAPL,2025-05-25,C,170.77,152.47,0.20472,0.1,1.23,1.27,469,4798
2025-04-23,AAPL,2025-05-25,C,161.62,152.47,0.207861,0.25,1.24,1.29,87,3211
2025-04-23,AAPL,2025-05-25,C,152.47,152.47,0.218329,0.5,1.3,1.36,284,3523
2025-04-23,AAPL,2025-05-25,P,152.47,152.47,0.218329,-0.5,1.3,1.36,90,2422
2025-04-23,AAPL,2025-05-25,P,143.32,152.47,0.228798,-0.25,1.37,1.42,71,1625
2025-04-23,AAPL,2025-05-25,P,134.17,152.47,0.232985,-0.1,1.4,1.44,318,3326
2025-04-23,AAPL,2025-06-22,C,170.77,152.47,0.21592,0.1,1.3,1.34,18,1385
2025-04-23,AAPL,2025-06-22,C,161.62,152.47,0.219061,0.25,1.32,1.36,80,961
2025-04-23,AAPL,2025-06-22,C,152.47,152.47,0.229529,0.5,1.37,1.43,16,3146
2025-04-23,AAPL,2025-06-22,P,152.47,152.47,0.229529,-0.5,1.38,1.42,19,459
2025-04-23,AAPL,2025-06-22,P,143.32,152.47,0.239998,-0.25,1.44,1.49,232,1770
2025-04-23,AAPL,2025-06-22,P,134.17,152.47,0.244185,-0.1,1.46,1.52,364,2899
2025-04-24,AAPL,2025-05-19,C,171.38,153.02,0.258572,0.1,1.56,1.61,6,4831
2025-04-24,AAPL,2025-05-19,C,162.2,153.02,0.261558,0.25,1.57,1.63,478,2489
2025-04-24,AAPL,2025-05-19,C,153.02,153.02,0.271511,0.5,1.64,1.69,67,142
2025-04-24,AAPL,2025-05-19,P,153.02,153.02,0.271511,-0.5,1.63,1.69,238,1602
2025-04-24,AAPL,2025-05-19,P,143.84,153.02,0.281465,-0.25,1.7,1.75,435,4997
2025-04-24,AAPL,2025-05-19,P,134.66,153.02,0.285446,-0.1,1.72,1.77,168,246
2025-04-24,AAPL,2025-05-26,C,171.38,153.02,0.261372,0.1,1.58,1.62,103,137
2025-04-24,AAPL,2025-05-26,C,162.2,153.02,0.264358,0.25,1.59,1.64,161,367
2025-04-24,AAPL,2025-05-26,C,153.02,153.02,0.274311,0.5,1.65,1.71,403,4685
2025-04-24,AAPL,2025-05-26,P,153.02,153.02,0.274311,-0.5,1.65,1.7,393,3087
2025-04-24,AAPL,2025-05-26,P,143.84,153.02,0.284265,-0.25,1.72,1.76,243,329
2025-04-24,AAPL,2025-05-26,P,134.66,153.02,0.288246,-0.1,1.74,1.79,434,517
2025-04-24,AAPL,2025-06-23,C,171.38,153.02,0.272572,0.1,1.65,1.69,395,1563
2025-04-24,AAPL,2025-06-23,C,162.2,153.02,0.275558,0.25,1.67,1.71,486,2175
2025-04-24,AAPL,2025-06-23,C,153.02,153.02,0.285511,0.5,1.72,1.77,71,4008
2025-04-24,AAPL,2025-06-23,P,153.02,153.02,0.285511,-0.5,1.72,1.77,100,4235
2025-04-24,AAPL,2025-06-23,P,143.84,153.02,0.295465,-0.25,1.78,1.83,47,4245
2025-04-24,AAPL,2025-06-23,P,134.66,153.02,0.299446,-0.1,1.81,1.86,289,1122
2025-04-25,AAPL,2025-05-20,C,170.49,152.22,0.239182,0.1,1.43,1.48,346,140
2025-04-25,AAPL,2025-05-20,C,161.36,152.22,0.242254,0.25,1.45,1.5,225,1839
2025-04-25,AAPL,2025-05-20,C,152.22,152.22,0.252492,0.5,1.51,1.56,167,2628
2025-04-25,AAPL,2025-05-20,P,152.22,152.22,0.252492,-0.5,1.51,1.57,403,1468
2025-04-25,AAPL,2025-05-20,P,143.09,152.22,0.26273,-0.25,1.57,1.62,94,1707
2025-04-25,AAPL,2025-05-20,P,133.96,152.22,0.266825,-0.1,1.6,1.65,187,796
2025-04-25,AAPL,2025-05-27,C,170.49,152.22,0.241982,0.1,1.45,1.49,349,2519
2025-04-25,AAPL,2025-05-27,C,161.36,152.22,0.245054,0.25,1.47,1.52,414,3979
2025-04-25,AAPL,2025-05-27,C,152.22,152.22,0.255292,0.5,1.53,1.58,441,3871
2025-04-25,AAPL,2025-05-27,P,152.22,152.22,0.255292,-0.5,1.53,1.58,445,174
2025-04-25,AAPL,2025-05-27,P,143.09,152.22,0.26553,-0.25,1.6,1.64,447,203
2025-04-25,AAPL,2025-05-27,P,133.96,152.22,0.269625,-0.1,1.62,1.67,100,2482
2025-04-25,AAPL,2025-06-24,C,170.49,152.22,0.253182,0.1,1.52,1.57,282,2807
2025-04-25,AAPL,2025-06-24,C,161.36,152.22,0.256254,0.25,1.54,1.59,282,3392
2025-04-25,AAPL,2025-06-24,C,152.22,152.22,0.266492,0.5,1.6,1.65,431,1597
2025-04-25,AAPL,2025-06-24,P,152.22,152.22,0.266492,-0.5,1.6,1.65,138,2929
2025-04-25,AAPL,2025-06-24,P,143.09,152.22,0.27673,-0.25,1.66,1.71,63,1580
2025-04-25,AAPL,2025-06-24,P,133.96,152.22,0.280825,-0.1,1.69,1.73,293,3473
2025-04-28,AAPL,2025-05-23,C,170.0,151.79,0.218784,0.1,1.31,1.35,186,2210
2025-04-28,AAPL,2025-05-23,C,160.89,151.79,0.222467,0.25,1.32,1.38,264,191
2025-04-28,AAPL,2025-05-23,C,151.79,151.79,0.234743,0.5,1.4,1.45,7,824
2025-04-28,AAPL,2025-05-23,P,151.79,151.79,0.234743,-0.5,1.4,1.45,363,2127
2025-04-28,AAPL,2025-05-23,P,142.68,151.79,0.247019,-0.25,1.48,1.52,329,4577
2025-04-28,AAPL,2025-05-23,P,133.57,151.79,0.251929,-0.1,1.51,1.55,149,4771
2025-04-28,AAPL,2025-05-30,C,170.0,151.79,0.221584,0.1,1.32,1.37,70,4332
2025-04-28,AAPL,2025-05-30,C,160.89,151.79,0.225267,0.25,1.34,1.4,332,2788
2025-04-28,AAPL,2025-05-30,C,151.79,151.79,0.237543,0.5,1.42,1.46,281,3429
2025-04-28,AAPL,2025-05-30,P,151.79,151.79,0.237543,-0.5,1.42,1.47,469,4723
2025-04-28,AAPL,2025-05-30,P,142.68,151.79,0.249819,-0.25,1.49,1.54,72,1349
2025-04-28,AAPL,2025-05-30,P,133.57,151.79,0.254729,-0.1,1.53,1.57,199,3496
2025-04-28,AAPL,2025-06-27,C,170.0,151.79,0.232784,0.1,1.38,1.44,325,151
2025-04-28,AAPL,2025-06-27,C,160.89,151.79,0.236467,0.25,1.41,1.46,431,4635
2025-04-28,AAPL,2025-06-27,C,151.79,151.79,0.248743,0.5,1.49,1.53,365,559
2025-04-28,AAPL,2025-06-27,P,151.79,151.79,0.248743,-0.5,1.48,1.54,239,3243
2025-04-28,AAPL,2025-06-27,P,142.68,151.79,0.261019,-0.25,1.56,1.61,264,4173
2025-04-28,AAPL,2025-06-27,P,133.57,151.79,0.265929,-0.1,1.59,1.64,249,4536
2025-04-29,AAPL,2025-05-24,C,169.49,151.33,0.222508,0.1,1.32,1.38,206,2584
2025-04-29,AAPL,2025-05-24,C,160.41,151.33,0.226305,0.25,1.35,1.39,437,2534
2025-04-29,AAPL,2025-05-24,C,151.33,151.33,0.238962,0.5,1.43,1.47,394,3297
2025-04-29,AAPL,2025-05-24,P,151.33,151.33,0.238962,-0.5,1.43,1.47,270,2560
2025-04-29,AAPL,2025-05-24,P,142.25,151.33,0.251619,-0.25,1.5,1.54,237,1504
2025-04-29,AAPL,2025-05-24,P,133.17,151.33,0.256681,-0.1,1.53,1.58,218,3103
2025-04-29,AAPL,2025-05-31,C,169.49,151.33,0.225308,0.1,1.34,1.39,358,295
2025-04-29,AAPL,2025-05-31,C,160.41,151.33,0.229105,0.25,1.36,1.42,142,4305
2025-04-29,AAPL,2025-05-31,C,151.33,151.33,0.241762,0.5,1.44,1.49,137,3298
2025-04-29,AAPL,2025-05-31,P,151.33,151.33,0.241762,-0.5,1.44,1.49,173,779
2025-04-29,AAPL,2025-05-31,P,142.25,151.33,0.254419,-0.25,1.51,1.57,339,440
2025-04-29,AAPL,2025-05-31,P,133.17,151.33,0.259481,-0.1,1.54,1.6,346,4622
2025-04-29,AAPL,2025-06-28,C,169.49,151.33,0.236508,0.1,1.4,1.46,363,2817
2025-04-29,AAPL,2025-06-28,C,160.41,151.33,0.240305,0.25,1.43,1.48,450,4923
2025-04-29,AAPL,2025-06-28,C,151.33,151.33,0.252962,0.5,1.51,1.55,374,388
2025-04-29,AAPL,2025-06-28,P,151.33,151.33,0.252962,-0.5,1.51,1.56,495,1650
2025-04-29,AAPL,2025-06-28,P,142.25,151.33,0.265619,-0.25,1.58,1.63,220,45
2025-04-29,AAPL,2025-06-28,P,133.17,151.33,0.270681,-0.1,1.61,1.66,158,1327
2025-04-30,AAPL,2025-05-25,C,167.88,149.89,0.208785,0.1,1.23,1.27,440,1828
2025-04-30,AAPL,2025-05-25,C,158.89,149.89,0.212314,0.25,1.24,1.3,75,1689
2025-04-30,AAPL,2025-05-25,C,149.89,149.89,0.224075,0.5,1.32,1.37,349,3785
2025-04-30,AAPL,2025-05-25,P,149.89,149.89,0.224075,-0.5,1.32,1.37,469,4109
2025-04-30,AAPL,2025-05-25,P,140.9,149.89,0.235837,-0.25,1.39,1.44,406,2800
2025-04-30,AAPL,2025-05-25,P,131.91,149.89,0.240541,-0.1,1.42,1.46,15,185
2025-04-30,AAPL,2025-06-01,C,167.88,149.89,0.211585,0.1,1.24,1.3,317,3913
2025-04-30,AAPL,2025-06-01,C,158.89,149.89,0.215114,0.25,1.26,1.32,100,4512
2025-04-30,AAPL,2025-06-01,C,149.89,149.89,0.226875,0.5,1.34,1.38,40,3961
2025-04-30,AAPL,2025-06-01,P,149.89,149.89,0.226875,-0.5,1.34,1.38,236,3949
2025-04-30,AAPL,2025-06-01,P,140.9,149.89,0.238637,-0.25,1.41,1.45,193,1448
2025-04-30,AAPL,2025-06-01,P,131.91,149.89,0.243341,-0.1,1.43,1.49,46,3967
2025-04-30,AAPL,2025-06-29,C,167.88,149.89,0.222785,0.1,1.31,1.36,195,1513
2025-04-30,AAPL,2025-06-29,C,158.89,149.89,0.226314,0.25,1.33,1.38,397,4834
2025-04-30,AAPL,2025-06-29,C,149.89,149.89,0.238075,0.5,1.4,1.45,252,2241
2025-04-30,AAPL,2025-06-29,P,149.89,149.89,0.238075,-0.5,1.4,1.45,234,2053
2025-04-30,AAPL,2025-06-29,P,140.9,149.89,0.249837,-0.25,1.47,1.52,344,2167
2025-04-30,AAPL,2025-06-29,P,131.91,149.89,0.254541,-0.1,1.5,1.55,215,4546
2025-05-01,AAPL,2025-05-26,C,168.54,150.48,0.23103,0.1,1.36,1.42,142,2216
2025-05-01,AAPL,2025-05-26,C,159.51,150.48,0.234019,0.25,1.38,1.44,41,4193
2025-05-01,AAPL,2025-05-26,C,150.48,150.48,0.243985,0.5,1.44,1.49,274,3502
2025-05-01,AAPL,2025-05-26,P,150.48,150.48,0.243985,-0.5,1.44,1.5,110,3385
2025-05-01,AAPL,2025-05-26,P,141.45,150.48,0.25395,-0.25,1.5,1.56,395,1051
2025-05-01,AAPL,2025-05-26,P,132.42,150.48,0.257936,-0.1,1.53,1.58,147,2945
2025-05-01,AAPL,2025-06-02,C,168.54,150.48,0.23383,0.1,1.39,1.43,478,4281
2025-05-01,AAPL,2025-06-02,C,159.51,150.48,0.236819,0.25,1.4,1.45,185,654
2025-05-01,AAPL,2025-06-02,C,150.48,150.48,0.246785,0.5,1.46,1.51,116,3588
2025-05-01,AAPL,2025-06-02,P,150.48,150.48,0.246785,-0.5,1.46,1.51,170,1966
2025-05-01,AAPL,2025-06-02,P,141.45,150.48,0.25675,-0.25,1.52,1.57,450,2075
2025-05-01,AAPL,2025-06-02,P,132.42,150.48,0.260736,-0.1,1.54,1.6,193,13
2025-05-01,AAPL,2025-06-30,C,168.54,150.48,0.24503,0.1,1.45,1.5,484,3593
2025-05-01,AAPL,2025-06-30,C,159.51,150.48,0.248019,0.25,1.47,1.52,371,2487
2025-05-01,AAPL,2025-06-30,C,150.48,150.48,0.257985,0.5,1.52,1.58,306,3410
2025-05-01,AAPL,2025-06-30,P,150.48,150.48,0.257985,-0.5,1.53,1.58,260,4795
2025-05-01,AAPL,2025-06-30,P,141.45,150.48,0.26795,-0.25,1.59,1.64,62,4939
2025-05-01,AAPL,2025-06-30,P,132.42,150.48,0.271936,-0.1,1.61,1.67,223,4595
2025-05-02,AAPL,2025-05-27,C,167.91,149.92,0.220111,0.1,1.29,1.35,424,869
2025-05-02,AAPL,2025-05-27,C,158.91,149.92,0.22461,0.25,1.32,1.37,405,3829
2025-05-02,AAPL,2025-05-27,C,149.92,149.92,0.239607,0.5,1.41,1.46,305,4342
2025-05-02,AAPL,2025-05-27,P,149.92,149.92,0.239607,-0.5,1.42,1.46,298,1910
2025-05-02,AAPL,2025-05-27,P,140.92,149.92,0.254604,-0.25,1.5,1.55,495,2167
2025-05-02,AAPL,2025-05-27,P,131.93,149.92,0.260603,-0.1,1.54,1.58,466,776
2025-05-02,AAPL,2025-06-03,C,167.91,149.92,0.222911,0.1,1.31,1.37,483,2427
2025-05-02,AAPL,2025-06-03,C,158.91,149.92,0.22741,0.25,1.34,1.38,489,92
2025-05-02,AAPL,2025-06-03,C,149.92,149.92,0.242407,0.5,1.43,1.48,2,830
2025-05-02,AAPL,2025-06-03,P,149.92,149.92,0.242407,-0.5,1.43,1.48,149,3978
2025-05-02,AAPL,2025-06-03,P,140.92,149.92,0.257404,-0.25,1.52,1.57,356,2964
2025-05-02,AAPL,2025-06-03,P,131.93,149.92,0.263403,-0.1,1.56,1.6,116,1524
2025-05-02,AAPL,2025-07-01,C,167.91,149.92,0.234111,0.1,1.37,1.43,366,2725
2025-05-02,AAPL,2025-07-01,C,158.91,149.92,0.23861,0.25,1.4,1.46,223,1133
2025-05-02,AAPL,2025-07-01,C,149.92,149.92,0.253607,0.5,1.5,1.54,326,2360
2025-05-02,AAPL,2025-07-01,P,149.92,149.92,0.253607,-0.5,1.5,1.55,487,4988
2025-05-02,AAPL,2025-07-01,P,140.92,149.92,0.268604,-0.25,1.59,1.63,122,4261
2025-05-02,AAPL,2025-07-01,P,131.93,149.92,0.274603,-0.1,1.62,1.68,323,2770
2025-05-05,AAPL,2025-05-30,C,167.92,149.93,0.190948,0.1,1.12,1.17,140,1469
2025-05-05,AAPL,2025-05-30,C,158.93,149.93,0.196457,0.25,1.15,1.21,469,2496
2025-05-05,AAPL,2025-05-30,C,149.93,149.93,0.214821,0.5,1.26,1.32,256,3117
2025-05-05,AAPL,2025-05-30,P,149.93,149.93,0.214821,-0.5,1.26,1.31,261,3558
2025-05-05,AAPL,2025-05-30,P,140.93,149.93,0.233184,-0.25,1.37,1.42,38,4523
2025-05-05,AAPL,2025-05-30,P,131.94,149.93,0.240529,-0.1,1.42,1.46,147,4867
2025-05-05,AAPL,2025-06-06,C,167.92,149.93,0.193748,0.1,1.13,1.19,393,4305
2025-05-05,AAPL,2025-06-06,C,158.93,149.93,0.199257,0.25,1.17,1.22,283,4187
2025-05-05,AAPL,2025-06-06,C,149.93,149.93,0.217621,0.5,1.28,1.33,90,3812
2025-05-05,AAPL,2025-06-06,P,149.93,149.93,0.217621,-0.5,1.28,1.33,117,1542
2025-05-05,AAPL,2025-06-06,P,140.93,149.93,0.235984,-0.25,1.39,1.44,141,1618
2025-05-05,AAPL,2025-06-06,P,131.94,149.93,0.243329,-0.1,1.44,1.48,71,4102
2025-05-05,AAPL,2025-07-04,C,167.92,149.93,0.204948,0.1,1.21,1.25,364,3728
2025-05-05,AAPL,2025-07-04,C,158.93,149.93,0.210457,0.25,1.24,1.28,23,3831
2025-05-05,AAPL,2025-07-04,C,149.93,149.93,0.228821,0.5,1.34,1.4,313,2014
2025-05-05,AAPL,2025-07-04,P,149.93,149.93,0.228821,-0.5,1.35,1.4,200,4576
2025-05-05,AAPL,2025-07-04,P,140.93,149.93,0.247184,-0.25,1.45,1.51,496,1958
2025-05-05,AAPL,2025-07-04,P,131.94,149.93,0.254529,-0.1,1.5,1.55,373,3898
2025-05-06,AAPL,2025-05-31,C,168.57,150.51,0.225019,0.1,1.33,1.38,31,1647
2025-05-06,AAPL,2025-05-31,C,159.54,150.51,0.229565,0.25,1.35,1.41,235,443
2025-05-06,AAPL,2025-05-31,C,150.51,150.51,0.244716,0.5,1.45,1.49,238,4988
2025-05-06,AAPL,2025-05-31,P,150.51,150.51,0.244716,-0.5,1.44,1.5,371,4415
2025-05-06,AAPL,2025-05-31,P,141.48,150.51,0.259867,-0.25,1.53,1.59,120,2197
2025-05-06,AAPL,2025-05-31,P,132.45,150.51,0.265927,-0.1,1.58,1.62,132,658
2025-05-06,AAPL,2025-06-07,C,168.57,150.51,0.227819,0.1,1.35,1.4,493,1108
2025-05-06,AAPL,2025-06-07,C,159.54,150.51,0.232365,0.25,1.37,1.43,386,29
2025-05-06,AAPL,2025-06-07,C,150.51,150.51,0.247516,0.5,1.47,1.51,124,1239
2025-05-06,AAPL,2025-06-07,P,150.51,150.51,0.247516,-0.5,1.47,1.51,126,1136
2025-05-06,AAPL,2025-06-07,P,141.48,150.51,0.262667,-0.25,1.55,1.61,200,1644
2025-05-06,AAPL,2025-06-07,P,132.45,150.51,0.268727,-0.1,1.59,1.64,8,4452
2025-05-06,AAPL,2025-07-05,C,168.57,150.51,0.239019,0.1,1.41,1.46,287,3475
2025-05-06,AAPL,2025-07-05,C,159.54,150.51,0.243565,0.25,1.44,1.49,176,807
2025-05-06,AAPL,2025-07-05,C,150.51,150.51,0.258716,0.5,1.53,1.58,142,4821
2025-05-06,AAPL,2025-07-05,P,150.51,150.51,0.258716,-0.5,1.53,1.58,123,1394
2025-05-06,AAPL,2025-07-05,P,141.48,150.51,0.273867,-0.25,1.62,1.67,74,4179
2025-05-06,AAPL,2025-07-05,P,132.45,150.51,0.279927,-0.1,1.66,1.71,171,2807
2025-05-07,AAPL,2025-06-01,C,169.17,151.04,0.218597,0.1,1.29,1.35,457,3217
2025-05-07,AAPL,2025-06-01,C,160.11,151.04,0.222542,0.25,1.32,1.37,102,540
2025-05-07,AAPL,2025-06-01,C,151.04,151.04,0.23569,0.5,1.39,1.45,258,2998
2025-05-07,AAPL,2025-06-01,P,151.04,151.04,0.23569,-0.5,1.4,1.45,236,2949
2025-05-07,AAPL,2025-06-01,P,141.98,151.04,0.248837,-0.25,1.48,1.52,284,4112
2025-05-07,AAPL,2025-06-01,P,132.92,151.04,0.254096,-0.1,1.51,1.56,132,4024
2025-05-07,AAPL,2025-06-08,C,169.17,151.04,0.221397,0.1,1.31,1.36,322,1390
2025-05-07,AAPL,2025-06-08,C,160.11,151.04,0.225342,0.25,1.34,1.38,57,4081
2025-05-07,AAPL,2025-06-08,C,151.04,151.04,0.23849,0.5,1.42,1.46,219,268
2025-05-07,AAPL,2025-06-08,P,151.04,151.04,0.23849,-0.5,1.41,1.47,139,1756
2025-05-07,AAPL,2025-06-08,P,141.98,151.04,0.251637,-0.25,1.5,1.54,136,1242
2025-05-07,AAPL,2025-06-08,P,132.92,151.04,0.256896,-0.1,1.52,1.58,381,1493
2025-05-07,AAPL,2025-07-06,C,169.17,151.04,0.232597,0.1,1.38,1.43,455,1553
2025-05-07,AAPL,2025-07-06,C,160.11,151.04,0.236542,0.25,1.41,1.45,381,1595
2025-05-07,AAPL,2025-07-06,C,151.04,151.04,0.24969,0.5,1.49,1.53,251,801
2025-05-07,AAPL,2025-07-06,P,151.04,151.04,0.24969,-0.5,1.48,1.53,337,4398
2025-05-07,AAPL,2025-07-06,P,141.98,151.04,0.262837,-0.25,1.57,1.61,111,1071
2025-05-07,AAPL,2025-07-06,P,132.92,151.04,0.268096,-0.1,1.59,1.65,239,4451
2025-05-08,AAPL,2025-06-02,C,170.06,151.84,0.226517,0.1,1.35,1.4,125,2104
2025-05-08,AAPL,2025-06-02,C,160.95,151.84,0.231097,0.25,1.38,1.43,167,651
2025-05-08,AAPL,2025-06-02,C,151.84,151.84,0.246364,0.5,1.47,1.52,54,2883
2025-05-08,AAPL,2025-06-02,P,151.84,151.84,0.246364,-0.5,1.47,1.52,422,3058
2025-05-08,AAPL,2025-06-02,P,142.73,151.84,0.26163,-0.25,1.57,1.61,19,1735
2025-05-08,AAPL,2025-06-02,P,133.62,151.84,0.267736,-0.1,1.6,1.65,392,4392
2025-05-08,AAPL,2025-06-09,C,170.06,151.84,0.229317,0.1,1.37,1.42,462,2861
2025-05-08,AAPL,2025-06-09,C,160.95,151.84,0.233897,0.25,1.4,1.44,438,276
2025-05-08,AAPL,2025-06-09,C,151.84,151.84,0.249164,0.5,1.49,1.54,1,863
2025-05-08,AAPL,2025-06-09,P,151.84,151.84,0.249164,-0.5,1.49,1.54,364,2440
2025-05-08,AAPL,2025-06-09,P,142.73,151.84,0.26443,-0.25,1.58,1.63,380,481
2025-05-08,AAPL,2025-06-09,P,133.62,151.84,0.270536,-0.1,1.62,1.67,185,4761
2025-05-08,AAPL,2025-07-07,C,170.06,151.84,0.240517,0.1,1.43,1.49,175,1913
2025-05-08,AAPL,2025-07-07,C,160.95,151.84,0.245097,0.25,1.47,1.51,119,3005
2025-05-08,AAPL,2025-07-07,C,151.84,151.84,0.260364,0.5,1.56,1.6,394,2717
2025-05-08,AAPL,2025-07-07,P,151.84,151.84,0.260364,-0.5,1.55,1.61,495,2123
2025-05-08,AAPL,2025-07-07,P,142.73,151.84,0.27563,-0.25,1.65,1.7,296,246
2025-05-08,AAPL,2025-07-07,P,133.62,151.84,0.281736,-0.1,1.69,1.73,20,2155
2025-05-09,AAPL,2025-06-03,C,169.93,151.72,0.221255,0.1,1.32,1.37,211,2874
2025-05-09,AAPL,2025-06-03,C,160.83,151.72,0.225579,0.25,1.34,1.4,269,313
2025-05-09,AAPL,2025-06-03,C,151.72,151.72,0.239992,0.5,1.43,1.48,330,1663
2025-05-09,AAPL,2025-06-03,P,151.72,151.72,0.239992,-0.5,1.43,1.48,407,2200
2025-05-09,AAPL,2025-06-03,P,142.62,151.72,0.254405,-0.25,1.52,1.57,358,4339
2025-05-09,AAPL,2025-06-03,P,133.52,151.72,0.26017,-0.1,1.55,1.61,478,4961
2025-05-09,AAPL,2025-06-10,C,169.93,151.72,0.224055,0.1,1.33,1.39,444,4262
2025-05-09,AAPL,2025-06-10,C,160.83,151.72,0.228379,0.25,1.36,1.41,191,3654
2025-05-09,AAPL,2025-06-10,C,151.72,151.72,0.242792,0.5,1.45,1.5,405,4674
2025-05-09,AAPL,2025-06-10,P,151.72,151.72,0.242792,-0.5,1.45,1.5,83,3195
2025-05-09,AAPL,2025-06-10,P,142.62,151.72,0.257205,-0.25,1.54,1.59,338,4256
2025-05-09,AAPL,2025-06-10,P,133.52,151.72,0.26297,-0.1,1.57,1.62,361,4100
2025-05-09,AAPL,2025-07-08,C,169.93,151.72,0.235255,0.1,1.4,1.46,427,4809
2025-05-09,AAPL,2025-07-08,C,160.83,151.72,0.239579,0.25,1.43,1.48,282,3551
2025-05-09,AAPL,2025-07-08,C,151.72,151.72,0.253992,0.5,1.51,1.57,272,4682
2025-05-09,AAPL,2025-07-08,P,151.72,151.72,0.253992,-0.5,1.51,1.57,224,2871
2025-05-09,AAPL,2025-07-08,P,142.62,151.72,0.268405,-0.25,1.6,1.65,452,844
2025-05-09,AAPL,2025-07-08,P,133.52,151.72,0.27417,-0.1,1.63,1.69,110,1282
2025-05-12,AAPL,2025-06-06,C,169.36,151.22,0.239835,0.1,1.42,1.48,397,2211
2025-05-12,AAPL,2025-06-06,C,160.29,151.22,0.24436,0.25,1.46,1.5,232,952
2025-05-12,AAPL,2025-06-06,C,151.22,151.22,0.259443,0.5,1.54,1.6,402,2558
2025-05-12,AAPL,2025-06-06,P,151.22,151.22,0.259443,-0.5,1.55,1.59,56,3587
2025-05-12,AAPL,2025-06-06,P,142.14,151.22,0.274526,-0.25,1.64,1.68,430,4383
2025-05-12,AAPL,2025-06-06,P,133.07,151.22,0.28056,-0.1,1.67,1.72,290,1009
2025-05-12,AAPL,2025-06-13,C,169.36,151.22,0.242635,0.1,1.45,1.49,372,2562
2025-05-12,AAPL,2025-06-13,C,160.29,151.22,0.24716,0.25,1.47,1.52,79,3759
2025-05-12,AAPL,2025-06-13,C,151.22,151.22,0.262243,0.5,1.56,1.61,186,1725
2025-05-12,AAPL,2025-06-13,P,151.22,151.22,0.262243,-0.5,1.56,1.61,141,1397
2025-05-12,AAPL,2025-06-13,P,142.14,151.22,0.277326,-0.25,1.65,1.71,119,833
2025-05-12,AAPL,2025-06-13,P,133.07,151.22,0.28336,-0.1,1.68,1.74,238,1641
2025-05-12,AAPL,2025-07-11,C,169.36,151.22,0.253835,0.1,1.51,1.56,157,1250
2025-05-12,AAPL,2025-07-11,C,160.29,151.22,0.25836,0.25,1.54,1.58,213,3952
2025-05-12,AAPL,2025-07-11,C,151.22,151.22,0.273443,0.5,1.63,1.68,112,1691
2025-05-12,AAPL,2025-07-11,P,151.22,151.22,0.273443,-0.5,1.63,1.68,147,3156
2025-05-12,AAPL,2025-07-11,P,142.14,151.22,0.288526,-0.25,1.72,1.77,185,4806
2025-05-12,AAPL,2025-07-11,P,133.07,151.22,0.29456,-0.1,1.75,1.81,331,4090
2025-05-13,AAPL,2025-06-07,C,169.25,151.12,0.221376,0.1,1.31,1.36,250,3525
2025-05-13,AAPL,2025-06-07,C,160.19,151.12,0.226692,0.25,1.35,1.39,404,3792
2025-05-13,AAPL,2025-06-07,C,151.12,151.12,0.244412,0.5,1.45,1.51,330,434
2025-05-13,AAPL,2025-06-07,P,151.12,151.12,0.244412,-0.5,1.45,1.51,140,4665
2025-05-13,AAPL,2025-06-07,P,142.05,151.12,0.262133,-0.25,1.56,1.61,178,2628
2025-05-13,AAPL,2025-06-07,P,132.99,151.12,0.269221,-0.1,1.6,1.66,98,4801
2025-05-13,AAPL,2025-06-14,C,169.25,151.12,0.224176,0.1,1.33,1.38,463,1751
2025-05-13,AAPL,2025-06-14,C,160.19,151.12,0.229492,0.25,1.36,1.41,7,1115
2025-05-13,AAPL,2025-06-14,C,151.12,151.12,0.247212,0.5,1.47,1.52,5,126
2025-05-13,AAPL,2025-06-14,P,151.12,151.12,0.247212,-0.5,1.47,1.52,51,2816
2025-05-13,AAPL,2025-06-14,P,142.05,151.12,0.264933,-0.25,1.57,1.63,272,3248
2025-05-13,AAPL,2025-06-14,P,132.99,151.12,0.272021,-0.1,1.62,1.67,322,2082
2025-05-13,AAPL,2025-07-12,C,169.25,151.12,0.235376,0.1,1.4,1.45,66,87
2025-05-13,AAPL,2025-07-12,C,160.19,151.12,0.240692,0.25,1.43,1.48,39,1568
2025-05-13,AAPL,2025-07-12,C,151.12,151.12,0.258412,0.5,1.54,1.58,137,110
2025-05-13,AAPL,2025-07-12,P,151.12,151.12,0.258412,-0.5,1.54,1.58,227,3333
2025-05-13,AAPL,2025-07-12,P,142.05,151.12,0.276133,-0.25,1.64,1.7,308,4679
2025-05-13,AAPL,2025-07-12,P,132.99,151.12,0.283221,-0.1,1.68,1.74,468,2843
2025-05-14,AAPL,2025-06-08,C,166.99,149.09,0.212331,0.1,1.24,1.29,111,317
2025-05-14,AAPL,2025-06-08,C,158.04,149.09,0.217906,0.25,1.28,1.32,155,1957
2025-05-14,AAPL,2025-06-08,C,149.09,149.09,0.236488,0.5,1.39,1.43,40,1406
2025-05-14,AAPL,2025-06-08,P,149.09,149.09,0.236488,-0.5,1.38,1.44,400,4206
2025-05-14,AAPL,2025-06-08,P,140.15,149.09,0.255071,-0.25,1.49,1.55,209,3142
2025-05-14,AAPL,2025-06-08,P,131.2,149.09,0.262504,-0.1,1.54,1.59,279,165
2025-05-14,AAPL,2025-06-15,C,166.99,149.09,0.215131,0.1,1.26,1.31,184,2729
2025-05-14,AAPL,2025-06-15,C,158.04,149.09,0.220706,0.25,1.29,1.34,65,1645
2025-05-14,AAPL,2025-06-15,C,149.09,149.09,0.239288,0.5,1.4,1.46,318,3125
2025-05-14,AAPL,2025-06-15,P,149.09,149.09,0.239288,-0.5,1.4,1.45,212,3108
2025-05-14,AAPL,2025-06-15,P,140.15,149.09,0.257871,-0.25,1.51,1.56,283,2356
2025-05-14,AAPL,2025-06-15,P,131.2,149.09,0.265304,-0.1,1.56,1.61,40,2204
2025-05-14,AAPL,2025-07-13,C,166.99,149.09,0.226331,0.1,1.32,1.38,492,209
2025-05-14,AAPL,2025-07-13,C,158.04,149.09,0.231906,0.25,1.36,1.41,218,1422
2025-05-14,AAPL,2025-07-13,C,149.09,149.09,0.250488,0.5,1.47,1.52,431,3217
2025-05-14,AAPL,2025-07-13,P,149.09,149.09,0.250488,-0.5,1.47,1.52,36,3044
2025-05-14,AAPL,2025-07-13,P,140.15,149.09,0.269071,-0.25,1.58,1.63,444,2546
2025-05-14,AAPL,2025-07-13,P,131.2,149.09,0.276504,-0.1,1.62,1.68,319,3530
2025-05-15,AAPL,2025-06-09,C,165.04,147.36,0.186786,0.1,1.08,1.12,264,2125
2025-05-15,AAPL,2025-06-09,C,156.2,147.36,0.19242,0.25,1.11,1.16,468,1840
2025-05-15,AAPL,2025-06-09,C,147.36,147.36,0.211199,0.5,1.22,1.27,222,3023
2025-05-15,AAPL,2025-06-09,P,147.36,147.36,0.211199,-0.5,1.22,1.27,190,4023
2025-05-15,AAPL,2025-06-09,P,138.52,147.36,0.229979,-0.25,1.33,1.38,336,3534
2025-05-15,AAPL,2025-06-09,P,129.68,147.36,0.23749,-0.1,1.38,1.42,8,2355
2025-05-15,AAPL,2025-06-16,C,165.04,147.36,0.189586,0.1,1.1,1.14,443,3382
2025-05-15,AAPL,2025-06-16,C,156.2,147.36,0.19522,0.25,1.13,1.17,111,4746
2025-05-15,AAPL,2025-06-16,C,147.36,147.36,0.213999,0.5,1.24,1.28,139,2823
2025-05-15,AAPL,2025-06-16,P,147.36,147.36,0.213999,-0.5,1.24,1.28,83,3104
2025-05-15,AAPL,2025-06-16,P,138.52,147.36,0.232779,-0.25,1.35,1.4,70,1859
2025-05-15,AAPL,2025-06-16,P,129.68,147.36,0.24029,-0.1,1.39,1.44,82,566
2025-05-15,AAPL,2025-07-14,C,165.04,147.36,0.200786,0.1,1.16,1.2,291,4995
2025-05-15,AAPL,2025-07-14,C,156.2,147.36,0.20642,0.25,1.19,1.24,104,19
2025-05-15,AAPL,2025-07-14,C,147.36,147.36,0.225199,0.5,1.3,1.36,72,109
2025-05-15,AAPL,2025-07-14,P,147.36,147.36,0.225199,-0.5,1.3,1.35,179,3590
2025-05-15,AAPL,2025-07-14,P,138.52,147.36,0.243979,-0.25,1.41,1.47,234,3567
2025-05-15,AAPL,2025-07-14,P,129.68,147.36,0.25149,-0.1,1.46,1.51,142,4872
2025-05-16,AAPL,2025-06-10,C,163.26,145.77,0.223751,0.1,1.27,1.33,44,4248
2025-05-16,AAPL,2025-06-10,C,154.52,145.77,0.229186,0.25,1.31,1.37,211,1281
2025-05-16,AAPL,2025-06-10,C,145.77,145.77,0.247301,0.5,1.42,1.46,421,3319
2025-05-16,AAPL,2025-06-10,P,145.77,145.77,0.247301,-0.5,1.42,1.47,356,2620
2025-05-16,AAPL,2025-06-10,P,137.02,145.77,0.265417,-0.25,1.52,1.58,474,3104
2025-05-16,AAPL,2025-06-10,P,128.28,145.77,0.272663,-0.1,1.57,1.61,20,2006
2025-05-16,AAPL,2025-06-17,C,163.26,145.77,0.226551,0.1,1.3,1.34,273,969
2025-05-16,AAPL,2025-06-17,C,154.52,145.77,0.231986,0.25,1.33,1.37,367,4053
2025-05-16,AAPL,2025-06-17,C,145.77,145.77,0.250101,0.5,1.43,1.49,118,2656
2025-05-16,AAPL,2025-06-17,P,145.77,145.77,0.250101,-0.5,1.43,1.48,253,3345
2025-05-16,AAPL,2025-06-17,P,137.02,145.77,0.268217,-0.25,1.54,1.59,229,4407
2025-05-16,AAPL,2025-06-17,P,128.28,145.77,0.275463,-0.1,1.58,1.63,346,4101
2025-05-16,AAPL,2025-07-15,C,163.26,145.77,0.237751,0.1,1.36,1.41,15,2377
2025-05-16,AAPL,2025-07-15,C,154.52,145.77,0.243186,0.25,1.39,1.45,142,1938
2025-05-16,AAPL,2025-07-15,C,145.77,145.77,0.261301,0.5,1.5,1.55,89,1531
2025-05-16,AAPL,2025-07-15,P,145.77,145.77,0.261301,-0.5,1.5,1.55,460,2728
2025-05-16,AAPL,2025-07-15,P,137.02,145.77,0.279417,-0.25,1.6,1.66,386,2158
2025-05-16,AAPL,2025-07-15,P,128.28,145.77,0.286663,-0.1,1.65,1.69,432,4335
2025-05-19,AAPL,2025-06-13,C,161.92,144.57,0.246191,0.1,1.39,1.45,33,1044
2025-05-19,AAPL,2025-06-13,C,153.25,144.57,0.25172,0.25,1.43,1.48,125,2687
2025-05-19,AAPL,2025-06-13,C,144.57,144.57,0.270152,0.5,1.53,1.59,50,702
2025-05-19,AAPL,2025-06-13,P,144.57,144.57,0.270152,-0.5,1.53,1.59,326,2661
2025-05-19,AAPL,2025-06-13,P,135.9,144.57,0.288583,-0.25,1.64,1.69,118,2555
2025-05-19,AAPL,2025-06-13,P,127.23,144.57,0.295956,-0.1,1.69,1.73,303,2490
2025-05-19,AAPL,2025-06-20,C,161.92,144.57,0.248991,0.1,1.42,1.46,224,1720
2025-05-19,AAPL,2025-06-20,C,153.25,144.57,0.25452,0.25,1.45,1.5,202,2493
2025-05-19,AAPL,2025-06-20,C,144.57,144.57,0.272952,0.5,1.56,1.6,180,374
2025-05-19,AAPL,2025-06-20,P,144.57,144.57,0.272952,-0.5,1.56,1.6,410,962
2025-05-19,AAPL,2025-06-20,P,135.9,144.57,0.291383,-0.25,1.66,1.71,415,897
2025-05-19,AAPL,2025-06-20,P,127.23,144.57,0.298756,-0.1,1.7,1.76,161,1056
2025-05-19,AAPL,2025-07-18,C,161.92,144.57,0.260191,0.1,1.48,1.53,433,4379
2025-05-19,AAPL,2025-07-18,C,153.25,144.57,0.26572,0.25,1.51,1.56,57,2132
2025-05-19,AAPL,2025-07-18,C,144.57,144.57,0.284152,0.5,1.61,1.67,316,4722
2025-05-19,AAPL,2025-07-18,P,144.57,144.57,0.284152,-0.5,1.62,1.67,56,354
2025-05-19,AAPL,2025-07-18,P,135.9,144.57,0.302583,-0.25,1.72,1.78,101,4945
2025-05-19,AAPL,2025-07-18,P,127.23,144.57,0.309956,-0.1,1.76,1.82,334,538
2025-05-20,AAPL,2025-06-14,C,162.46,145.05,0.216836,0.1,1.23,1.28,264,657
2025-05-20,AAPL,2025-06-14,C,153.76,145.05,0.222811,0.25,1.27,1.32,495,1376
2025-05-20,AAPL,2025-06-14,C,145.05,145.05,0.242726,0.5,1.38,1.43,168,460
2025-05-20,AAPL,2025-06-14,P,145.05,145.05,0.242726,-0.5,1.38,1.43,332,799
2025-05-20,AAPL,2025-06-14,P,136.35,145.05,0.262641,-0.25,1.5,1.55,35,725
2025-05-20,AAPL,2025-06-14,P,127.65,145.05,0.270607,-0.1,1.54,1.6,286,733
2025-05-20,AAPL,2025-06-21,C,162.46,145.05,0.219636,0.1,1.25,1.3,358,992
2025-05-20,AAPL,2025-06-21,C,153.76,145.05,0.225611,0.25,1.29,1.33,313,1019
2025-05-20,AAPL,2025-06-21,C,145.05,145.05,0.245526,0.5,1.4,1.45,326,705
2025-05-20,AAPL,2025-06-21,P,145.05,145.05,0.245526,-0.5,1.4,1.45,483,3262
2025-05-20,AAPL,2025-06-21,P,136.35,145.05,0.265441,-0.25,1.52,1.56,298,2210
2025-05-20,AAPL,2025-06-21,P,127.65,145.05,0.273407,-0.1,1.56,1.61,105,1178
2025-05-20,AAPL,2025-07-19,C,162.46,145.05,0.230836,0.1,1.32,1.36,109,368
2025-05-20,AAPL,2025-07-19,C,153.76,145.05,0.236811,0.25,1.35,1.4,67,2339
2025-05-20,AAPL,2025-07-19,C,145.05,145.05,0.256726,0.5,1.46,1.52,236,4981
2025-05-20,AAPL,2025-07-19,P,145.05,145.05,0.256726,-0.5,1.46,1.52,271,2121
2025-05-20,AAPL,2025-07-19,P,136.35,145.05,0.276641,-0.25,1.58,1.63,420,1624
2025-05-20,AAPL,2025-07-19,P,127.65,145.05,0.284607,-0.1,1.63,1.67,121,80
2025-05-21,AAPL,2025-06-15,C,161.24,143.97,0.181606,0.1,1.02,1.07,359,1704
2025-05-21,AAPL,2025-06-15,C,152.61,143.97,0.189019,0.25,1.07,1.11,323,3583
2025-05-21,AAPL,2025-06-15,C,143.97,143.97,0.213727,0.5,1.21,1.25,472,4260
2025-05-21,AAPL,2025-06-15,P,143.97,143.97,0.213727,-0.5,1.21,1.25,151,2696
2025-05-21,AAPL,2025-06-15,P,135.33,143.97,0.238435,-0.25,1.35,1.39,33,2481
2025-05-21,AAPL,2025-06-15,P,126.69,143.97,0.248318,-0.1,1.41,1.45,204,816
2025-05-21,AAPL,2025-06-22,C,161.24,143.97,0.184406,0.1,1.04,1.09,143,1326
2025-05-21,AAPL,2025-06-22,C,152.61,143.97,0.191819,0.25,1.08,1.13,95,4649
2025-05-21,AAPL,2025-06-22,C,143.97,143.97,0.216527,0.5,1.23,1.27,213,2830
2025-05-21,AAPL,2025-06-22,P,143.97,143.97,0.216527,-0.5,1.22,1.27,324,1260
2025-05-21,AAPL,2025-06-22,P,135.33,143.97,0.241235,-0.25,1.36,1.41,481,447
2025-05-21,AAPL,2025-06-22,P,126.69,143.97,0.251118,-0.1,1.42,1.47,447,1116
2025-05-21,AAPL,2025-07-20,C,161.24,143.97,0.195606,0.1,1.1,1.15,208,1581
2025-05-21,AAPL,2025-07-20,C,152.61,143.97,0.203019,0.25,1.14,1.2,366,3984
2025-05-21,AAPL,2025-07-20,C,143.97,143.97,0.227727,0.5,1.28,1.34,218,3263
2025-05-21,AAPL,2025-07-20,P,143.97,143.97,0.227727,-0.5,1.28,1.34,301,2405
2025-05-21,AAPL,2025-07-20,P,135.33,143.97,0.252435,-0.25,1.42,1.48,195,2559
2025-05-21,AAPL,2025-07-20,P,126.69,143.97,0.262318,-0.1,1.49,1.53,386,3205
2025-05-22,AAPL,2025-06-16,C,160.74,143.51,0.197418,0.1,1.11,1.15,31,1969
2025-05-22,AAPL,2025-06-16,C,152.12,143.51,0.20573,0.25,1.16,1.2,410,4235
2025-05-22,AAPL,2025-06-16,C,143.51,143.51,0.233435,0.5,1.32,1.36,21,4109
2025-05-22,AAPL,2025-06-16,P,143.51,143.51,0.233435,-0.5,1.32,1.36,258,3769
2025-05-22,AAPL,2025-06-16,P,134.9,143.51,0.26114,-0.25,1.48,1.52,336,4624
2025-05-22,AAPL,2025-06-16,P,126.29,143.51,0.272222,-0.1,1.54,1.59,262,1306
2025-05-22,AAPL,2025-06-23,C,160.74,143.51,0.200218,0.1,1.13,1.17,171,1332
2025-05-22,AAPL,2025-06-23,C,152.12,143.51,0.20853,0.25,1.17,1.22,42,3590
2025-05-22,AAPL,2025-06-23,C,143.51,143.51,0.236235,0.5,1.33,1.39,91,3348
2025-05-22,AAPL,2025-06-23,P,143.51,143.51,0.236235,-0.5,1.33,1.38,245,2248
2025-05-22,AAPL,2025-06-23,P,134.9,143.51,0.26394,-0.25,1.49,1.54,159,4249
2025-05-22,AAPL,2025-06-23,P,126.29,143.51,0.275022,-0.1,1.56,1.6,156,4767
2025-05-22,AAPL,2025-07-21,C,160.74,143.51,0.211418,0.1,1.19,1.24,212,4002
2025-05-22,AAPL,2025-07-21,C,152.12,143.51,0.21973,0.25,1.23,1.29,370,3521
2025-05-22,AAPL,2025-07-21,C,143.51,143.51,0.247435,0.5,1.4,1.44,225,2934
2025-05-22,AAPL,2025-07-21,P,143.51,143.51,0.247435,-0.5,1.4,1.44,68,3947
2025-05-22,AAPL,2025-07-21,P,134.9,143.51,0.27514,-0.25,1.56,1.6,368,3479
2025-05-22,AAPL,2025-07-21,P,126.29,143.51,0.286222,-0.1,1.61,1.67,441,913
2025-05-23,AAPL,2025-06-17,C,162.48,145.07,0.20697,0.1,1.17,1.23,301,2104
2025-05-23,AAPL,2025-06-17,C,153.78,145.07,0.215213,0.25,1.23,1.27,49,155
2025-05-23,AAPL,2025-06-17,C,145.07,145.07,0.242691,0.5,1.38,1.43,219,3249
2025-05-23,AAPL,2025-06-17,P,145.07,145.07,0.242691,-0.5,1.38,1.43,30,789
2025-05-23,AAPL,2025-06-17,P,136.37,145.07,0.270168,-0.25,1.54,1.59,84,1853
2025-05-23,AAPL,2025-06-17,P,127.66,145.07,0.28116,-0.1,1.61,1.65,147,3649
2025-05-23,AAPL,2025-06-24,C,162.48,145.07,0.20977,0.1,1.19,1.24,234,2705
2025-05-23,AAPL,2025-06-24,C,153.78,145.07,0.218013,0.25,1.24,1.29,149,2700
2025-05-23,AAPL,2025-06-24,C,145.07,145.07,0.245491,0.5,1.4,1.45,77,375
2025-05-23,AAPL,2025-06-24,P,145.07,145.07,0.245491,-0.5,1.4,1.45,239,513
2025-05-23,AAPL,2025-06-24,P,136.37,145.07,0.272968,-0.25,1.56,1.61,287,4181
2025-05-23,AAPL,2025-06-24,P,127.66,145.07,0.28396,-0.1,1.63,1.67,76,1104
2025-05-23,AAPL,2025-07-22,C,162.48,145.07,0.22097,0.1,1.26,1.31,107,2959
2025-05-23,AAPL,2025-07-22,C,153.78,145.07,0.229213,0.25,1.3,1.36,167,3436
2025-05-23,AAPL,2025-07-22,C,145.07,145.07,0.256691,0.5,1.46,1.52,220,1482
2025-05-23,AAPL,2025-07-22,P,145.07,145.07,0.256691,-0.5,1.46,1.52,220,2803
2025-05-23,AAPL,2025-07-22,P,136.37,145.07,0.284168,-0.25,1.63,1.67,157,4538
2025-05-23,AAPL,2025-07-22,P,127.66,145.07,0.29516,-0.1,1.69,1.73,481,3562
2025-05-26,AAPL,2025-06-20,C,162.0,144.65,0.224803,0.1,1.27,1.33,245,2597
2025-05-26,AAPL,2025-06-20,C,153.32,144.65,0.233812,0.25,1.33,1.38,309,4140
2025-05-26,AAPL,2025-06-20,C,144.65,144.65,0.263842,0.5,1.5,1.55,305,2506
2025-05-26,AAPL,2025-06-20,P,144.65,144.65,0.263842,-0.5,1.5,1.55,159,1346
2025-05-26,AAPL,2025-06-20,P,135.97,144.65,0.293873,-0.25,1.67,1.73,177,4327
2025-05-26,AAPL,2025-06-20,P,127.29,144.65,0.305885,-0.1,1.75,1.79,261,2422
2025-05-26,AAPL,2025-06-27,C,162.0,144.65,0.227603,0.1,1.29,1.35,274,3993
2025-05-26,AAPL,2025-06-27,C,153.32,144.65,0.236612,0.25,1.34,1.4,202,1932
2025-05-26,AAPL,2025-06-27,C,144.65,144.65,0.266642,0.5,1.51,1.57,306,771
2025-05-26,AAPL,2025-06-27,P,144.65,144.65,0.266642,-0.5,1.52,1.57,403,2401
2025-05-26,AAPL,2025-06-27,P,135.97,144.65,0.296673,-0.25,1.69,1.74,258,4544
2025-05-26,AAPL,2025-06-27,P,127.29,144.65,0.308685,-0.1,1.76,1.81,390,3137
2025-05-26,AAPL,2025-07-25,C,162.0,144.65,0.238803,0.1,1.36,1.41,71,2556
2025-05-26,AAPL,2025-07-25,C,153.32,144.65,0.247812,0.25,1.41,1.46,172,111
2025-05-26,AAPL,2025-07-25,C,144.65,144.65,0.277842,0.5,1.58,1.63,40,4281
2025-05-26,AAPL,2025-07-25,P,144.65,144.65,0.277842,-0.5,1.58,1.63,86,3980
2025-05-26,AAPL,2025-07-25,P,135.97,144.65,0.307873,-0.25,1.76,1.81,1,2649
2025-05-26,AAPL,2025-07-25,P,127.29,144.65,0.319885,-0.1,1.83,1.87,27,1921
2025-05-27,AAPL,2025-06-21,C,162.99,145.53,0.211658,0.1,1.21,1.25,30,165
2025-05-27,AAPL,2025-06-21,C,154.26,145.53,0.220815,0.25,1.26,1.31,393,2181
2025-05-27,AAPL,2025-06-21,C,145.53,145.53,0.251341,0.5,1.44,1.49,492,1257
2025-05-27,AAPL,2025-06-21,P,145.53,145.53,0.251341,-0.5,1.44,1.49,165,2195
2025-05-27,AAPL,2025-06-21,P,136.8,145.53,0.281867,-0.25,1.62,1.67,359,2908
2025-05-27,AAPL,2025-06-21,P,128.07,145.53,0.294077,-0.1,1.69,1.73,205,4539
2025-05-27,AAPL,2025-06-28,C,162.99,145.53,0.214458,0.1,1.23,1.27,339,2260
2025-05-27,AAPL,2025-06-28,C,154.26,145.53,0.223615,0.25,1.28,1.32,332,2623
2025-05-27,AAPL,2025-06-28,C,145.53,145.53,0.254141,0.5,1.46,1.5,263,4301
2025-05-27,AAPL,2025-06-28,P,145.53,145.53,0.254141,-0.5,1.46,1.5,82,3197
2025-05-27,AAPL,2025-06-28,P,136.8,145.53,0.284667,-0.25,1.63,1.68,356,106
2025-05-27,AAPL,2025-06-28,P,128.07,145.53,0.296877,-0.1,1.7,1.75,199,2687
2025-05-27,AAPL,2025-07-26,C,162.99,145.53,0.225658,0.1,1.29,1.34,442,4810
2025-05-27,AAPL,2025-07-26,C,154.26,145.53,0.234815,0.25,1.34,1.39,151,4978
2025-05-27,AAPL,2025-07-26,C,145.53,145.53,0.265341,0.5,1.52,1.57,357,3947
2025-05-27,AAPL,2025-07-26,P,145.53,145.53,0.265341,-0.5,1.52,1.57,173,3062
2025-05-27,AAPL,2025-07-26,P,136.8,145.53,0.295867,-0.25,1.69,1.75,466,3273
2025-05-27,AAPL,2025-07-26,P,128.07,145.53,0.308077,-0.1,1.76,1.82,92,3631
2025-05-28,AAPL,2025-06-22,C,161.74,144.41,0.202557,0.1,1.14,1.2,174,2426
2025-05-28,AAPL,2025-06-22,C,153.07,144.41,0.210668,0.25,1.19,1.25,484,4036
2025-05-28,AAPL,2025-06-22,C,144.41,144.41,0.237704,0.5,1.35,1.39,457,678
2025-05-28,AAPL,2025-06-22,P,144.41,144.41,0.237704,-0.5,1.35,1.39,473,2471
2025-05-28,AAPL,2025-06-22,P,135.75,144.41,0.264739,-0.25,1.51,1.55,206,3621
2025-05-28,AAPL,2025-06-22,P,127.08,144.41,0.275553,-0.1,1.57,1.62,303,4181
2025-05-28,AAPL,2025-06-29,C,161.74,144.41,0.205357,0.1,1.16,1.21,495,2600
2025-05-28,AAPL,2025-06-29,C,153.07,144.41,0.213468,0.25,1.21,1.25,49,4424
2025-05-28,AAPL,2025-06-29,C,144.41,144.41,0.240504,0.5,1.37,1.41,447,520
2025-05-28,AAPL,2025-06-29,P,144.41,144.41,0.240504,-0.5,1.37,1.41,36,4033
2025-05-28,AAPL,2025-06-29,P,135.75,144.41,0.267539,-0.25,1.52,1.57,47,3075
2025-05-28,AAPL,2025-06-29,P,127.08,144.41,0.278353,-0.1,1.58,1.64,457,3757
2025-05-28,AAPL,2025-07-27,C,161.74,144.41,0.216557,0.1,1.23,1.27,340,317
2025-05-28,AAPL,2025-07-27,C,153.07,144.41,0.224668,0.25,1.27,1.32,372,1020
2025-05-28,AAPL,2025-07-27,C,144.41,144.41,0.251704,0.5,1.43,1.48,120,1789
2025-05-28,AAPL,2025-07-27,P,144.41,144.41,0.251704,-0.5,1.43,1.48,131,576
2025-05-28,AAPL,2025-07-27,P,135.75,144.41,0.278739,-0.25,1.58,1.64,43,935
2025-05-28,AAPL,2025-07-27,P,127.08,144.41,0.289553,-0.1,1.65,1.7,169,365
2025-05-29,AAPL,2025-06-23,C,161.46,144.16,0.187826,0.1,1.06,1.11,234,916
2025-05-29,AAPL,2025-06-23,C,152.81,144.16,0.195943,0.25,1.11,1.15,373,1678
2025-05-29,AAPL,2025-06-23,C,144.16,144.16,0.223,0.5,1.26,1.31,412,1099
2025-05-29,AAPL,2025-06-23,P,144.16,144.16,0.223,-0.5,1.26,1.31,356,3019
2025-05-29,AAPL,2025-06-23,P,135.51,144.16,0.250057,-0.25,1.42,1.46,481,2787
2025-05-29,AAPL,2025-06-23,P,126.86,144.16,0.26088,-0.1,1.48,1.53,372,4881
2025-05-29,AAPL,2025-06-30,C,161.46,144.16,0.190626,0.1,1.08,1.12,235,3664
2025-05-29,AAPL,2025-06-30,C,152.81,144.16,0.198743,0.25,1.12,1.17,353,345
2025-05-29,AAPL,2025-06-30,C,144.16,144.16,0.2258,0.5,1.28,1.32,243,1927
2025-05-29,AAPL,2025-06-30,P,144.16,144.16,0.2258,-0.5,1.27,1.33,231,2689
2025-05-29,AAPL,2025-06-30,P,135.51,144.16,0.252857,-0.25,1.43,1.48,318,3917
2025-05-29,AAPL,2025-06-30,P,126.86,144.16,0.26368,-0.1,1.49,1.55,68,2386
2025-05-29,AAPL,2025-07-28,C,161.46,144.16,0.201826,0.1,1.14,1.19,264,3592
2025-05-29,AAPL,2025-07-28,C,152.81,144.16,0.209943,0.25,1.19,1.23,229,4273
2025-05-29,AAPL,2025-07-28,C,144.16,144.16,0.237,0.5,1.35,1.39,488,986
2025-05-29,AAPL,2025-07-28,P,144.16,144.16,0.237,-0.5,1.34,1.39,137,1707
2025-05-29,AAPL,2025-07-28,P,135.51,144.16,0.264057,-0.25,1.5,1.54,77,941
2025-05-29,AAPL,2025-07-28,P,126.86,144.16,0.27488,-0.1,1.56,1.61,8,4232
2025-05-30,AAPL,2025-06-24,C,160.19,143.02,0.215027,0.1,1.21,1.25,280,2331
2025-05-30,AAPL,2025-06-24,C,151.6,143.02,0.223971,0.25,1.25,1.31,463,1402
2025-05-30,AAPL,2025-06-24,C,143.02,143.02,0.253786,0.5,1.42,1.48,364,4439
2025-05-30,AAPL,2025-06-24,P,143.02,143.02,0.253786,-0.5,1.43,1.47,255,4086
2025-05-30,AAPL,2025-06-24,P,134.44,143.02,0.283602,-0.25,1.6,1.65,353,2563
2025-05-30,AAPL,2025-06-24,P,125.86,143.02,0.295528,-0.1,1.67,1.71,249,4079
2025-05-30,AAPL,2025-07-01,C,160.19,143.02,0.217827,0.1,1.22,1.27,14,3787
2025-05-30,AAPL,2025-07-01,C,151.6,143.02,0.226771,0.25,1.27,1.33,236,2397
2025-05-30,AAPL,2025-07-01,C,143.02,143.02,0.256586,0.5,1.44,1.5,351,4313
2025-05-30,AAPL,2025-07-01,P,143.02,143.02,0.256586,-0.5,1.45,1.49,438,219
2025-05-30,AAPL,2025-07-01,P,134.44,143.02,0.286402,-0.25,1.61,1.66,469,4285
2025-05-30,AAPL,2025-07-01,P,125.86,143.02,0.298328,-0.1,1.68,1.73,294,3503
2025-05-30,AAPL,2025-07-29,C,160.19,143.02,0.229027,0.1,1.29,1.33,488,1783
2025-05-30,AAPL,2025-07-29,C,151.6,143.02,0.237971,0.25,1.34,1.39,390,657
2025-05-30,AAPL,2025-07-29,C,143.02,143.02,0.267786,0.5,1.5,1.56,466,789
2025-05-30,AAPL,2025-07-29,P,143.02,143.02,0.267786,-0.5,1.5,1.56,498,1089
2025-05-30,AAPL,2025-07-29,P,134.44,143.02,0.297602,-0.25,1.67,1.73,451,3027
2025-05-30,AAPL,2025-07-29,P,125.86,143.02,0.309528,-0.1,1.75,1.79,130,335
2025-06-02,AAPL,2025-06-27,C,159.73,142.62,0.185843,0.1,1.03,1.09,259,4049
2025-06-02,AAPL,2025-06-27,C,151.17,142.62,0.194407,0.25,1.08,1.13,104,2229
2025-06-02,AAPL,2025-06-27,C,142.62,142.62,0.22295,0.5,1.25,1.3,498,2669
2025-06-02,AAPL,2025-06-27,P,142.62,142.62,0.22295,-0.5,1.24,1.3,410,2364
2025-06-02,AAPL,2025-06-27,P,134.06,142.62,0.251494,-0.25,1.41,1.46,94,4986
2025-06-02,AAPL,2025-06-27,P,125.5,142.62,0.262911,-0.1,1.48,1.52,363,70
2025-06-02,AAPL,2025-07-04,C,159.73,142.62,0.188643,0.1,1.05,1.1,196,2772
2025-06-02,AAPL,2025-07-04,C,151.17,142.62,0.197207,0.25,1.1,1.15,386,4700
2025-06-02,AAPL,2025-07-04,C,142.62,142.62,0.22575,0.5,1.26,1.31,13,2606
2025-06-02,AAPL,2025-07-04,P,142.62,142.62,0.22575,-0.5,1.26,1.32,117,1300
2025-06-02,AAPL,2025-07-04,P,134.06,142.62,0.254294,-0.25,1.42,1.48,141,25
2025-06-02,AAPL,2025-07-04,P,125.5,142.62,0.265711,-0.1,1.49,1.54,222,4674
2025-06-02,AAPL,2025-08-01,C,159.73,142.62,0.199843,0.1,1.11,1.17,11,4269
2025-06-02,AAPL,2025-08-01,C,151.17,142.62,0.208407,0.25,1.16,1.21,295,4122
2025-06-02,AAPL,2025-08-01,C,142.62,142.62,0.23695,0.5,1.33,1.38,21,3096
2025-06-02,AAPL,2025-08-01,P,142.62,142.62,0.23695,-0.5,1.33,1.37,408,1015
2025-06-02,AAPL,2025-08-01,P,134.06,142.62,0.265494,-0.25,1.49,1.54,161,303
2025-06-02,AAPL,2025-08-01,P,125.5,142.62,0.276911,-0.1,1.55,1.61,189,4201
2025-06-03,AAPL,2025-06-28,C,160.86,143.63,0.211124,0.1,1.19,1.23,323,4699
2025-06-03,AAPL,2025-06-28,C,152.24,143.63,0.220459,0.25,1.25,1.29,437,2375
2025-06-03,AAPL,2025-06-28,C,143.63,143.63,0.251574,0.5,1.42,1.47,339,360
2025-06-03,AAPL,2025-06-28,P,143.63,143.63,0.251574,-0.5,1.43,1.47,477,134
2025-06-03,AAPL,2025-06-28,P,135.01,143.63,0.282689,-0.25,1.6,1.65,291,4059
2025-06-03,AAPL,2025-06-28,P,126.39,143.63,0.295135,-0.1,1.67,1.72,9,631
2025-06-03,AAPL,2025-07-05,C,160.86,143.63,0.213924,0.1,1.2,1.25,42,1179
2025-06-03,AAPL,2025-07-05,C,152.24,143.63,0.223259,0.25,1.26,1.31,172,4748
2025-06-03,AAPL,2025-07-05,C,143.63,143.63,0.254374,0.5,1.43,1.49,227,4387
2025-06-03,AAPL,2025-07-05,P,143.63,143.63,0.254374,-0.5,1.44,1.49,222,4163
2025-06-03,AAPL,2025-07-05,P,135.01,143.63,0.285489,-0.25,1.62,1.66,499,351
2025-06-03,AAPL,2025-07-05,P,126.39,143.63,0.297935,-0.1,1.69,1.74,293,269
2025-06-03,AAPL,2025-08-02,C,160.86,143.63,0.225124,0.1,1.26,1.32,120,3460
2025-06-03,AAPL,2025-08-02,C,152.24,143.63,0.234459,0.25,1.32,1.38,258,1576
2025-06-03,AAPL,2025-08-02,C,143.63,143.63,0.265574,0.5,1.5,1.55,313,3711
2025-06-03,AAPL,2025-08-02,P,143.63,143.63,0.265574,-0.5,1.5,1.55,378,2713
2025-06-03,AAPL,2025-08-02,P,135.01,143.63,0.296689,-0.25,1.68,1.73,446,4894
2025-06-03,AAPL,2025-08-02,P,126.39,143.63,0.309135,-0.1,1.75,1.8,299,599
2025-06-04,AAPL,2025-06-29,C,158.54,141.55,0.21133,0.1,1.17,1.22,220,741
2025-06-04,AAPL,2025-06-29,C,150.05,141.55,0.220489,0.25,1.22,1.27,19,1427
2025-06-04,AAPL,2025-06-29,C,141.55,141.55,0.251017,0.5,1.4,1.44,203,2565
2025-06-04,AAPL,2025-06-29,P,141.55,141.55,0.251017,-0.5,1.4,1.44,470,2956
2025-06-04,AAPL,2025-06-29,P,133.06,141.55,0.281544,-0.25,1.57,1.62,213,3620
2025-06-04,AAPL,2025-06-29,P,124.57,141.55,0.293756,-0.1,1.64,1.69,363,4482
2025-06-04,AAPL,2025-07-06,C,158.54,141.55,0.21413,0.1,1.19,1.23,479,2614
2025-06-04,AAPL,2025-07-06,C,150.05,141.55,0.223289,0.25,1.24,1.29,150,1133
2025-06-04,AAPL,2025-07-06,C,141.55,141.55,0.253817,0.5,1.41,1.46,53,4211
2025-06-04,AAPL,2025-07-06,P,141.55,141.55,0.253817,-0.5,1.41,1.47,251,1523
2025-06-04,AAPL,2025-07-06,P,133.06,141.55,0.284344,-0.25,1.59,1.63,412,3603
2025-06-04,AAPL,2025-07-06,P,124.57,141.55,0.296556,-0.1,1.65,1.7,269,1013
2025-06-04,AAPL,2025-08-03,C,158.54,141.55,0.22533,0.1,1.25,1.3,132,2599
2025-06-04,AAPL,2025-08-03,C,150.05,141.55,0.234489,0.25,1.3,1.35,25,1803
2025-06-04,AAPL,2025-08-03,C,141.55,141.55,0.265017,0.5,1.48,1.52,306,909
2025-06-04,AAPL,2025-08-03,P,141.55,141.55,0.265017,-0.5,1.47,1.53,167,793
2025-06-04,AAPL,2025-08-03,P,133.06,141.55,0.295544,-0.25,1.65,1.7,340,3992
2025-06-04,AAPL,2025-08-03,P,124.57,141.55,0.307756,-0.1,1.72,1.77,255,106
2025-06-05,AAPL,2025-06-30,C,159.12,142.07,0.191329,0.1,1.06,1.11,452,2981
2025-06-05,AAPL,2025-06-30,C,150.6,142.07,0.200565,0.25,1.11,1.17,238,1884
2025-06-05,AAPL,2025-06-30,C,142.07,142.07,0.231349,0.5,1.29,1.34,378,825
2025-06-05,AAPL,2025-06-30,P,142.07,142.07,0.231349,-0.5,1.29,1.34,323,270
2025-06-05,AAPL,2025-06-30,P,133.55,142.07,0.262134,-0.25,1.46,1.52,114,761
2025-06-05,AAPL,2025-06-30,P,125.02,142.07,0.274448,-0.1,1.54,1.58,470,3878
2025-06-05,AAPL,2025-07-07,C,159.12,142.07,0.194129,0.1,1.08,1.13,469,79
2025-06-05,AAPL,2025-07-07,C,150.6,142.07,0.203365,0.25,1.14,1.18,339,2558
2025-06-05,AAPL,2025-07-07,C,142.07,142.07,0.234149,0.5,1.31,1.35,322,909
2025-06-05,AAPL,2025-07-07,P,142.07,142.07,0.234149,-0.5,1.3,1.36,120,1149
2025-06-05,AAPL,2025-07-07,P,133.55,142.07,0.264934,-0.25,1.48,1.53,127,1902
2025-06-05,AAPL,2025-07-07,P,125.02,142.07,0.277248,-0.1,1.55,1.6,284,699
2025-06-05,AAPL,2025-08-04,C,159.12,142.07,0.205329,0.1,1.14,1.19,143,158
2025-06-05,AAPL,2025-08-04,C,150.6,142.07,0.214565,0.25,1.2,1.24,402,4510
2025-06-05,AAPL,2025-08-04,C,142.07,142.07,0.245349,0.5,1.37,1.42,50,1866
2025-06-05,AAPL,2025-08-04,P,142.07,142.07,0.245349,-0.5,1.37,1.42,3,2841
2025-06-05,AAPL,2025-08-04,P,133.55,142.07,0.276134,-0.25,1.54,1.6,192,1189
2025-06-05,AAPL,2025-08-04,P,125.02,142.07,0.288448,-0.1,1.62,1.66,173,1515
2025-06-06,AAPL,2025-07-01,C,159.44,142.36,0.203863,0.1,1.14,1.18,77,4390
2025-06-06,AAPL,2025-07-01,C,150.9,142.36,0.212265,0.25,1.18,1.24,281,557
2025-06-06,AAPL,2025-07-01,C,142.36,142.36,0.240274,0.5,1.34,1.39,342,1912
2025-06-06,AAPL,2025-07-01,P,142.36,142.36,0.240274,-0.5,1.34,1.39,143,2778
2025-06-06,AAPL,2025-07-01,P,133.82,142.36,0.268282,-0.25,1.51,1.55,66,4212
2025-06-06,AAPL,2025-07-01,P,125.28,142.36,0.279486,-0.1,1.56,1.62,302,3270
2025-06-06,AAPL,2025-07-08,C,159.44,142.36,0.206663,0.1,1.15,1.2,165,2644
2025-06-06,AAPL,2025-07-08,C,150.9,142.36,0.215065,0.25,1.2,1.25,340,753
2025-06-06,AAPL,2025-07-08,C,142.36,142.36,0.243074,0.5,1.36,1.41,154,234
2025-06-06,AAPL,2025-07-08,P,142.36,142.36,0.243074,-0.5,1.36,1.41,365,2110
2025-06-06,AAPL,2025-07-08,P,133.82,142.36,0.271082,-0.25,1.52,1.57,179,1642
2025-06-06,AAPL,2025-07-08,P,125.28,142.36,0.282286,-0.1,1.58,1.64,333,882
2025-06-06,AAPL,2025-08-05,C,159.44,142.36,0.217863,0.1,1.22,1.26,297,836
2025-06-06,AAPL,2025-08-05,C,150.9,142.36,0.226265,0.25,1.26,1.32,499,4959
2025-06-06,AAPL,2025-08-05,C,142.36,142.36,0.254274,0.5,1.43,1.47,47,4529
2025-06-06,AAPL,2025-08-05,P,142.36,142.36,0.254274,-0.5,1.43,1.47,10,3243
2025-06-06,AAPL,2025-08-05,P,133.82,142.36,0.282282,-0.25,1.59,1.63,468,2483
2025-06-06,AAPL,2025-08-05,P,125.28,142.36,0.293486,-0.1,1.64,1.7,185,2686
2025-06-09,AAPL,2025-07-04,C,158.64,141.65,0.221135,0.1,1.22,1.28,212,4850
2025-06-09,AAPL,2025-07-04,C,150.14,141.65,0.231159,0.25,1.29,1.33,442,3183
2025-06-09,AAPL,2025-07-04,C,141.65,141.65,0.264573,0.5,1.47,1.53,356,1215
2025-06-09,AAPL,2025-07-04,P,141.65,141.65,0.264573,-0.5,1.47,1.53,308,1408
2025-06-09,AAPL,2025-07-04,P,133.15,141.65,0.297986,-0.25,1.66,1.72,89,569
2025-06-09,AAPL,2025-07-04,P,124.65,141.65,0.311351,-0.1,1.74,1.79,382,2672
2025-06-09,AAPL,2025-07-11,C,158.64,141.65,0.223935,0.1,1.24,1.29,433,4253
2025-06-09,AAPL,2025-07-11,C,150.14,141.65,0.233959,0.25,1.3,1.36,373,544
2025-06-09,AAPL,2025-07-11,C,141.65,141.65,0.267373,0.5,1.49,1.54,9,1794
2025-06-09,AAPL,2025-07-11,P,141.65,141.65,0.267373,-0.5,1.49,1.54,12,2474
2025-06-09,AAPL,2025-07-11,P,133.15,141.65,0.300786,-0.25,1.68,1.73,46,3855
2025-06-09,AAPL,2025-07-11,P,124.65,141.65,0.314151,-0.1,1.76,1.8,336,2280
2025-06-09,AAPL,2025-08-08,C,158.64,141.65,0.235135,0.1,1.31,1.36,393,2307
2025-06-09,AAPL,2025-08-08,C,150.14,141.65,0.245159,0.25,1.37,1.41,229,1993
2025-06-09,AAPL,2025-08-08,C,141.65,141.65,0.278573,0.5,1.55,1.6,430,946
2025-06-09,AAPL,2025-08-08,P,141.65,141.65,0.278573,-0.5,1.55,1.61,62,1613
2025-06-09,AAPL,2025-08-08,P,133.15,141.65,0.311986,-0.25,1.74,1.79,389,2583
2025-06-09,AAPL,2025-08-08,P,124.65,141.65,0.325351,-0.1,1.81,1.87,487,618
2025-06-10,AAPL,2025-07-05,C,156.7,139.91,0.214377,0.1,1.18,1.22,323,2161
2025-06-10,AAPL,2025-07-05,C,148.31,139.91,0.224773,0.25,1.23,1.28,308,3818
2025-06-10,AAPL,2025-07-05,C,139.91,139.91,0.259425,0.5,1.43,1.47,367,433
2025-06-10,AAPL,2025-07-05,P,139.91,139.91,0.259425,-0.5,1.43,1.48,479,3869
2025-06-10,AAPL,2025-07-05,P,131.52,139.91,0.294077,-0.25,1.62,1.67,205,3669
2025-06-10,AAPL,2025-07-05,P,123.12,139.91,0.307938,-0.1,1.7,1.75,24,3623
2025-06-10,AAPL,2025-07-12,C,156.7,139.91,0.217177,0.1,1.19,1.24,420,1179
2025-06-10,AAPL,2025-07-12,C,148.31,139.91,0.227573,0.25,1.25,1.3,337,3855
2025-06-10,AAPL,2025-07-12,C,139.91,139.91,0.262225,0.5,1.44,1.49,306,3273
2025-06-10,AAPL,2025-07-12,P,139.91,139.91,0.262225,-0.5,1.44,1.49,251,2520
2025-06-10,AAPL,2025-07-12,P,131.52,139.91,0.296877,-0.25,1.64,1.68,11,3334
2025-06-10,AAPL,2025-07-12,P,123.12,139.91,0.310738,-0.1,1.71,1.77,351,715
2025-06-10,AAPL,2025-08-09,C,156.7,139.91,0.228377,0.1,1.25,1.3,460,252
2025-06-10,AAPL,2025-08-09,C,148.31,139.91,0.238773,0.25,1.32,1.36,207,4948
2025-06-10,AAPL,2025-08-09,C,139.91,139.91,0.273425,0.5,1.51,1.56,73,1784
2025-06-10,AAPL,2025-08-09,P,139.91,139.91,0.273425,-0.5,1.51,1.55,352,4900
2025-06-10,AAPL,2025-08-09,P,131.52,139.91,0.308077,-0.25,1.7,1.75,63,3631
2025-06-10,AAPL,2025-08-09,P,123.12,139.91,0.321938,-0.1,1.78,1.82,110,361
2025-06-11,AAPL,2025-07-06,C,156.8,140.0,0.195957,0.1,1.08,1.12,237,3381
2025-06-11,AAPL,2025-07-06,C,148.4,140.0,0.207128,0.25,1.14,1.18,77,3733
2025-06-11,AAPL,2025-07-06,C,140.0,140.0,0.244364,0.5,1.34,1.4,259,3623
2025-06-11,AAPL,2025-07-06,P,140.0,140.0,0.244364,-0.5,1.35,1.39,184,3521
2025-06-11,AAPL,2025-07-06,P,131.6,140.0,0.2816,-0.25,1.55,1.61,498,1220
2025-06-11,AAPL,2025-07-06,P,123.2,140.0,0.296494,-0.1,1.64,1.68,438,4069
2025-06-11,AAPL,2025-07-13,C,156.8,140.0,0.198757,0.1,1.09,1.13,282,3306
2025-06-11,AAPL,2025-07-13,C,148.4,140.0,0.209928,0.25,1.15,1.2,106,195
2025-06-11,AAPL,2025-07-13,C,140.0,140.0,0.247164,0.5,1.36,1.41,460,2883
2025-06-11,AAPL,2025-07-13,P,140.0,140.0,0.247164,-0.5,1.36,1.41,44,4382
2025-06-11,AAPL,2025-07-13,P,131.6,140.0,0.2844,-0.25,1.57,1.61,352,1827
2025-06-11,AAPL,2025-07-13,P,123.2,140.0,0.299294,-0.1,1.65,1.7,421,961
2025-06-11,AAPL,2025-08-10,C,156.8,140.0,0.209957,0.1,1.15,1.2,458,404
2025-06-11,AAPL,2025-08-10,C,148.4,140.0,0.221128,0.25,1.21,1.26,295,385
2025-06-11,AAPL,2025-08-10,C,140.0,140.0,0.258364,0.5,1.42,1.47,331,3955
2025-06-11,AAPL,2025-08-10,P,140.0,140.0,0.258364,-0.5,1.42,1.48,372,4906
2025-06-11,AAPL,2025-08-10,P,131.6,140.0,0.2956,-0.25,1.63,1.68,271,3847
2025-06-11,AAPL,2025-08-10,P,123.2,140.0,0.310494,-0.1,1.71,1.76,213,4564
2025-06-12,AAPL,2025-07-07,C,156.09,139.36,0.194487,0.1,1.06,1.11,426,1184
2025-06-12,AAPL,2025-07-07,C,147.72,139.36,0.205322,0.25,1.12,1.17,485,3651
2025-06-12,AAPL,2025-07-07,C,139.36,139.36,0.241441,0.5,1.32,1.37,202,1064
2025-06-12,AAPL,2025-07-07,P,139.36,139.36,0.241441,-0.5,1.32,1.38,434,2178
2025-06-12,AAPL,2025-07-07,P,131.0,139.36,0.277559,-0.25,1.53,1.57,457,1664
2025-06-12,AAPL,2025-07-07,P,122.64,139.36,0.292007,-0.1,1.6,1.65,227,3119
2025-06-12,AAPL,2025-07-14,C,156.09,139.36,0.197287,0.1,1.07,1.13,322,4933
2025-06-12,AAPL,2025-07-14,C,147.72,139.36,0.208122,0.25,1.13,1.19,183,3502
2025-06-12,AAPL,2025-07-14,C,139.36,139.36,0.244241,0.5,1.34,1.38,468,4287
2025-06-12,AAPL,2025-07-14,P,139.36,139.36,0.244241,-0.5,1.34,1.38,359,540
2025-06-12,AAPL,2025-07-14,P,131.0,139.36,0.280359,-0.25,1.53,1.59,77,4322
2025-06-12,AAPL,2025-07-14,P,122.64,139.36,0.294807,-0.1,1.62,1.67,37,3379
2025-06-12,AAPL,2025-08-11,C,156.09,139.36,0.208487,0.1,1.14,1.19,405,1622
2025-06-12,AAPL,2025-08-11,C,147.72,139.36,0.219322,0.25,1.2,1.25,291,688
2025-06-12,AAPL,2025-08-11,C,139.36,139.36,0.255441,0.5,1.4,1.45,278,2238
2025-06-12,AAPL,2025-08-11,P,139.36,139.36,0.255441,-0.5,1.4,1.45,142,1084
2025-06-12,AAPL,2025-08-11,P,131.0,139.36,0.291559,-0.25,1.6,1.65,376,3196
2025-06-12,AAPL,2025-08-11,P,122.64,139.36,0.306007,-0.1,1.68,1.73,253,555
2025-06-13,AAPL,2025-07-08,C,156.4,139.64,0.179881,0.1,0.98,1.03,89,1332
2025-06-13,AAPL,2025-07-08,C,148.02,139.64,0.189637,0.25,1.04,1.08,76,2241
2025-06-13,AAPL,2025-07-08,C,139.64,139.64,0.222156,0.5,1.22,1.26,267,1363
2025-06-13,AAPL,2025-07-08,P,139.64,139.64,0.222156,-0.5,1.21,1.27,480,274
2025-06-13,AAPL,2025-07-08,P,131.26,139.64,0.254676,-0.25,1.4,1.45,33,3451
2025-06-13,AAPL,2025-07-08,P,122.88,139.64,0.267683,-0.1,1.47,1.52,489,1112
2025-06-13,AAPL,2025-07-15,C,156.4,139.64,0.182681,0.1,1.0,1.04,62,14
2025-06-13,AAPL,2025-07-15,C,148.02,139.64,0.192437,0.25,1.05,1.1,217,204
2025-06-13,AAPL,2025-07-15,C,139.64,139.64,0.224956,0.5,1.23,1.28,286,4974
2025-06-13,AAPL,2025-07-15,P,139.64,139.64,0.224956,-0.5,1.23,1.29,96,1083
2025-06-13,AAPL,2025-07-15,P,131.26,139.64,0.257476,-0.25,1.42,1.46,424,2323
2025-06-13,AAPL,2025-07-15,P,122.88,139.64,0.270483,-0.1,1.48,1.54,275,4015
2025-06-13,AAPL,2025-08-12,C,156.4,139.64,0.193881,0.1,1.06,1.1,340,630
2025-06-13,AAPL,2025-08-12,C,148.02,139.64,0.203637,0.25,1.11,1.16,395,4351
2025-06-13,AAPL,2025-08-12,C,139.64,139.64,0.236156,0.5,1.29,1.35,56,545
2025-06-13,AAPL,2025-08-12,P,139.64,139.64,0.236156,-0.5,1.29,1.34,225,786
2025-06-13,AAPL,2025-08-12,P,131.26,139.64,0.268676,-0.25,1.47,1.53,411,4583
2025-06-13,AAPL,2025-08-12,P,122.88,139.64,0.281683,-0.1,1.55,1.6,82,424
2025-06-16,AAPL,2025-07-11,C,156.43,139.67,0.197029,0.1,1.08,1.12,321,4056
2025-06-16,AAPL,2025-07-11,C,148.05,139.67,0.207729,0.25,1.14,1.18,196,4375
2025-06-16,AAPL,2025-07-11,C,139.67,139.67,0.243396,0.5,1.34,1.38,342,796
2025-06-16,AAPL,2025-07-11,P,139.67,139.67,0.243396,-0.5,1.34,1.38,496,184
2025-06-16,AAPL,2025-07-11,P,131.29,139.67,0.279063,-0.25,1.54,1.58,19,3303
2025-06-16,AAPL,2025-07-11,P,122.91,139.67,0.293329,-0.1,1.62,1.66,20,565
2025-06-16,AAPL,2025-07-18,C,156.43,139.67,0.199829,0.1,1.1,1.14,351,396
2025-06-16,AAPL,2025-07-18,C,148.05,139.67,0.210529,0.25,1.15,1.2,358,4721
2025-06-16,AAPL,2025-07-18,C,139.67,139.67,0.246196,0.5,1.35,1.4,171,3802
2025-06-16,AAPL,2025-07-18,P,139.67,139.67,0.246196,-0.5,1.35,1.4,387,4984
2025-06-16,AAPL,2025-07-18,P,131.29,139.67,0.281863,-0.25,1.55,1.6,13,1434
2025-06-16,AAPL,2025-07-18,P,122.91,139.67,0.296129,-0.1,1.63,1.68,211,4284
2025-06-16,AAPL,2025-08-15,C,156.43,139.67,0.211029,0.1,1.15,1.21,3,2363
2025-06-16,AAPL,2025-08-15,C,148.05,139.67,0.221729,0.25,1.22,1.26,213,3637
2025-06-16,AAPL,2025-08-15,C,139.67,139.67,0.257396,0.5,1.41,1.47,215,2005
2025-06-16,AAPL,2025-08-15,P,139.67,139.67,0.257396,-0.5,1.41,1.46,210,2007
2025-06-16,AAPL,2025-08-15,P,131.29,139.67,0.293063,-0.25,1.61,1.66,119,2629
2025-06-16,AAPL,2025-08-15,P,122.91,139.67,0.307329,-0.1,1.69,1.74,239,4887
2025-06-17,AAPL,2025-07-12,C,158.58,141.59,0.216392,0.1,1.2,1.25,439,1874
2025-06-17,AAPL,2025-07-12,C,150.08,141.59,0.226576,0.25,1.26,1.3,421,1491
2025-06-17,AAPL,2025-07-12,C,141.59,141.59,0.260524,0.5,1.45,1.5,250,2145
2025-06-17,AAPL,2025-07-12,P,141.59,141.59,0.260524,-0.5,1.45,1.5,37,1738
2025-06-17,AAPL,2025-07-12,P,133.09,141.59,0.294472,-0.25,1.64,1.7,231,1237
2025-06-17,AAPL,2025-07-12,P,124.6,141.59,0.308051,-0.1,1.72,1.77,218,4506
2025-06-17,AAPL,2025-07-19,C,158.58,141.59,0.219192,0.1,1.22,1.27,32,977
2025-06-17,AAPL,2025-07-19,C,150.08,141.59,0.229376,0.25,1.28,1.32,211,2955
2025-06-17,AAPL,2025-07-19,C,141.59,141.59,0.263324,0.5,1.47,1.52,173,751
2025-06-17,AAPL,2025-07-19,P,141.59,141.59,0.263324,-0.5,1.47,1.52,93,2719
2025-06-17,AAPL,2025-07-19,P,133.09,141.59,0.297272,-0.25,1.66,1.71,483,3066
2025-06-17,AAPL,2025-07-19,P,124.6,141.59,0.310851,-0.1,1.74,1.78,383,1689
2025-06-17,AAPL,2025-08-16,C,158.58,141.59,0.230392,0.1,1.28,1.33,125,1303
2025-06-17,AAPL,2025-08-16,C,150.08,141.59,0.240576,0.25,1.34,1.39,387,2056
2025-06-17,AAPL,2025-08-16,C,141.59,141.59,0.274524,0.5,1.53,1.58,202,4581
2025-06-17,AAPL,2025-08-16,P,141.59,141.59,0.274524,-0.5,1.53,1.58,319,1191
2025-06-17,AAPL,2025-08-16,P,133.09,141.59,0.308472,-0.25,1.72,1.78,190,3732
2025-06-17,AAPL,2025-08-16,P,124.6,141.59,0.322051,-0.1,1.8,1.85,94,257
2025-06-18,AAPL,2025-07-13,C,158.26,141.3,0.187775,0.1,1.03,1.09,294,1055
2025-06-18,AAPL,2025-07-13,C,149.78,141.3,0.19922,0.25,1.1,1.15,227,3897
2025-06-18,AAPL,2025-07-13,C,141.3,141.3,0.237371,0.5,1.32,1.36,276,367
2025-06-18,AAPL,2025-07-13,P,141.3,141.3,0.237371,-0.5,1.32,1.36,263,2221
2025-06-18,AAPL,2025-07-13,P,132.82,141.3,0.275522,-0.25,1.53,1.58,198,4345
2025-06-18,AAPL,2025-07-13,P,124.35,141.3,0.290783,-0.1,1.62,1.66,460,991
2025-06-18,AAPL,2025-07-20,C,158.26,141.3,0.190575,0.1,1.05,1.1,15,1826
2025-06-18,AAPL,2025-07-20,C,149.78,141.3,0.20202,0.25,1.12,1.17,407,4621
2025-06-18,AAPL,2025-07-20,C,141.3,141.3,0.240171,0.5,1.33,1.38,237,2081
2025-06-18,AAPL,2025-07-20,P,141.3,141.3,0.240171,-0.5,1.33,1.39,203,335
2025-06-18,AAPL,2025-07-20,P,132.82,141.3,0.278322,-0.25,1.54,1.6,161,2513
2025-06-18,AAPL,2025-07-20,P,124.35,141.3,0.293583,-0.1,1.63,1.68,241,4610
2025-06-18,AAPL,2025-08-17,C,158.26,141.3,0.201775,0.1,1.12,1.17,81,2197
2025-06-18,AAPL,2025-08-17,C,149.78,141.3,0.21322,0.25,1.18,1.23,269,3297
2025-06-18,AAPL,2025-08-17,C,141.3,141.3,0.251371,0.5,1.4,1.45,369,1079
2025-06-18,AAPL,2025-08-17,P,141.3,141.3,0.251371,-0.5,1.39,1.45,23,3223
2025-06-18,AAPL,2025-08-17,P,132.82,141.3,0.289522,-0.25,1.61,1.66,324,31
2025-06-18,AAPL,2025-08-17,P,124.35,141.3,0.304783,-0.1,1.7,1.75,474,40
2025-06-19,AAPL,2025-07-14,C,156.88,140.07,0.179665,0.1,0.98,1.03,234,418
2025-06-19,AAPL,2025-07-14,C,148.48,140.07,0.190977,0.25,1.05,1.09,385,3280
2025-06-19,AAPL,2025-07-14,C,140.07,140.07,0.228685,0.5,1.26,1.3,326,4988
2025-06-19,AAPL,2025-07-14,P,140.07,140.07,0.228685,-0.5,1.25,1.31,110,2930
2025-06-19,AAPL,2025-07-14,P,131.67,140.07,0.266393,-0.25,1.46,1.52,475,4341
2025-06-19,AAPL,2025-07-14,P,123.27,140.07,0.281476,-0.1,1.55,1.6,355,3750
2025-06-19,AAPL,2025-07-21,C,156.88,140.07,0.182465,0.1,1.0,1.04,69,3425
2025-06-19,AAPL,2025-07-21,C,148.48,140.07,0.193777,0.25,1.06,1.11,407,93
2025-06-19,AAPL,2025-07-21,C,140.07,140.07,0.231485,0.5,1.27,1.32,465,4777
2025-06-19,AAPL,2025-07-21,P,140.07,140.07,0.231485,-0.5,1.27,1.32,117,915
2025-06-19,AAPL,2025-07-21,P,131.67,140.07,0.269193,-0.25,1.49,1.53,223,2401
2025-06-19,AAPL,2025-07-21,P,123.27,140.07,0.284276,-0.1,1.56,1.62,279,3792
2025-06-19,AAPL,2025-08-18,C,156.88,140.07,0.193665,0.1,1.06,1.11,79,1051
2025-06-19,AAPL,2025-08-18,C,148.48,140.07,0.204977,0.25,1.13,1.17,158,2318
2025-06-19,AAPL,2025-08-18,C,140.07,140.07,0.242685,0.5,1.33,1.39,483,3651
2025-06-19,AAPL,2025-08-18,P,140.07,140.07,0.242685,-0.5,1.34,1.38,365,2977
2025-06-19,AAPL,2025-08-18,P,131.67,140.07,0.280393,-0.25,1.55,1.6,203,2899
2025-06-19,AAPL,2025-08-18,P,123.27,140.07,0.295476,-0.1,1.63,1.68,103,3408
2025-06-20,AAPL,2025-07-15,C,157.12,140.29,0.181923,0.1,0.99,1.05,330,2145
2025-06-20,AAPL,2025-07-15,C,148.71,140.29,0.194445,0.25,1.07,1.11,111,1189
2025-06-20,AAPL,2025-07-15,C,140.29,140.29,0.236185,0.5,1.3,1.35,499,2707
2025-06-20,AAPL,2025-07-15,P,140.29,140.29,0.236185,-0.5,1.3,1.35,179,3575
2025-06-20,AAPL,2025-07-15,P,131.87,140.29,0.277924,-0.25,1.54,1.58,237,3327
2025-06-20,AAPL,2025-07-15,P,123.45,140.29,0.29462,-0.1,1.63,1.68,490,2062
2025-06-20,AAPL,2025-07-22,C,157.12,140.29,0.184723,0.1,1.01,1.06,419,902
2025-06-20,AAPL,2025-07-22,C,148.71,140.29,0.197245,0.25,1.08,1.13,420,3936
2025-06-20,AAPL,2025-07-22,C,140.29,140.29,0.238985,0.5,1.31,1.37,93,2972
2025-06-20,AAPL,2025-07-22,P,140.29,140.29,0.238985,-0.5,1.32,1.36,21,3414
2025-06-20,AAPL,2025-07-22,P,131.87,140.29,0.280724,-0.25,1.55,1.6,88,1667
2025-06-20,AAPL,2025-07-22,P,123.45,140.29,0.29742,-0.1,1.64,1.7,442,377
2025-06-20,AAPL,2025-08-19,C,157.12,140.29,0.195923,0.1,1.08,1.12,409,623
2025-06-20,AAPL,2025-08-19,C,148.71,140.29,0.208445,0.25,1.15,1.19,8,4395
2025-06-20,AAPL,2025-08-19,C,140.29,140.29,0.250185,0.5,1.38,1.43,323,1381
2025-06-20,AAPL,2025-08-19,P,140.29,140.29,0.250185,-0.5,1.38,1.43,137,1980
2025-06-20,AAPL,2025-08-19,P,131.87,140.29,0.291924,-0.25,1.62,1.66,296,698
2025-06-20,AAPL,2025-08-19,P,123.45,140.29,0.30862,-0.1,1.71,1.76,214,691
2025-06-23,AAPL,2025-07-18,C,157.42,140.55,0.181868,0.1,1.0,1.04,185,3659
2025-06-23,AAPL,2025-07-18,C,148.99,140.55,0.193812,0.25,1.06,1.12,160,635
2025-06-23,AAPL,2025-07-18,C,140.55,140.55,0.233623,0.5,1.29,1.33,65,4748
2025-06-23,AAPL,2025-07-18,P,140.55,140.55,0.233623,-0.5,1.29,1.34,343,3154
2025-06-23,AAPL,2025-07-18,P,132.12,140.55,0.273435,-0.25,1.52,1.56,276,1400
2025-06-23,AAPL,2025-07-18,P,123.69,140.55,0.28936,-0.1,1.6,1.65,62,4432
2025-06-23,AAPL,2025-07-25,C,157.42,140.55,0.184668,0.1,1.02,1.06,468,3878
2025-06-23,AAPL,2025-07-25,C,148.99,140.55,0.196612,0.25,1.08,1.13,455,585
2025-06-23,AAPL,2025-07-25,C,140.55,140.55,0.236423,0.5,1.31,1.35,199,1196
2025-06-23,AAPL,2025-07-25,P,140.55,140.55,0.236423,-0.5,1.3,1.35,459,3180
2025-06-23,AAPL,2025-07-25,P,132.12,140.55,0.276235,-0.25,1.53,1.58,265,1230
2025-06-23,AAPL,2025-07-25,P,123.69,140.55,0.29216,-0.1,1.62,1.67,122,2926
2025-06-23,AAPL,2025-08-22,C,157.42,140.55,0.195868,0.1,1.08,1.13,146,2776
2025-06-23,AAPL,2025-08-22,C,148.99,140.55,0.207812,0.25,1.15,1.19,287,3405
2025-06-23,AAPL,2025-08-22,C,140.55,140.55,0.247623,0.5,1.37,1.42,444,1823
2025-06-23,AAPL,2025-08-22,P,140.55,140.55,0.247623,-0.5,1.37,1.41,463,2988
2025-06-23,AAPL,2025-08-22,P,132.12,140.55,0.287435,-0.25,1.59,1.64,178,1708
2025-06-23,AAPL,2025-08-22,P,123.69,140.55,0.30336,-0.1,1.68,1.73,64,4228
2025-06-24,AAPL,2025-07-19,C,159.25,142.18,0.169555,0.1,0.94,0.99,421,1975
2025-06-24,AAPL,2025-07-19,C,150.72,142.18,0.180164,0.25,0.99,1.05,162,1132
2025-06-24,AAPL,2025-07-19,C,142.18,142.18,0.215528,0.5,1.2,1.25,236,2216
2025-06-24,AAPL,2025-07-19,P,142.18,142.18,0.215528,-0.5,1.2,1.25,339,3463
2025-06-24,AAPL,2025-07-19,P,133.65,142.18,0.250893,-0.25,1.4,1.45,29,1112
2025-06-24,AAPL,2025-07-19,P,125.12,142.18,0.265039,-0.1,1.48,1.53,311,4445
2025-06-24,AAPL,2025-07-26,C,159.25,142.18,0.172355,0.1,0.95,1.01,356,2499
2025-06-24,AAPL,2025-07-26,C,150.72,142.18,0.182964,0.25,1.02,1.06,445,907
2025-06-24,AAPL,2025-07-26,C,142.18,142.18,0.218328,0.5,1.21,1.27,71,3553
2025-06-24,AAPL,2025-07-26,P,142.18,142.18,0.218328,-0.5,1.22,1.27,170,4398
2025-06-24,AAPL,2025-07-26,P,133.65,142.18,0.253693,-0.25,1.42,1.46,125,3415
2025-06-24,AAPL,2025-07-26,P,125.12,142.18,0.267839,-0.1,1.5,1.55,399,611
2025-06-24,AAPL,2025-08-23,C,159.25,142.18,0.183555,0.1,1.02,1.07,20,1943
2025-06-24,AAPL,2025-08-23,C,150.72,142.18,0.194164,0.25,1.07,1.13,436,1626
2025-06-24,AAPL,2025-08-23,C,142.18,142.18,0.229528,0.5,1.28,1.33,187,3746
2025-06-24,AAPL,2025-08-23,P,142.18,142.18,0.229528,-0.5,1.28,1.33,293,4602
2025-06-24,AAPL,2025-08-23,P,133.65,142.18,0.264893,-0.25,1.48,1.53,494,1954
2025-06-24,AAPL,2025-08-23,P,125.12,142.18,0.279039,-0.1,1.57,1.61,364,1386
2025-06-25,AAPL,2025-07-20,C,160.37,143.19,0.18948,0.1,1.06,1.11,95,1713
2025-06-25,AAPL,2025-07-20,C,151.78,143.19,0.200627,0.25,1.13,1.17,328,2429
2025-06-25,AAPL,2025-07-20,C,143.19,143.19,0.237785,0.5,1.33,1.39,181,1440
2025-06-25,AAPL,2025-07-20,P,143.19,143.19,0.237785,-0.5,1.33,1.39,432,3152
2025-06-25,AAPL,2025-07-20,P,134.6,143.19,0.274943,-0.25,1.55,1.6,135,1262
2025-06-25,AAPL,2025-07-20,P,126.0,143.19,0.289806,-0.1,1.63,1.69,323,777
2025-06-25,AAPL,2025-07-27,C,160.37,143.19,0.19228,0.1,1.08,1.12,438,3624
2025-06-25,AAPL,2025-07-27,C,151.78,143.19,0.203427,0.25,1.14,1.19,264,947
2025-06-25,AAPL,2025-07-27,C,143.19,143.19,0.240585,0.5,1.35,1.41,191,276
2025-06-25,AAPL,2025-07-27,P,143.19,143.19,0.240585,-0.5,1.35,1.4,314,4919
2025-06-25,AAPL,2025-07-27,P,134.6,143.19,0.277743,-0.25,1.57,1.62,277,4005
2025-06-25,AAPL,2025-07-27,P,126.0,143.19,0.292606,-0.1,1.65,1.7,237,3917
2025-06-25,AAPL,2025-08-24,C,160.37,143.19,0.20348,0.1,1.14,1.19,328,3458
2025-06-25,AAPL,2025-08-24,C,151.78,143.19,0.214627,0.25,1.21,1.25,142,3711
2025-06-25,AAPL,2025-08-24,C,143.19,143.19,0.251785,0.5,1.42,1.46,439,4903
2025-06-25,AAPL,2025-08-24,P,143.19,143.19,0.251785,-0.5,1.42,1.46,469,1191
2025-06-25,AAPL,2025-08-24,P,134.6,143.19,0.288943,-0.25,1.63,1.68,260,1222
2025-06-25,AAPL,2025-08-24,P,126.0,143.19,0.303806,-0.1,1.72,1.76,336,3576
2025-06-26,AAPL,2025-07-21,C,160.85,143.61,0.195956,0.1,1.1,1.15,33,2436
2025-06-26,AAPL,2025-07-21,C,152.23,143.61,0.207056,0.25,1.17,1.21,106,1185
2025-06-26,AAPL,2025-07-21,C,143.61,143.61,0.244054,0.5,1.38,1.42,6,1858
2025-06-26,AAPL,2025-07-21,P,143.61,143.61,0.244054,-0.5,1.38,1.43,290,165
2025-06-26,AAPL,2025-07-21,P,135.0,143.61,0.281052,-0.25,1.59,1.64,287,3137
2025-06-26,AAPL,2025-07-21,P,126.38,143.61,0.295851,-0.1,1.68,1.72,85,1592
2025-06-26,AAPL,2025-07-28,C,160.85,143.61,0.198756,0.1,1.11,1.17,459,2915
2025-06-26,AAPL,2025-07-28,C,152.23,143.61,0.209856,0.25,1.18,1.23,30,2330
2025-06-26,AAPL,2025-07-28,C,143.61,143.61,0.246854,0.5,1.4,1.44,384,4061
2025-06-26,AAPL,2025-07-28,P,143.61,143.61,0.246854,-0.5,1.39,1.45,54,4554
2025-06-26,AAPL,2025-07-28,P,135.0,143.61,0.283852,-0.25,1.61,1.65,325,1560
2025-06-26,AAPL,2025-07-28,P,126.38,143.61,0.298651,-0.1,1.69,1.74,123,1542
2025-06-26,AAPL,2025-08-25,C,160.85,143.61,0.209956,0.1,1.18,1.23,301,3169
2025-06-26,AAPL,2025-08-25,C,152.23,143.61,0.221056,0.25,1.25,1.29,102,4597
2025-06-26,AAPL,2025-08-25,C,143.61,143.61,0.258054,0.5,1.46,1.5,227,44
2025-06-26,AAPL,2025-08-25,P,143.61,143.61,0.258054,-0.5,1.45,1.51,134,3521
2025-06-26,AAPL,2025-08-25,P,135.0,143.61,0.295052,-0.25,1.67,1.72,331,2981
2025-06-26,AAPL,2025-08-25,P,126.38,143.61,0.309851,-0.1,1.76,1.8,458,850
2025-06-27,AAPL,2025-07-22,C,162.81,145.37,0.203948,0.1,1.16,1.21,283,3079
2025-06-27,AAPL,2025-07-22,C,154.09,145.37,0.215049,0.25,1.23,1.27,260,3318
2025-06-27,AAPL,2025-07-22,C,145.37,145.37,0.252055,0.5,1.44,1.49,319,841
2025-06-27,AAPL,2025-07-22,P,145.37,145.37,0.252055,-0.5,1.45,1.49,327,2203
2025-06-27,AAPL,2025-07-22,P,136.65,145.37,0.28906,-0.25,1.65,1.71,343,3257
2025-06-27,AAPL,2025-07-22,P,127.93,145.37,0.303862,-0.1,1.74,1.79,407,2020
2025-06-27,AAPL,2025-07-29,C,162.81,145.37,0.206748,0.1,1.18,1.22,306,2663
2025-06-27,AAPL,2025-07-29,C,154.09,145.37,0.217849,0.25,1.24,1.29,483,3633
2025-06-27,AAPL,2025-07-29,C,145.37,145.37,0.254855,0.5,1.46,1.5,33,1463
2025-06-27,AAPL,2025-07-29,P,145.37,145.37,0.254855,-0.5,1.46,1.51,392,2438
2025-06-27,AAPL,2025-07-29,P,136.65,145.37,0.29186,-0.25,1.67,1.72,479,2192
2025-06-27,AAPL,2025-07-29,P,127.93,145.37,0.306662,-0.1,1.75,1.81,186,4201
2025-06-27,AAPL,2025-08-26,C,162.81,145.37,0.217948,0.1,1.24,1.3,234,3151
2025-06-27,AAPL,2025-08-26,C,154.09,145.37,0.229049,0.25,1.31,1.36,163,3049
2025-06-27,AAPL,2025-08-26,C,145.37,145.37,0.266055,0.5,1.52,1.57,215,1617
2025-06-27,AAPL,2025-08-26,P,145.37,145.37,0.266055,-0.5,1.52,1.57,258,137
2025-06-27,AAPL,2025-08-26,P,136.65,145.37,0.30306,-0.25,1.74,1.78,425,4259
2025-06-27,AAPL,2025-08-26,P,127.93,145.37,0.317862,-0.1,1.83,1.87,390,2628
2025-06-30,AAPL,2025-07-25,C,161.22,143.94,0.170163,0.1,0.96,1.0,184,4479
2025-06-30,AAPL,2025-07-25,C,152.58,143.94,0.182051,0.25,1.03,1.07,281,4423
2025-06-30,AAPL,2025-07-25,C,143.94,143.94,0.221675,0.5,1.25,1.3,65,1211
2025-06-30,AAPL,2025-07-25,P,143.94,143.94,0.221675,-0.5,1.25,1.3,88,1588
2025-06-30,AAPL,2025-07-25,P,135.31,143.94,0.2613,-0.25,1.48,1.53,210,1236
2025-06-30,AAPL,2025-07-25,P,126.67,143.94,0.27715,-0.1,1.57,1.63,299,1155
2025-06-30,AAPL,2025-08-01,C,161.22,143.94,0.172963,0.1,0.97,1.02,483,803
2025-06-30,AAPL,2025-08-01,C,152.58,143.94,0.184851,0.25,1.03,1.09,403,1135
2025-06-30,AAPL,2025-08-01,C,143.94,143.94,0.224475,0.5,1.27,1.32,244,2797
2025-06-30,AAPL,2025-08-01,P,143.94,143.94,0.224475,-0.5,1.27,1.31,270,4085
2025-06-30,AAPL,2025-08-01,P,135.31,143.94,0.2641,-0.25,1.5,1.54,29,2750
2025-06-30,AAPL,2025-08-01,P,126.67,143.94,0.27995,-0.1,1.59,1.64,489,3017
2025-06-30,AAPL,2025-08-29,C,161.22,143.94,0.184163,0.1,1.04,1.08,279,851
2025-06-30,AAPL,2025-08-29,C,152.58,143.94,0.196051,0.25,1.11,1.15,453,1517
2025-06-30,AAPL,2025-08-29,C,143.94,143.94,0.235675,0.5,1.34,1.38,106,4610
2025-06-30,AAPL,2025-08-29,P,143.94,143.94,0.235675,-0.5,1.33,1.38,490,3121
2025-06-30,AAPL,2025-08-29,P,135.31,143.94,0.2753,-0.25,1.56,1.61,194,1388
2025-06-30,AAPL,2025-08-29,P,126.67,143.94,0.29115,-0.1,1.65,1.7,189,1478
2025-07-01,AAPL,2025-07-26,C,160.36,143.18,0.206363,0.1,1.16,1.21,471,2533
2025-07-01,AAPL,2025-07-26,C,151.77,143.18,0.217575,0.25,1.22,1.28,307,1124
2025-07-01,AAPL,2025-07-26,C,143.18,143.18,0.25495,0.5,1.44,1.48,237,756
2025-07-01,AAPL,2025-07-26,P,143.18,143.18,0.25495,-0.5,1.44,1.48,457,3589
2025-07-01,AAPL,2025-07-26,P,134.59,143.18,0.292324,-0.25,1.65,1.7,207,2910
2025-07-01,AAPL,2025-07-26,P,126.0,143.18,0.307274,-0.1,1.74,1.78,180,267
2025-07-01,AAPL,2025-08-02,C,160.36,143.18,0.209163,0.1,1.17,1.23,41,2073
2025-07-01,AAPL,2025-08-02,C,151.77,143.18,0.220375,0.25,1.23,1.29,493,2087
2025-07-01,AAPL,2025-08-02,C,143.18,143.18,0.25775,0.5,1.45,1.51,415,1459
2025-07-01,AAPL,2025-08-02,P,143.18,143.18,0.25775,-0.5,1.45,1.5,9,3796
2025-07-01,AAPL,2025-08-02,P,134.59,143.18,0.295124,-0.25,1.67,1.71,226,1828
2025-07-01,AAPL,2025-08-02,P,126.0,143.18,0.310074,-0.1,1.75,1.81,12,2782
2025-07-01,AAPL,2025-08-30,C,160.36,143.18,0.220363,0.1,1.24,1.29,450,3220
2025-07-01,AAPL,2025-08-30,C,151.77,143.18,0.231575,0.25,1.3,1.35,487,4310
2025-07-01,AAPL,2025-08-30,C,143.18,143.18,0.26895,0.5,1.51,1.57,409,1479
2025-07-01,AAPL,2025-08-30,P,143.18,143.18,0.26895,-0.5,1.52,1.56,438,3075
2025-07-01,AAPL,2025-08-30,P,134.59,143.18,0.306324,-0.25,1.73,1.78,110,2258
2025-07-01,AAPL,2025-08-30,P,126.0,143.18,0.321274,-0.1,1.82,1.86,411,1447
2025-07-02,AAPL,2025-07-27,C,159.11,142.06,0.197726,0.1,1.1,1.15,175,867
2025-07-02,AAPL,2025-07-27,C,150.59,142.06,0.207974,0.25,1.16,1.21,375,3769
2025-07-02,AAPL,2025-07-27,C,142.06,142.06,0.242135,0.5,1.35,1.41,42,592
2025-07-02,AAPL,2025-07-27,P,142.06,142.06,0.242135,-0.5,1.35,1.41,90,3011
2025-07-02,AAPL,2025-07-27,P,133.54,142.06,0.276295,-0.25,1.54,1.6,474,278
2025-07-02,AAPL,2025-07-27,P,125.02,142.06,0.289959,-0.1,1.62,1.67,348,3116
2025-07-02,AAPL,2025-08-03,C,159.11,142.06,0.200526,0.1,1.12,1.16,54,2163
2025-07-02,AAPL,2025-08-03,C,150.59,142.06,0.210774,0.25,1.17,1.22,398,2767
2025-07-02,AAPL,2025-08-03,C,142.06,142.06,0.244935,0.5,1.37,1.41,322,2203
2025-07-02,AAPL,2025-08-03,P,142.06,142.06,0.244935,-0.5,1.37,1.41,390,4584
2025-07-02,AAPL,2025-08-03,P,133.54,142.06,0.279095,-0.25,1.56,1.62,90,1505
2025-07-02,AAPL,2025-08-03,P,125.02,142.06,0.292759,-0.1,1.64,1.69,330,1105
2025-07-02,AAPL,2025-08-31,C,159.11,142.06,0.211726,0.1,1.18,1.23,180,4373
2025-07-02,AAPL,2025-08-31,C,150.59,142.06,0.221974,0.25,1.24,1.29,263,286
2025-07-02,AAPL,2025-08-31,C,142.06,142.06,0.256135,0.5,1.44,1.48,428,1144
2025-07-02,AAPL,2025-08-31,P,142.06,142.06,0.256135,-0.5,1.43,1.48,356,3111
2025-07-02,AAPL,2025-08-31,P,133.54,142.06,0.290295,-0.25,1.62,1.68,280,1601
2025-07-02,AAPL,2025-08-31,P,125.02,142.06,0.303959,-0.1,1.7,1.76,130,1662
2025-07-03,AAPL,2025-07-28,C,158.59,141.6,0.181597,0.1,1.0,1.06,387,2421
2025-07-03,AAPL,2025-07-28,C,150.09,141.6,0.191002,0.25,1.05,1.11,385,1391
2025-07-03,AAPL,2025-07-28,C,141.6,141.6,0.22235,0.5,1.23,1.29,73,448
2025-07-03,AAPL,2025-07-28,P,141.6,141.6,0.22235,-0.5,1.23,1.28,325,1094
2025-07-03,AAPL,2025-07-28,P,133.1,141.6,0.253698,-0.25,1.42,1.46,177,28
2025-07-03,AAPL,2025-07-28,P,124.6,141.6,0.266237,-0.1,1.48,1.53,263,2951
2025-07-03,AAPL,2025-08-04,C,158.59,141.6,0.184397,0.1,1.02,1.07,39,1515
2025-07-03,AAPL,2025-08-04,C,150.09,141.6,0.193802,0.25,1.07,1.13,243,4698
2025-07-03,AAPL,2025-08-04,C,141.6,141.6,0.22515,0.5,1.25,1.3,434,2081
2025-07-03,AAPL,2025-08-04,P,141.6,141.6,0.22515,-0.5,1.25,1.3,154,3670
2025-07-03,AAPL,2025-08-04,P,133.1,141.6,0.256498,-0.25,1.43,1.48,149,3733
2025-07-03,AAPL,2025-08-04,P,124.6,141.6,0.269037,-0.1,1.5,1.55,440,1665
2025-07-03,AAPL,2025-09-01,C,158.59,141.6,0.195597,0.1,1.08,1.13,419,3132
2025-07-03,AAPL,2025-09-01,C,150.09,141.6,0.205002,0.25,1.13,1.19,471,243
2025-07-03,AAPL,2025-09-01,C,141.6,141.6,0.23635,0.5,1.32,1.36,445,251
2025-07-03,AAPL,2025-09-01,P,141.6,141.6,0.23635,-0.5,1.32,1.36,302,31
2025-07-03,AAPL,2025-09-01,P,133.1,141.6,0.267698,-0.25,1.49,1.54,485,2646
2025-07-03,AAPL,2025-09-01,P,124.6,141.6,0.280237,-0.1,1.56,1.61,276,1930
2025-07-04,AAPL,2025-07-29,C,156.74,139.94,0.202979,0.1,1.11,1.16,171,280
2025-07-04,AAPL,2025-07-29,C,148.34,139.94,0.21118,0.25,1.15,1.21,165,123
2025-07-04,AAPL,2025-07-29,C,139.94,139.94,0.238516,0.5,1.31,1.36,226,4475
2025-07-04,AAPL,2025-07-29,P,139.94,139.94,0.238516,-0.5,1.31,1.36,372,3045
2025-07-04,AAPL,2025-07-29,P,131.55,139.94,0.265852,-0.25,1.46,1.51,371,620
2025-07-04,AAPL,2025-07-29,P,123.15,139.94,0.276787,-0.1,1.52,1.58,60,4402
2025-07-04,AAPL,2025-08-05,C,156.74,139.94,0.205779,0.1,1.12,1.18,336,2220
2025-07-04,AAPL,2025-08-05,C,148.34,139.94,0.21398,0.25,1.17,1.22,374,3769
2025-07-04,AAPL,2025-08-05,C,139.94,139.94,0.241316,0.5,1.33,1.38,496,1293
2025-07-04,AAPL,2025-08-05,P,139.94,139.94,0.241316,-0.5,1.33,1.37,417,859
2025-07-04,AAPL,2025-08-05,P,131.55,139.94,0.268652,-0.25,1.48,1.53,185,858
2025-07-04,AAPL,2025-08-05,P,123.15,139.94,0.279587,-0.1,1.54,1.59,491,269
2025-07-04,AAPL,2025-09-02,C,156.74,139.94,0.216979,0.1,1.19,1.24,78,374
2025-07-04,AAPL,2025-09-02,C,148.34,139.94,0.22518,0.25,1.24,1.28,449,2261
2025-07-04,AAPL,2025-09-02,C,139.94,139.94,0.252516,0.5,1.39,1.44,71,4813
2025-07-04,AAPL,2025-09-02,P,139.94,139.94,0.252516,-0.5,1.38,1.44,160,2029
2025-07-04,AAPL,2025-09-02,P,131.55,139.94,0.279852,-0.25,1.54,1.59,122,1881
2025-07-04,AAPL,2025-09-02,P,123.15,139.94,0.290787,-0.1,1.61,1.65,168,1471
2025-07-07,AAPL,2025-08-01,C,157.59,140.71,0.22408,0.1,1.24,1.28,173,2808
2025-07-07,AAPL,2025-08-01,C,149.15,140.71,0.231016,0.25,1.28,1.32,217,523
2025-07-07,AAPL,2025-08-01,C,140.71,140.71,0.254136,0.5,1.41,1.46,399,2216
2025-07-07,AAPL,2025-08-01,P,140.71,140.71,0.254136,-0.5,1.41,1.45,27,32
2025-07-07,AAPL,2025-08-01,P,132.26,140.71,0.277255,-0.25,1.54,1.58,46,1187
2025-07-07,AAPL,2025-08-01,P,123.82,140.71,0.286503,-0.1,1.58,1.64,10,4578
2025-07-07,AAPL,2025-08-08,C,157.59,140.71,0.22688,0.1,1.25,1.3,164,2031
2025-07-07,AAPL,2025-08-08,C,149.15,140.71,0.233816,0.25,1.29,1.34,297,3138
2025-07-07,AAPL,2025-08-08,C,140.71,140.71,0.256936,0.5,1.42,1.47,198,547
2025-07-07,AAPL,2025-08-08,P,140.71,140.71,0.256936,-0.5,1.42,1.47,319,2828
2025-07-07,AAPL,2025-08-08,P,132.26,140.71,0.280055,-0.25,1.55,1.6,486,1473
2025-07-07,AAPL,2025-08-08,P,123.82,140.71,0.289303,-0.1,1.61,1.65,451,1313
2025-07-07,AAPL,2025-09-05,C,157.59,140.71,0.23808,0.1,1.32,1.36,431,3268
2025-07-07,AAPL,2025-09-05,C,149.15,140.71,0.245016,0.25,1.35,1.4,209,1015
2025-07-07,AAPL,2025-09-05,C,140.71,140.71,0.268136,0.5,1.49,1.53,349,4111
2025-07-07,AAPL,2025-09-05,P,140.71,140.71,0.268136,-0.5,1.48,1.53,327,320
2025-07-07,AAPL,2025-09-05,P,132.26,140.71,0.291255,-0.25,1.62,1.66,20,4022
2025-07-07,AAPL,2025-09-05,P,123.82,140.71,0.300503,-0.1,1.66,1.72,293,4380
2025-07-08,AAPL,2025-08-02,C,157.29,140.44,0.191078,0.1,1.05,1.1,412,2138
2025-07-08,AAPL,2025-08-02,C,148.87,140.44,0.197173,0.25,1.09,1.13,495,3257
2025-07-08,AAPL,2025-08-02,C,140.44,140.44,0.217493,0.5,1.2,1.25,201,782
2025-07-08,AAPL,2025-08-02,P,140.44,140.44,0.217493,-0.5,1.19,1.25,417,1848
2025-07-08,AAPL,2025-08-02,P,132.01,140.44,0.237813,-0.25,1.32,1.36,366,1646
2025-07-08,AAPL,2025-08-02,P,123.59,140.44,0.245941,-0.1,1.35,1.41,64,4585
2025-07-08,AAPL,2025-08-09,C,157.29,140.44,0.193878,0.1,1.06,1.11,237,4782
2025-07-08,AAPL,2025-08-09,C,148.87,140.44,0.199973,0.25,1.09,1.15,298,4127
2025-07-08,AAPL,2025-08-09,C,140.44,140.44,0.220293,0.5,1.21,1.27,206,1915
2025-07-08,AAPL,2025-08-09,P,140.44,140.44,0.220293,-0.5,1.21,1.27,458,2890
2025-07-08,AAPL,2025-08-09,P,132.01,140.44,0.240613,-0.25,1.32,1.38,371,897
2025-07-08,AAPL,2025-08-09,P,123.59,140.44,0.248741,-0.1,1.37,1.42,380,4788
2025-07-08,AAPL,2025-09-06,C,157.29,140.44,0.205078,0.1,1.13,1.18,484,4930
2025-07-08,AAPL,2025-09-06,C,148.87,140.44,0.211173,0.25,1.16,1.21,474,1006
2025-07-08,AAPL,2025-09-06,C,140.44,140.44,0.231493,0.5,1.28,1.32,89,3926
2025-07-08,AAPL,2025-09-06,P,140.44,140.44,0.231493,-0.5,1.27,1.33,428,1542
2025-07-08,AAPL,2025-09-06,P,132.01,140.44,0.251813,-0.25,1.39,1.44,370,1667
2025-07-08,AAPL,2025-09-06,P,123.59,140.44,0.259941,-0.1,1.44,1.48,271,4314
2025-07-09,AAPL,2025-08-03,C,155.32,138.68,0.225015,0.1,1.22,1.28,494,2921
2025-07-09,AAPL,2025-08-03,C,147.0,138.68,0.230526,0.25,1.25,1.31,322,1214
2025-07-09,AAPL,2025-08-03,C,138.68,138.68,0.248896,0.5,1.36,1.4,416,471
2025-07-09,AAPL,2025-08-03,P,138.68,138.68,0.248896,-0.5,1.36,1.41,37,3070
2025-07-09,AAPL,2025-08-03,P,130.35,138.68,0.267266,-0.25,1.46,1.51,264,1683
2025-07-09,AAPL,2025-08-03,P,122.03,138.68,0.274614,-0.1,1.5,1.54,180,3164
2025-07-09,AAPL,2025-08-10,C,155.32,138.68,0.227815,0.1,1.23,1.29,293,1479
2025-07-09,AAPL,2025-08-10,C,147.0,138.68,0.233326,0.25,1.27,1.32,478,1416
2025-07-09,AAPL,2025-08-10,C,138.68,138.68,0.251696,0.5,1.37,1.42,497,1262
2025-07-09,AAPL,2025-08-10,P,138.68,138.68,0.251696,-0.5,1.37,1.42,143,3194
2025-07-09,AAPL,2025-08-10,P,130.35,138.68,0.270066,-0.25,1.47,1.52,67,1986
2025-07-09,AAPL,2025-08-10,P,122.03,138.68,0.277414,-0.1,1.52,1.56,40,4590
2025-07-09,AAPL,2025-09-07,C,155.32,138.68,0.239015,0.1,1.3,1.35,382,1647
2025-07-09,AAPL,2025-09-07,C,147.0,138.68,0.244526,0.25,1.34,1.38,397,3174
2025-07-09,AAPL,2025-09-07,C,138.68,138.68,0.262896,0.5,1.43,1.49,176,215
2025-07-09,AAPL,2025-09-07,P,138.68,138.68,0.262896,-0.5,1.44,1.48,267,740
2025-07-09,AAPL,2025-09-07,P,130.35,138.68,0.281266,-0.25,1.53,1.59,127,4606
2025-07-09,AAPL,2025-09-07,P,122.03,138.68,0.288614,-0.1,1.58,1.63,74,1725
2025-07-10,AAPL,2025-08-04,C,153.95,137.46,0.211396,0.1,1.13,1.19,142,1241
2025-07-10,AAPL,2025-08-04,C,145.7,137.46,0.216722,0.25,1.17,1.21,202,1795
2025-07-10,AAPL,2025-08-04,C,137.46,137.46,0.234476,0.5,1.26,1.32,166,3478
2025-07-10,AAPL,2025-08-04,P,137.46,137.46,0.234476,-0.5,1.26,1.32,135,4148
2025-07-10,AAPL,2025-08-04,P,129.21,137.46,0.252229,-0.25,1.36,1.41,437,1705
2025-07-10,AAPL,2025-08-04,P,120.96,137.46,0.259331,-0.1,1.41,1.45,307,4345
2025-07-10,AAPL,2025-08-11,C,153.95,137.46,0.214196,0.1,1.15,1.2,424,1497
2025-07-10,AAPL,2025-08-11,C,145.7,137.46,0.219522,0.25,1.19,1.23,349,3619
2025-07-10,AAPL,2025-08-11,C,137.46,137.46,0.237276,0.5,1.28,1.33,64,3334
2025-07-10,AAPL,2025-08-11,P,137.46,137.46,0.237276,-0.5,1.28,1.33,238,4566
2025-07-10,AAPL,2025-08-11,P,129.21,137.46,0.255029,-0.25,1.37,1.43,265,3292
2025-07-10,AAPL,2025-08-11,P,120.96,137.46,0.262131,-0.1,1.41,1.47,389,4522
2025-07-10,AAPL,2025-09-08,C,153.95,137.46,0.225396,0.1,1.21,1.27,314,2982
2025-07-10,AAPL,2025-09-08,C,145.7,137.46,0.230722,0.25,1.24,1.29,326,1825
2025-07-10,AAPL,2025-09-08,C,137.46,137.46,0.248476,0.5,1.34,1.39,208,3226
2025-07-10,AAPL,2025-09-08,P,137.46,137.46,0.248476,-0.5,1.35,1.39,424,719
2025-07-10,AAPL,2025-09-08,P,129.21,137.46,0.266229,-0.25,1.43,1.49,241,4423
2025-07-10,AAPL,2025-09-08,P,120.96,137.46,0.273331,-0.1,1.47,1.53,119,2144
2025-07-11,AAPL,2025-08-05,C,154.37,137.83,0.22997,0.1,1.24,1.3,12,1585
2025-07-11,AAPL,2025-08-05,C,146.1,137.83,0.234553,0.25,1.27,1.31,245,4985
2025-07-11,AAPL,2025-08-05,C,137.83,137.83,0.249829,0.5,1.36,1.4,296,2990
2025-07-11,AAPL,2025-08-05,P,137.83,137.83,0.249829,-0.5,1.35,1.4,260,3412
2025-07-11,AAPL,2025-08-05,P,129.56,137.83,0.265106,-0.25,1.44,1.48,368,3610
2025-07-11,AAPL,2025-08-05,P,121.29,137.83,0.271216,-0.1,1.47,1.52,293,4146
2025-07-11,AAPL,2025-08-12,C,154.37,137.83,0.23277,0.1,1.26,1.31,404,3486
2025-07-11,AAPL,2025-08-12,C,146.1,137.83,0.237353,0.25,1.28,1.34,476,952
2025-07-11,AAPL,2025-08-12,C,137.83,137.83,0.252629,0.5,1.37,1.42,28,3897
2025-07-11,AAPL,2025-08-12,P,137.83,137.83,0.252629,-0.5,1.37,1.41,99,961
2025-07-11,AAPL,2025-08-12,P,129.56,137.83,0.267906,-0.25,1.45,1.5,145,4651
2025-07-11,AAPL,2025-08-12,P,121.29,137.83,0.274016,-0.1,1.49,1.54,219,1944
2025-07-11,AAPL,2025-09-09,C,154.37,137.83,0.24397,0.1,1.32,1.37,3,2323
2025-07-11,AAPL,2025-09-09,C,146.1,137.83,0.248553,0.25,1.35,1.39,308,2064
2025-07-11,AAPL,2025-09-09,C,137.83,137.83,0.263829,0.5,1.43,1.48,150,1635
2025-07-11,AAPL,2025-09-09,P,137.83,137.83,0.263829,-0.5,1.43,1.48,48,213
2025-07-11,AAPL,2025-09-09,P,129.56,137.83,0.279106,-0.25,1.51,1.57,130,1014
2025-07-11,AAPL,2025-09-09,P,121.29,137.83,0.285216,-0.1,1.55,1.6,368,741
2025-07-14,AAPL,2025-08-08,C,155.5,138.84,0.211231,0.1,1.15,1.2,253,1779
2025-07-14,AAPL,2025-08-08,C,147.17,138.84,0.215885,0.25,1.18,1.22,378,1140
2025-07-14,AAPL,2025-08-08,C,138.84,138.84,0.231399,0.5,1.26,1.31,449,1345
2025-07-14,AAPL,2025-08-08,P,138.84,138.84,0.231399,-0.5,1.26,1.31,343,1662
2025-07-14,AAPL,2025-08-08,P,130.51,138.84,0.246912,-0.25,1.35,1.39,350,3639
2025-07-14,AAPL,2025-08-08,P,122.18,138.84,0.253117,-0.1,1.38,1.43,167,166
2025-07-14,AAPL,2025-08-15,C,155.5,138.84,0.214031,0.1,1.16,1.22,228,747
2025-07-14,AAPL,2025-08-15,C,147.17,138.84,0.218685,0.25,1.19,1.24,491,1930
2025-07-14,AAPL,2025-08-15,C,138.84,138.84,0.234199,0.5,1.28,1.33,382,3929
2025-07-14,AAPL,2025-08-15,P,138.84,138.84,0.234199,-0.5,1.28,1.32,461,4663
2025-07-14,AAPL,2025-08-15,P,130.51,138.84,0.249712,-0.25,1.36,1.41,461,4753
2025-07-14,AAPL,2025-08-15,P,122.18,138.84,0.255917,-0.1,1.39,1.45,323,4639
2025-07-14,AAPL,2025-09-12,C,155.5,138.84,0.225231,0.1,1.22,1.28,13,1792
2025-07-14,AAPL,2025-09-12,C,147.17,138.84,0.229885,0.25,1.25,1.3,405,3293
2025-07-14,AAPL,2025-09-12,C,138.84,138.84,0.245399,0.5,1.34,1.39,184,3661
2025-07-14,AAPL,2025-09-12,P,138.84,138.84,0.245399,-0.5,1.34,1.38,253,4151
2025-07-14,AAPL,2025-09-12,P,130.51,138.84,0.260912,-0.25,1.43,1.47,23,4720
2025-07-14,AAPL,2025-09-12,P,122.18,138.84,0.267117,-0.1,1.46,1.51,37,654
2025-07-15,AAPL,2025-08-09,C,158.18,141.23,0.230775,0.1,1.28,1.33,1,3696
2025-07-15,AAPL,2025-08-09,C,149.71,141.23,0.236155,0.25,1.3,1.36,238,1359
2025-07-15,AAPL,2025-08-09,C,141.23,141.23,0.254088,0.5,1.41,1.46,202,1766
2025-07-15,AAPL,2025-08-09,P,141.23,141.23,0.254088,-0.5,1.41,1.46,332,2233
2025-07-15,AAPL,2025-08-09,P,132.76,141.23,0.272021,-0.25,1.52,1.56,20,2876
2025-07-15,AAPL,2025-08-09,P,124.29,141.23,0.279194,-0.1,1.55,1.6,447,881
2025-07-15,AAPL,2025-08-16,C,158.18,141.23,0.233575,0.1,1.29,1.35,308,2656
2025-07-15,AAPL,2025-08-16,C,149.71,141.23,0.238955,0.25,1.33,1.37,10,3233
2025-07-15,AAPL,2025-08-16,C,141.23,141.23,0.256888,0.5,1.43,1.47,67,327
2025-07-15,AAPL,2025-08-16,P,141.23,141.23,0.256888,-0.5,1.42,1.48,316,562
2025-07-15,AAPL,2025-08-16,P,132.76,141.23,0.274821,-0.25,1.53,1.57,376,3702
2025-07-15,AAPL,2025-08-16,P,124.29,141.23,0.281994,-0.1,1.57,1.61,160,4050
2025-07-15,AAPL,2025-09-13,C,158.18,141.23,0.244775,0.1,1.35,1.41,232,715
2025-07-15,AAPL,2025-09-13,C,149.71,141.23,0.250155,0.25,1.39,1.44,336,492
2025-07-15,AAPL,2025-09-13,C,141.23,141.23,0.268088,0.5,1.49,1.54,323,324
2025-07-15,AAPL,2025-09-13,P,141.23,141.23,0.268088,-0.5,1.49,1.54,393,1046
2025-07-15,AAPL,2025-09-13,P,132.76,141.23,0.286021,-0.25,1.59,1.64,29,650
2025-07-15,AAPL,2025-09-13,P,124.29,141.23,0.293194,-0.1,1.63,1.68,49,2260
2025-07-16,AAPL,2025-08-10,C,162.1,144.73,0.229675,0.1,1.3,1.36,379,139
2025-07-16,AAPL,2025-08-10,C,153.41,144.73,0.235028,0.25,1.34,1.38,198,1758
2025-07-16,AAPL,2025-08-10,C,144.73,144.73,0.252872,0.5,1.44,1.49,16,4420
2025-07-16,AAPL,2025-08-10,P,144.73,144.73,0.252872,-0.5,1.43,1.49,387,4403
2025-07-16,AAPL,2025-08-10,P,136.05,144.73,0.270715,-0.25,1.55,1.59,313,2066
2025-07-16,AAPL,2025-08-10,P,127.36,144.73,0.277852,-0.1,1.58,1.64,250,1569
2025-07-16,AAPL,2025-08-17,C,162.1,144.73,0.232475,0.1,1.32,1.37,442,1193
2025-07-16,AAPL,2025-08-17,C,153.41,144.73,0.237828,0.25,1.35,1.4,230,4303
2025-07-16,AAPL,2025-08-17,C,144.73,144.73,0.255672,0.5,1.46,1.5,457,4821
2025-07-16,AAPL,2025-08-17,P,144.73,144.73,0.255672,-0.5,1.46,1.5,114,127
2025-07-16,AAPL,2025-08-17,P,136.05,144.73,0.273515,-0.25,1.56,1.61,424,864
2025-07-16,AAPL,2025-08-17,P,127.36,144.73,0.280652,-0.1,1.6,1.65,306,572
2025-07-16,AAPL,2025-09-14,C,162.1,144.73,0.243675,0.1,1.38,1.44,171,4375
2025-07-16,AAPL,2025-09-14,C,153.41,144.73,0.249028,0.25,1.42,1.47,16,850
2025-07-16,AAPL,2025-09-14,C,144.73,144.73,0.266872,0.5,1.52,1.57,435,3931
2025-07-16,AAPL,2025-09-14,P,144.73,144.73,0.266872,-0.5,1.52,1.57,227,514
2025-07-16,AAPL,2025-09-14,P,136.05,144.73,0.284715,-0.25,1.62,1.67,44,2345
2025-07-16,AAPL,2025-09-14,P,127.36,144.73,0.291852,-0.1,1.67,1.71,179,559
2025-07-17,AAPL,2025-08-11,C,162.66,145.23,0.194099,0.1,1.11,1.15,241,971
2025-07-17,AAPL,2025-08-11,C,153.94,145.23,0.199897,0.25,1.14,1.18,309,2855
2025-07-17,AAPL,2025-08-11,C,145.23,145.23,0.219222,0.5,1.25,1.3,143,1255
2025-07-17,AAPL,2025-08-11,P,145.23,145.23,0.219222,-0.5,1.25,1.3,226,3370
2025-07-17,AAPL,2025-08-11,P,136.51,145.23,0.238548,-0.25,1.36,1.41,426,4577
2025-07-17,AAPL,2025-08-11,P,127.8,145.23,0.246278,-0.1,1.41,1.45,69,998
2025-07-17,AAPL,2025-08-18,C,162.66,145.23,0.196899,0.1,1.11,1.17,441,4054
2025-07-17,AAPL,2025-08-18,C,153.94,145.23,0.202697,0.25,1.15,1.2,238,4208
2025-07-17,AAPL,2025-08-18,C,145.23,145.23,0.222022,0.5,1.26,1.31,418,1740
2025-07-17,AAPL,2025-08-18,P,145.23,145.23,0.222022,-0.5,1.26,1.32,188,3763
2025-07-17,AAPL,2025-08-18,P,136.51,145.23,0.241348,-0.25,1.38,1.42,110,3037
2025-07-17,AAPL,2025-08-18,P,127.8,145.23,0.249078,-0.1,1.42,1.47,371,15
2025-07-17,AAPL,2025-09-15,C,162.66,145.23,0.208099,0.1,1.18,1.24,332,2752
2025-07-17,AAPL,2025-09-15,C,153.94,145.23,0.213897,0.25,1.22,1.27,217,3003
2025-07-17,AAPL,2025-09-15,C,145.23,145.23,0.233222,0.5,1.33,1.38,289,1457
2025-07-17,AAPL,2025-09-15,P,145.23,145.23,0.233222,-0.5,1.33,1.38,354,3112
2025-07-17,AAPL,2025-09-15,P,136.51,145.23,0.252548,-0.25,1.44,1.49,68,2279
2025-07-17,AAPL,2025-09-15,P,127.8,145.23,0.260278,-0.1,1.49,1.53,486,331
2025-07-18,AAPL,2025-08-12,C,161.33,144.04,0.229467,0.1,1.3,1.34,115,3313
2025-07-18,AAPL,2025-08-12,C,152.68,144.04,0.2347,0.25,1.32,1.38,435,1520
2025-07-18,AAPL,2025-08-12,C,144.04,144.04,0.252144,0.5,1.43,1.48,173,3355
2025-07-18,AAPL,2025-08-12,P,144.04,144.04,0.252144,-0.5,1.43,1.47,130,4647
2025-07-18,AAPL,2025-08-12,P,135.4,144.04,0.269588,-0.25,1.53,1.58,314,514
2025-07-18,AAPL,2025-08-12,P,126.76,144.04,0.276566,-0.1,1.57,1.62,462,4664
2025-07-18,AAPL,2025-08-19,C,161.33,144.04,0.232267,0.1,1.32,1.36,308,3314
2025-07-18,AAPL,2025-08-19,C,152.68,144.04,0.2375,0.25,1.35,1.39,368,978
2025-07-18,AAPL,2025-08-19,C,144.04,144.04,0.254944,0.5,1.44,1.5,31,748
2025-07-18,AAPL,2025-08-19,P,144.04,144.04,0.254944,-0.5,1.45,1.49,342,2511
2025-07-18,AAPL,2025-08-19,P,135.4,144.04,0.272388,-0.25,1.54,1.6,424,1636
2025-07-18,AAPL,2025-08-19,P,126.76,144.04,0.279366,-0.1,1.59,1.63,54,4911
2025-07-18,AAPL,2025-09-16,C,161.33,144.04,0.243467,0.1,1.38,1.43,116,4254
2025-07-18,AAPL,2025-09-16,C,152.68,144.04,0.2487,0.25,1.41,1.46,234,3494
2025-07-18,AAPL,2025-09-16,C,144.04,144.04,0.266144,0.5,1.51,1.56,297,1628
2025-07-18,AAPL,2025-09-16,P,144.04,144.04,0.266144,-0.5,1.51,1.56,369,3586
2025-07-18,AAPL,2025-09-16,P,135.4,144.04,0.283588,-0.25,1.6,1.66,104,2847
2025-07-18,AAPL,2025-09-16,P,126.76,144.04,0.290566,-0.1,1.65,1.7,287,2452
2025-07-21,AAPL,2025-08-15,C,158.46,141.48,0.232961,0.1,1.29,1.34,306,3957
2025-07-21,AAPL,2025-08-15,C,149.97,141.48,0.238536,0.25,1.32,1.38,287,57
2025-07-21,AAPL,2025-08-15,C,141.48,141.48,0.257119,0.5,1.43,1.48,121,3171
2025-07-21,AAPL,2025-08-15,P,141.48,141.48,0.257119,-0.5,1.43,1.48,18,2074
2025-07-21,AAPL,2025-08-15,P,132.99,141.48,0.275702,-0.25,1.53,1.59,251,2380
2025-07-21,AAPL,2025-08-15,P,124.5,141.48,0.283135,-0.1,1.58,1.63,206,345
2025-07-21,AAPL,2025-08-22,C,158.46,141.48,0.235761,0.1,1.31,1.36,226,4552
2025-07-21,AAPL,2025-08-22,C,149.97,141.48,0.241336,0.25,1.34,1.39,215,2787
2025-07-21,AAPL,2025-08-22,C,141.48,141.48,0.259919,0.5,1.45,1.49,238,2993
2025-07-21,AAPL,2025-08-22,P,141.48,141.48,0.259919,-0.5,1.45,1.5,147,3548
2025-07-21,AAPL,2025-08-22,P,132.99,141.48,0.278502,-0.25,1.56,1.6,226,3557
2025-07-21,AAPL,2025-08-22,P,124.5,141.48,0.285935,-0.1,1.6,1.64,462,3262
2025-07-21,AAPL,2025-09-19,C,158.46,141.48,0.246961,0.1,1.37,1.42,435,1141
2025-07-21,AAPL,2025-09-19,C,149.97,141.48,0.252536,0.25,1.4,1.45,42,4179
2025-07-21,AAPL,2025-09-19,C,141.48,141.48,0.271119,0.5,1.51,1.56,489,353
2025-07-21,AAPL,2025-09-19,P,141.48,141.48,0.271119,-0.5,1.51,1.56,139,1565
2025-07-21,AAPL,2025-09-19,P,132.99,141.48,0.289702,-0.25,1.61,1.67,82,3076
2025-07-21,AAPL,2025-09-19,P,124.5,141.48,0.297135,-0.1,1.66,1.7,439,3042
2025-07-22,AAPL,2025-08-16,C,158.82,141.8,0.223619,0.1,1.24,1.3,41,304
2025-07-22,AAPL,2025-08-16,C,150.31,141.8,0.229651,0.25,1.28,1.33,119,2112
2025-07-22,AAPL,2025-08-16,C,141.8,141.8,0.249756,0.5,1.39,1.44,486,2109
2025-07-22,AAPL,2025-08-16,P,141.8,141.8,0.249756,-0.5,1.4,1.44,428,574
2025-07-22,AAPL,2025-08-16,P,133.3,141.8,0.269862,-0.25,1.5,1.56,257,1320
2025-07-22,AAPL,2025-08-16,P,124.79,141.8,0.277904,-0.1,1.55,1.6,245,250
2025-07-22,AAPL,2025-08-23,C,158.82,141.8,0.226419,0.1,1.26,1.31,85,1963
2025-07-22,AAPL,2025-08-23,C,150.31,141.8,0.232451,0.25,1.29,1.35,315,3921
2025-07-22,AAPL,2025-08-23,C,141.8,141.8,0.252556,0.5,1.41,1.46,134,3117
2025-07-22,AAPL,2025-08-23,P,141.8,141.8,0.252556,-0.5,1.41,1.45,385,2906
2025-07-22,AAPL,2025-08-23,P,133.3,141.8,0.272662,-0.25,1.53,1.57,495,2178
2025-07-22,AAPL,2025-08-23,P,124.79,141.8,0.280704,-0.1,1.57,1.61,492,4418
2025-07-22,AAPL,2025-09-20,C,158.82,141.8,0.237619,0.1,1.32,1.37,367,2957
2025-07-22,AAPL,2025-09-20,C,150.31,141.8,0.243651,0.25,1.36,1.41,184,1450
2025-07-22,AAPL,2025-09-20,C,141.8,141.8,0.263756,0.5,1.47,1.52,353,4560
2025-07-22,AAPL,2025-09-20,P,141.8,141.8,0.263756,-0.5,1.47,1.52,80,674
2025-07-22,AAPL,2025-09-20,P,133.3,141.8,0.283862,-0.25,1.58,1.64,371,2098
2025-07-22,AAPL,2025-09-20,P,124.79,141.8,0.291904,-0.1,1.64,1.68,146,2646
2025-07-23,AAPL,2025-08-17,C,157.73,140.83,0.213002,0.1,1.18,1.22,496,3483
2025-07-23,AAPL,2025-08-17,C,149.28,140.83,0.218641,0.25,1.21,1.25,299,4460
2025-07-23,AAPL,2025-08-17,C,140.83,140.83,0.237438,0.5,1.31,1.36,346,4163
2025-07-23,AAPL,2025-08-17,P,140.83,140.83,0.237438,-0.5,1.31,1.36,291,4345
2025-07-23,AAPL,2025-08-17,P,132.38,140.83,0.256235,-0.25,1.42,1.47,315,2750
2025-07-23,AAPL,2025-08-17,P,123.93,140.83,0.263754,-0.1,1.46,1.51,312,4519
2025-07-23,AAPL,2025-08-24,C,157.73,140.83,0.215802,0.1,1.19,1.24,493,2894
2025-07-23,AAPL,2025-08-24,C,149.28,140.83,0.221441,0.25,1.22,1.27,192,1856
2025-07-23,AAPL,2025-08-24,C,140.83,140.83,0.240238,0.5,1.32,1.38,262,1871
2025-07-23,AAPL,2025-08-24,P,140.83,140.83,0.240238,-0.5,1.33,1.38,373,2924
2025-07-23,AAPL,2025-08-24,P,132.38,140.83,0.259035,-0.25,1.43,1.48,416,85
2025-07-23,AAPL,2025-08-24,P,123.93,140.83,0.266554,-0.1,1.48,1.52,321,984
2025-07-23,AAPL,2025-09-21,C,157.73,140.83,0.227002,0.1,1.25,1.31,53,4461
2025-07-23,AAPL,2025-09-21,C,149.28,140.83,0.232641,0.25,1.29,1.34,43,536
2025-07-23,AAPL,2025-09-21,C,140.83,140.83,0.251438,0.5,1.39,1.44,271,4279
2025-07-23,AAPL,2025-09-21,P,140.83,140.83,0.251438,-0.5,1.39,1.44,3,1462
2025-07-23,AAPL,2025-09-21,P,132.38,140.83,0.270235,-0.25,1.5,1.54,292,4504
2025-07-23,AAPL,2025-09-21,P,123.93,140.83,0.277754,-0.1,1.54,1.59,296,278
2025-07-24,AAPL,2025-08-18,C,157.17,140.33,0.225753,0.1,1.25,1.29,417,325
2025-07-24,AAPL,2025-08-18,C,148.75,140.33,0.230341,0.25,1.27,1.32,332,2686
2025-07-24,AAPL,2025-08-18,C,140.33,140.33,0.245637,0.5,1.35,1.4,404,4520
2025-07-24,AAPL,2025-08-18,P,140.33,140.33,0.245637,-0.5,1.35,1.41,388,297
2025-07-24,AAPL,2025-08-18,P,131.91,140.33,0.260932,-0.25,1.44,1.49,271,3863
2025-07-24,AAPL,2025-08-18,P,123.49,140.33,0.26705,-0.1,1.47,1.52,160,4915
2025-07-24,AAPL,2025-08-25,C,157.17,140.33,0.228553,0.1,1.26,1.31,320,529
2025-07-24,AAPL,2025-08-25,C,148.75,140.33,0.233141,0.25,1.29,1.33,257,4132
2025-07-24,AAPL,2025-08-25,C,140.33,140.33,0.248437,0.5,1.36,1.42,65,500
2025-07-24,AAPL,2025-08-25,P,140.33,140.33,0.248437,-0.5,1.37,1.42,367,3819
2025-07-24,AAPL,2025-08-25,P,131.91,140.33,0.263732,-0.25,1.46,1.5,154,352
2025-07-24,AAPL,2025-08-25,P,123.49,140.33,0.26985,-0.1,1.49,1.54,498,4004
2025-07-24,AAPL,2025-09-22,C,157.17,140.33,0.239753,0.1,1.32,1.37,385,3256
2025-07-24,AAPL,2025-09-22,C,148.75,140.33,0.244341,0.25,1.35,1.39,206,4532
2025-07-24,AAPL,2025-09-22,C,140.33,140.33,0.259637,0.5,1.43,1.48,76,1384
2025-07-24,AAPL,2025-09-22,P,140.33,140.33,0.259637,-0.5,1.43,1.49,68,3407
2025-07-24,AAPL,2025-09-22,P,131.91,140.33,0.274932,-0.25,1.51,1.57,375,787
2025-07-24,AAPL,2025-09-22,P,123.49,140.33,0.28105,-0.1,1.55,1.61,454,3067
2025-07-25,AAPL,2025-08-19,C,156.35,139.6,0.227732,0.1,1.24,1.3,84,1909
2025-07-25,AAPL,2025-08-19,C,147.97,139.6,0.232292,0.25,1.27,1.32,15,3205
2025-07-25,AAPL,2025-08-19,C,139.6,139.6,0.247493,0.5,1.35,1.41,154,4485
2025-07-25,AAPL,2025-08-19,P,139.6,139.6,0.247493,-0.5,1.36,1.41,253,347
2025-07-25,AAPL,2025-08-19,P,131.22,139.6,0.262693,-0.25,1.44,1.49,467,4770
2025-07-25,AAPL,2025-08-19,P,122.84,139.6,0.268773,-0.1,1.47,1.53,25,4837
2025-07-25,AAPL,2025-08-26,C,156.35,139.6,0.230532,0.1,1.27,1.31,379,1918
2025-07-25,AAPL,2025-08-26,C,147.97,139.6,0.235092,0.25,1.29,1.34,167,3766
2025-07-25,AAPL,2025-08-26,C,139.6,139.6,0.250293,0.5,1.38,1.42,163,3051
2025-07-25,AAPL,2025-08-26,P,139.6,139.6,0.250293,-0.5,1.38,1.42,374,2471
2025-07-25,AAPL,2025-08-26,P,131.22,139.6,0.265493,-0.25,1.46,1.5,9,275
2025-07-25,AAPL,2025-08-26,P,122.84,139.6,0.271573,-0.1,1.5,1.54,124,4555
2025-07-25,AAPL,2025-09-23,C,156.35,139.6,0.241732,0.1,1.32,1.38,172,4659
2025-07-25,AAPL,2025-09-23,C,147.97,139.6,0.246292,0.25,1.35,1.4,342,2072
2025-07-25,AAPL,2025-09-23,C,139.6,139.6,0.261493,0.5,1.44,1.48,418,3085
2025-07-25,AAPL,2025-09-23,P,139.6,139.6,0.261493,-0.5,1.44,1.48,416,3733
2025-07-25,AAPL,2025-09-23,P,131.22,139.6,0.276693,-0.25,1.52,1.57,79,4380
2025-07-25,AAPL,2025-09-23,P,122.84,139.6,0.282773,-0.1,1.56,1.6,490,2639
2025-07-28,AAPL,2025-08-22,C,156.16,139.43,0.235089,0.1,1.29,1.33,345,3542
2025-07-28,AAPL,2025-08-22,C,147.79,139.43,0.239744,0.25,1.31,1.36,182,3622
2025-07-28,AAPL,2025-08-22,C,139.43,139.43,0.255263,0.5,1.4,1.44,192,4977
2025-07-28,AAPL,2025-08-22,P,139.43,139.43,0.255263,-0.5,1.39,1.45,92,2330
2025-07-28,AAPL,2025-08-22,P,131.06,139.43,0.270781,-0.25,1.48,1.54,259,1225
2025-07-28,AAPL,2025-08-22,P,122.7,139.43,0.276989,-0.1,1.52,1.57,406,4397
2025-07-28,AAPL,2025-08-29,C,156.16,139.43,0.237889,0.1,1.3,1.35,393,4060
2025-07-28,AAPL,2025-08-29,C,147.79,139.43,0.242544,0.25,1.33,1.38,379,4101
2025-07-28,AAPL,2025-08-29,C,139.43,139.43,0.258063,0.5,1.41,1.47,170,670
2025-07-28,AAPL,2025-08-29,P,139.43,139.43,0.258063,-0.5,1.42,1.46,448,3861
2025-07-28,AAPL,2025-08-29,P,131.06,139.43,0.273581,-0.25,1.5,1.55,330,2601
2025-07-28,AAPL,2025-08-29,P,122.7,139.43,0.279789,-0.1,1.53,1.59,259,3301
2025-07-28,AAPL,2025-09-26,C,156.16,139.43,0.249089,0.1,1.37,1.41,445,2075
2025-07-28,AAPL,2025-09-26,C,147.79,139.43,0.253744,0.25,1.39,1.44,342,3803
2025-07-28,AAPL,2025-09-26,C,139.43,139.43,0.269263,0.5,1.48,1.53,308,2548
2025-07-28,AAPL,2025-09-26,P,139.43,139.43,0.269263,-0.5,1.47,1.53,439,3529
2025-07-28,AAPL,2025-09-26,P,131.06,139.43,0.284781,-0.25,1.56,1.62,184,322
2025-07-28,AAPL,2025-09-26,P,122.7,139.43,0.290989,-0.1,1.6,1.65,408,2573
2025-07-29,AAPL,2025-08-23,C,157.59,140.71,0.207915,0.1,1.14,1.2,254,3585
2025-07-29,AAPL,2025-08-23,C,149.15,140.71,0.213722,0.25,1.18,1.23,302,3971
2025-07-29,AAPL,2025-08-23,C,140.71,140.71,0.233078,0.5,1.29,1.33,210,1017
2025-07-29,AAPL,2025-08-23,P,140.71,140.71,0.233078,-0.5,1.29,1.34,157,2056
2025-07-29,AAPL,2025-08-23,P,132.26,140.71,0.252434,-0.25,1.39,1.45,152,4229
2025-07-29,AAPL,2025-08-23,P,123.82,140.71,0.260177,-0.1,1.44,1.49,58,878
2025-07-29,AAPL,2025-08-30,C,157.59,140.71,0.210715,0.1,1.16,1.21,248,800
2025-07-29,AAPL,2025-08-30,C,149.15,140.71,0.216522,0.25,1.19,1.25,364,1248
2025-07-29,AAPL,2025-08-30,C,140.71,140.71,0.235878,0.5,1.3,1.35,259,3961
2025-07-29,AAPL,2025-08-30,P,140.71,140.71,0.235878,-0.5,1.3,1.35,441,1498
2025-07-29,AAPL,2025-08-30,P,132.26,140.71,0.255234,-0.25,1.41,1.46,167,3270
2025-07-29,AAPL,2025-08-30,P,123.82,140.71,0.262977,-0.1,1.45,1.51,116,491
2025-07-29,AAPL,2025-09-27,C,157.59,140.71,0.221915,0.1,1.22,1.28,443,2567
2025-07-29,AAPL,2025-09-27,C,149.15,140.71,0.227722,0.25,1.26,1.31,38,1000
2025-07-29,AAPL,2025-09-27,C,140.71,140.71,0.247078,0.5,1.37,1.41,469,1670
2025-07-29,AAPL,2025-09-27,P,140.71,140.71,0.247078,-0.5,1.37,1.41,321,2841
2025-07-29,AAPL,2025-09-27,P,132.26,140.71,0.266434,-0.25,1.47,1.52,53,4447
2025-07-29,AAPL,2025-09-27,P,123.82,140.71,0.274177,-0.1,1.51,1.57,437,1105
2025-07-30,AAPL,2025-08-24,C,157.8,140.89,0.166965,0.1,0.91,0.97,340,4974
2025-07-30,AAPL,2025-08-24,C,149.35,140.89,0.172516,0.25,0.94,1.0,50,128
2025-07-30,AAPL,2025-08-24,C,140.89,140.89,0.191021,0.5,1.05,1.1,213,226
2025-07-30,AAPL,2025-08-24,P,140.89,140.89,0.191021,-0.5,1.05,1.1,421,2911
2025-07-30,AAPL,2025-08-24,P,132.44,140.89,0.209526,-0.25,1.16,1.21,223,2776
2025-07-30,AAPL,2025-08-24,P,123.99,140.89,0.216928,-0.1,1.2,1.25,235,3012
2025-07-30,AAPL,2025-08-31,C,157.8,140.89,0.169765,0.1,0.94,0.98,144,3233
2025-07-30,AAPL,2025-08-31,C,149.35,140.89,0.175316,0.25,0.96,1.02,495,3368
2025-07-30,AAPL,2025-08-31,C,140.89,140.89,0.193821,0.5,1.07,1.12,185,4133
2025-07-30,AAPL,2025-08-31,P,140.89,140.89,0.193821,-0.5,1.07,1.12,62,650
2025-07-30,AAPL,2025-08-31,P,132.44,140.89,0.212326,-0.25,1.17,1.22,303,3189
2025-07-30,AAPL,2025-08-31,P,123.99,140.89,0.219728,-0.1,1.22,1.26,288,605
2025-07-30,AAPL,2025-09-28,C,157.8,140.89,0.180965,0.1,1.0,1.04,39,836
2025-07-30,AAPL,2025-09-28,C,149.35,140.89,0.186516,0.25,1.03,1.08,273,3040
2025-07-30,AAPL,2025-09-28,C,140.89,140.89,0.205021,0.5,1.13,1.18,11,3565
2025-07-30,AAPL,2025-09-28,P,140.89,140.89,0.205021,-0.5,1.13,1.18,103,1564
2025-07-30,AAPL,2025-09-28,P,132.44,140.89,0.223526,-0.25,1.24,1.28,247,3928
2025-07-30,AAPL,2025-09-28,P,123.99,140.89,0.230928,-0.1,1.27,1.33,179,2467
2025-07-31,AAPL,2025-08-25,C,157.59,140.7,0.197426,0.1,1.09,1.13,239,798
2025-07-31,AAPL,2025-08-25,C,149.15,140.7,0.204241,0.25,1.12,1.18,480,433
2025-07-31,AAPL,2025-08-25,C,140.7,140.7,0.22696,0.5,1.25,1.31,424,2946
2025-07-31,AAPL,2025-08-25,P,140.7,140.7,0.22696,-0.5,1.25,1.3,268,4238
2025-07-31,AAPL,2025-08-25,P,132.26,140.7,0.249678,-0.25,1.38,1.43,350,3887
2025-07-31,AAPL,2025-08-25,P,123.82,140.7,0.258766,-0.1,1.44,1.48,71,4205
2025-07-31,AAPL,2025-09-01,C,157.59,140.7,0.200226,0.1,1.1,1.15,480,315
2025-07-31,AAPL,2025-09-01,C,149.15,140.7,0.207041,0.25,1.14,1.19,270,146
2025-07-31,AAPL,2025-09-01,C,140.7,140.7,0.22976,0.5,1.27,1.31,391,3991
2025-07-31,AAPL,2025-09-01,P,140.7,140.7,0.22976,-0.5,1.27,1.32,134,4408
2025-07-31,AAPL,2025-09-01,P,132.26,140.7,0.252478,-0.25,1.39,1.45,69,3121
2025-07-31,AAPL,2025-09-01,P,123.82,140.7,0.261566,-0.1,1.45,1.5,383,677
2025-07-31,AAPL,2025-09-29,C,157.59,140.7,0.211426,0.1,1.16,1.22,284,532
2025-07-31,AAPL,2025-09-29,C,149.15,140.7,0.218241,0.25,1.2,1.25,276,1370
2025-07-31,AAPL,2025-09-29,C,140.7,140.7,0.24096,0.5,1.33,1.38,279,2976
2025-07-31,AAPL,2025-09-29,P,140.7,140.7,0.24096,-0.5,1.33,1.38,441,3888
2025-07-31,AAPL,2025-09-29,P,132.26,140.7,0.263678,-0.25,1.46,1.51,121,1471
2025-07-31,AAPL,2025-09-29,P,123.82,140.7,0.272766,-0.1,1.51,1.56,351,56
2025-08-01,AAPL,2025-08-26,C,156.2,139.46,0.242684,0.1,1.33,1.38,156,2811
2025-08-01,AAPL,2025-08-26,C,147.83,139.46,0.247727,0.25,1.36,1.4,250,4098
2025-08-01,AAPL,2025-08-26,C,139.46,139.46,0.264536,0.5,1.45,1.5,322,4388
2025-08-01,AAPL,2025-08-26,P,139.46,139.46,0.264536,-0.5,1.46,1.5,57,4962
2025-08-01,AAPL,2025-08-26,P,131.09,139.46,0.281346,-0.25,1.55,1.59,427,1554
2025-08-01,AAPL,2025-08-26,P,122.73,139.46,0.288069,-0.1,1.58,1.63,48,1344
2025-08-01,AAPL,2025-09-02,C,156.2,139.46,0.245484,0.1,1.34,1.39,11,1206
2025-08-01,AAPL,2025-09-02,C,147.83,139.46,0.250527,0.25,1.37,1.42,318,3281
2025-08-01,AAPL,2025-09-02,C,139.46,139.46,0.267336,0.5,1.46,1.52,114,3466
2025-08-01,AAPL,2025-09-02,P,139.46,139.46,0.267336,-0.5,1.47,1.52,399,747
2025-08-01,AAPL,2025-09-02,P,131.09,139.46,0.284146,-0.25,1.56,1.61,446,196
2025-08-01,AAPL,2025-09-02,P,122.73,139.46,0.290869,-0.1,1.6,1.65,84,294
2025-08-01,AAPL,2025-09-30,C,156.2,139.46,0.256684,0.1,1.41,1.46,266,1848
2025-08-01,AAPL,2025-09-30,C,147.83,139.46,0.261727,0.25,1.43,1.49,454,1741
2025-08-01,AAPL,2025-09-30,C,139.46,139.46,0.278536,0.5,1.53,1.58,253,2295
2025-08-01,AAPL,2025-09-30,P,139.46,139.46,0.278536,-0.5,1.53,1.57,264,2156
2025-08-01,AAPL,2025-09-30,P,131.09,139.46,0.295346,-0.25,1.62,1.67,400,2734
2025-08-01,AAPL,2025-09-30,P,122.73,139.46,0.302069,-0.1,1.66,1.71,211,3343
2025-08-04,AAPL,2025-08-29,C,153.95,137.45,0.19698,0.1,1.06,1.1,40,786
2025-08-04,AAPL,2025-08-29,C,145.7,137.45,0.201845,0.25,1.08,1.13,79,1558
2025-08-04,AAPL,2025-08-29,C,137.45,137.45,0.218061,0.5,1.17,1.23,112,1210
2025-08-04,AAPL,2025-08-29,P,137.45,137.45,0.218061,-0.5,1.17,1.23,69,1439
2025-08-04,AAPL,2025-08-29,P,129.2,137.45,0.234276,-0.25,1.26,1.31,303,3998
2025-08-04,AAPL,2025-08-29,P,120.96,137.45,0.240763,-0.1,1.3,1.35,194,243
2025-08-04,AAPL,2025-09-05,C,153.95,137.45,0.19978,0.1,1.07,1.12,238,4977
2025-08-04,AAPL,2025-09-05,C,145.7,137.45,0.204645,0.25,1.1,1.15,340,1112
2025-08-04,AAPL,2025-09-05,C,137.45,137.45,0.220861,0.5,1.19,1.24,181,1731
2025-08-04,AAPL,2025-09-05,P,137.45,137.45,0.220861,-0.5,1.19,1.24,7,3332
2025-08-04,AAPL,2025-09-05,P,129.2,137.45,0.237076,-0.25,1.28,1.33,68,2700
2025-08-04,AAPL,2025-09-05,P,120.96,137.45,0.243563,-0.1,1.31,1.37,306,1689
2025-08-04,AAPL,2025-10-03,C,153.95,137.45,0.21098,0.1,1.13,1.19,339,1837
2025-08-04,AAPL,2025-10-03,C,145.7,137.45,0.215845,0.25,1.17,1.21,202,1896
2025-08-04,AAPL,2025-10-03,C,137.45,137.45,0.232061,0.5,1.25,1.31,476,2421
2025-08-04,AAPL,2025-10-03,P,137.45,137.45,0.232061,-0.5,1.25,1.3,241,3442
2025-08-04,AAPL,2025-10-03,P,129.2,137.45,0.248276,-0.25,1.34,1.39,233,4540
2025-08-04,AAPL,2025-10-03,P,120.96,137.45,0.254763,-0.1,1.37,1.43,46,1887
2025-08-05,AAPL,2025-08-30,C,153.29,136.87,0.235336,0.1,1.26,1.32,32,4307
2025-08-05,AAPL,2025-08-30,C,145.08,136.87,0.239886,0.25,1.29,1.34,254,2282
2025-08-05,AAPL,2025-08-30,C,136.87,136.87,0.255053,0.5,1.38,1.42,298,2850
2025-08-05,AAPL,2025-08-30,P,136.87,136.87,0.255053,-0.5,1.37,1.42,255,314
2025-08-05,AAPL,2025-08-30,P,128.66,136.87,0.27022,-0.25,1.45,1.5,308,3280
2025-08-05,AAPL,2025-08-30,P,120.44,136.87,0.276286,-0.1,1.48,1.54,190,3916
2025-08-05,AAPL,2025-09-06,C,153.29,136.87,0.238136,0.1,1.28,1.33,193,3802
2025-08-05,AAPL,2025-09-06,C,145.08,136.87,0.242686,0.25,1.3,1.36,460,60
2025-08-05,AAPL,2025-09-06,C,136.87,136.87,0.257853,0.5,1.39,1.44,270,611
2025-08-05,AAPL,2025-09-06,P,136.87,136.87,0.257853,-0.5,1.39,1.43,495,790
2025-08-05,AAPL,2025-09-06,P,128.66,136.87,0.27302,-0.25,1.47,1.52,257,3721
2025-08-05,AAPL,2025-09-06,P,120.44,136.87,0.279086,-0.1,1.5,1.56,232,4895
2025-08-05,AAPL,2025-10-04,C,153.29,136.87,0.249336,0.1,1.34,1.39,366,673
2025-08-05,AAPL,2025-10-04,C,145.08,136.87,0.253886,0.25,1.36,1.42,65,4194
2025-08-05,AAPL,2025-10-04,C,136.87,136.87,0.269053,0.5,1.44,1.5,394,766
2025-08-05,AAPL,2025-10-04,P,136.87,136.87,0.269053,-0.5,1.45,1.49,284,4619
2025-08-05,AAPL,2025-10-04,P,128.66,136.87,0.28422,-0.25,1.53,1.58,212,1849
2025-08-05,AAPL,2025-10-04,P,120.44,136.87,0.290286,-0.1,1.56,1.61,130,630
2025-08-06,AAPL,2025-08-31,C,153.22,136.8,0.215512,0.1,1.15,1.21,184,4384
2025-08-06,AAPL,2025-08-31,C,145.01,136.8,0.219832,0.25,1.17,1.23,87,1429
2025-08-06,AAPL,2025-08-31,C,136.8,136.8,0.234232,0.5,1.26,1.3,411,2135
2025-08-06,AAPL,2025-08-31,P,136.8,136.8,0.234232,-0.5,1.26,1.31,399,37
2025-08-06,AAPL,2025-08-31,P,128.59,136.8,0.248632,-0.25,1.33,1.39,410,4983
2025-08-06,AAPL,2025-08-31,P,120.39,136.8,0.254392,-0.1,1.37,1.42,233,1947
2025-08-06,AAPL,2025-09-07,C,153.22,136.8,0.218312,0.1,1.17,1.22,286,489
2025-08-06,AAPL,2025-09-07,C,145.01,136.8,0.222632,0.25,1.2,1.24,218,2515
2025-08-06,AAPL,2025-09-07,C,136.8,136.8,0.237032,0.5,1.27,1.32,76,2729
2025-08-06,AAPL,2025-09-07,P,136.8,136.8,0.237032,-0.5,1.27,1.33,385,1133
2025-08-06,AAPL,2025-09-07,P,128.59,136.8,0.251432,-0.25,1.36,1.4,182,200
2025-08-06,AAPL,2025-09-07,P,120.39,136.8,0.257192,-0.1,1.39,1.43,330,2856
2025-08-06,AAPL,2025-10-05,C,153.22,136.8,0.229512,0.1,1.23,1.28,55,4435
2025-08-06,AAPL,2025-10-05,C,145.01,136.8,0.233832,0.25,1.25,1.31,439,2021
2025-08-06,AAPL,2025-10-05,C,136.8,136.8,0.248232,0.5,1.34,1.38,462,2013
2025-08-06,AAPL,2025-10-05,P,136.8,136.8,0.248232,-0.5,1.34,1.38,477,4351
2025-08-06,AAPL,2025-10-05,P,128.59,136.8,0.262632,-0.25,1.41,1.46,397,1138
2025-08-06,AAPL,2025-10-05,P,120.39,136.8,0.268392,-0.1,1.45,1.49,295,690
2025-08-07,AAPL,2025-09-01,C,155.6,138.92,0.234178,0.1,1.28,1.32,212,74
2025-08-07,AAPL,2025-09-01,C,147.26,138.92,0.238161,0.25,1.3,1.35,52,4056
2025-08-07,AAPL,2025-09-01,C,138.92,138.92,0.251437,0.5,1.37,1.42,352,3132
2025-08-07,AAPL,2025-09-01,P,138.92,138.92,0.251437,-0.5,1.37,1.42,444,352
2025-08-07,AAPL,2025-09-01,P,130.59,138.92,0.264712,-0.25,1.44,1.5,35,967
2025-08-07,AAPL,2025-09-01,P,122.25,138.92,0.270023,-0.1,1.48,1.52,59,2867
2025-08-07,AAPL,2025-09-08,C,155.6,138.92,0.236978,0.1,1.3,1.34,471,487
2025-08-07,AAPL,2025-09-08,C,147.26,138.92,0.240961,0.25,1.31,1.37,260,2463
2025-08-07,AAPL,2025-09-08,C,138.92,138.92,0.254237,0.5,1.39,1.44,425,1749
2025-08-07,AAPL,2025-09-08,P,138.92,138.92,0.254237,-0.5,1.39,1.44,342,341
2025-08-07,AAPL,2025-09-08,P,130.59,138.92,0.267512,-0.25,1.47,1.51,26,3085
2025-08-07,AAPL,2025-09-08,P,122.25,138.92,0.272823,-0.1,1.49,1.54,88,4862
2025-08-07,AAPL,2025-10-06,C,155.6,138.92,0.248178,0.1,1.36,1.4,214,334
2025-08-07,AAPL,2025-10-06,C,147.26,138.92,0.252161,0.25,1.38,1.43,12,3195
2025-08-07,AAPL,2025-10-06,C,138.92,138.92,0.265437,0.5,1.45,1.5,268,2768
2025-08-07,AAPL,2025-10-06,P,138.92,138.92,0.265437,-0.5,1.45,1.5,274,4225
2025-08-07,AAPL,2025-10-06,P,130.59,138.92,0.278712,-0.25,1.52,1.58,361,2153
2025-08-07,AAPL,2025-10-06,P,122.25,138.92,0.284023,-0.1,1.55,1.61,119,4899
2025-08-08,AAPL,2025-09-02,C,155.77,139.08,0.21962,0.1,1.2,1.25,468,3005
2025-08-08,AAPL,2025-09-02,C,147.43,139.08,0.223628,0.25,1.22,1.26,258,1919
2025-08-08,AAPL,2025-09-02,C,139.08,139.08,0.23699,0.5,1.3,1.34,101,4760
2025-08-08,AAPL,2025-09-02,P,139.08,139.08,0.23699,-0.5,1.29,1.34,37,3815
2025-08-08,AAPL,2025-09-02,P,130.74,139.08,0.250352,-0.25,1.37,1.42,333,667
2025-08-08,AAPL,2025-09-02,P,122.39,139.08,0.255696,-0.1,1.39,1.45,232,12
2025-08-08,AAPL,2025-09-09,C,155.77,139.08,0.22242,0.1,1.22,1.26,250,1828
2025-08-08,AAPL,2025-09-09,C,147.43,139.08,0.226428,0.25,1.23,1.29,89,1715
2025-08-08,AAPL,2025-09-09,C,139.08,139.08,0.23979,0.5,1.31,1.35,124,1596
2025-08-08,AAPL,2025-09-09,P,139.08,139.08,0.23979,-0.5,1.31,1.36,485,37
2025-08-08,AAPL,2025-09-09,P,130.74,139.08,0.253152,-0.25,1.38,1.43,20,592
2025-08-08,AAPL,2025-09-09,P,122.39,139.08,0.258496,-0.1,1.42,1.46,167,3209
2025-08-08,AAPL,2025-10-07,C,155.77,139.08,0.23362,0.1,1.27,1.33,147,1324
2025-08-08,AAPL,2025-10-07,C,147.43,139.08,0.237628,0.25,1.3,1.35,419,1242
2025-08-08,AAPL,2025-10-07,C,139.08,139.08,0.25099,0.5,1.37,1.43,327,960
2025-08-08,AAPL,2025-10-07,P,139.08,139.08,0.25099,-0.5,1.37,1.42,81,2230
2025-08-08,AAPL,2025-10-07,P,130.74,139.08,0.264352,-0.25,1.45,1.49,376,791
2025-08-08,AAPL,2025-10-07,P,122.39,139.08,0.269696,-0.1,1.48,1.52,232,3204
2025-08-11,AAPL,2025-09-05,C,157.09,140.26,0.194379,0.1,1.06,1.12,199,3868
2025-08-11,AAPL,2025-09-05,C,148.68,140.26,0.199659,0.25,1.1,1.14,366,4592
2025-08-11,AAPL,2025-09-05,C,140.26,140.26,0.217259,0.5,1.19,1.25,383,4025
2025-08-11,AAPL,2025-09-05,P,140.26,140.26,0.217259,-0.5,1.19,1.25,100,1798
2025-08-11,AAPL,2025-09-05,P,131.84,140.26,0.234859,-0.25,1.29,1.34,421,2118
2025-08-11,AAPL,2025-09-05,P,123.43,140.26,0.241899,-0.1,1.34,1.38,274,2261
2025-08-11,AAPL,2025-09-12,C,157.09,140.26,0.197179,0.1,1.09,1.13,134,29
2025-08-11,AAPL,2025-09-12,C,148.68,140.26,0.202459,0.25,1.11,1.17,77,3449
2025-08-11,AAPL,2025-09-12,C,140.26,140.26,0.220059,0.5,1.21,1.26,460,1712
2025-08-11,AAPL,2025-09-12,P,140.26,140.26,0.220059,-0.5,1.21,1.26,140,4458
2025-08-11,AAPL,2025-09-12,P,131.84,140.26,0.237659,-0.25,1.31,1.36,319,3016
2025-08-11,AAPL,2025-09-12,P,123.43,140.26,0.244699,-0.1,1.35,1.4,484,1735
2025-08-11,AAPL,2025-10-10,C,157.09,140.26,0.208379,0.1,1.14,1.2,331,4905
2025-08-11,AAPL,2025-10-10,C,148.68,140.26,0.213659,0.25,1.17,1.22,281,1967
2025-08-11,AAPL,2025-10-10,C,140.26,140.26,0.231259,0.5,1.27,1.32,392,2133
2025-08-11,AAPL,2025-10-10,P,140.26,140.26,0.231259,-0.5,1.27,1.33,263,3536
2025-08-11,AAPL,2025-10-10,P,131.84,140.26,0.248859,-0.25,1.37,1.42,486,1863
2025-08-11,AAPL,2025-10-10,P,123.43,140.26,0.255899,-0.1,1.41,1.46,12,193
2025-08-12,AAPL,2025-09-06,C,156.42,139.66,0.205973,0.1,1.12,1.18,308,3306
2025-08-12,AAPL,2025-09-06,C,148.04,139.66,0.211163,0.25,1.16,1.2,45,3642
2025-08-12,AAPL,2025-09-06,C,139.66,139.66,0.228463,0.5,1.25,1.3,65,1320
2025-08-12,AAPL,2025-09-06,P,139.66,139.66,0.228463,-0.5,1.25,1.3,390,3058
2025-08-12,AAPL,2025-09-06,P,131.28,139.66,0.245763,-0.25,1.34,1.4,108,689
2025-08-12,AAPL,2025-09-06,P,122.9,139.66,0.252683,-0.1,1.39,1.43,268,2434
2025-08-12,AAPL,2025-09-13,C,156.42,139.66,0.208773,0.1,1.15,1.19,54,2083
2025-08-12,AAPL,2025-09-13,C,148.04,139.66,0.213963,0.25,1.17,1.22,303,752
2025-08-12,AAPL,2025-09-13,C,139.66,139.66,0.231263,0.5,1.27,1.32,482,4948
2025-08-12,AAPL,2025-09-13,P,139.66,139.66,0.231263,-0.5,1.27,1.32,211,2496
2025-08-12,AAPL,2025-09-13,P,131.28,139.66,0.248563,-0.25,1.36,1.41,246,938
2025-08-12,AAPL,2025-09-13,P,122.9,139.66,0.255483,-0.1,1.41,1.45,421,3389
2025-08-12,AAPL,2025-10-11,C,156.42,139.66,0.219973,0.1,1.2,1.25,40,1456
2025-08-12,AAPL,2025-10-11,C,148.04,139.66,0.225163,0.25,1.24,1.28,73,4231
2025-08-12,AAPL,2025-10-11,C,139.66,139.66,0.242463,0.5,1.33,1.37,245,3752
2025-08-12,AAPL,2025-10-11,P,139.66,139.66,0.242463,-0.5,1.33,1.38,316,2997
2025-08-12,AAPL,2025-10-11,P,131.28,139.66,0.259763,-0.25,1.43,1.47,138,785
2025-08-12,AAPL,2025-10-11,P,122.9,139.66,0.266683,-0.1,1.46,1.52,174,3481
2025-08-13,AAPL,2025-09-07,C,154.83,138.24,0.194303,0.1,1.05,1.1,203,2228
2025-08-13,AAPL,2025-09-07,C,146.53,138.24,0.200396,0.25,1.09,1.13,138,2829
2025-08-13,AAPL,2025-09-07,C,138.24,138.24,0.220705,0.5,1.2,1.24,283,2553
2025-08-13,AAPL,2025-09-07,P,138.24,138.24,0.220705,-0.5,1.2,1.24,427,2432
2025-08-13,AAPL,2025-09-07,P,129.94,138.24,0.241014,-0.25,1.31,1.36,114,2266
2025-08-13,AAPL,2025-09-07,P,121.65,138.24,0.249137,-0.1,1.35,1.4,231,4540
2025-08-13,AAPL,2025-09-14,C,154.83,138.24,0.197103,0.1,1.06,1.11,481,4094
2025-08-13,AAPL,2025-09-14,C,146.53,138.24,0.203196,0.25,1.1,1.15,219,1766
2025-08-13,AAPL,2025-09-14,C,138.24,138.24,0.223505,0.5,1.22,1.26,311,2109
2025-08-13,AAPL,2025-09-14,P,138.24,138.24,0.223505,-0.5,1.21,1.26,43,4192
2025-08-13,AAPL,2025-09-14,P,129.94,138.24,0.243814,-0.25,1.32,1.37,482,3203
2025-08-13,AAPL,2025-09-14,P,121.65,138.24,0.251937,-0.1,1.37,1.41,213,195
2025-08-13,AAPL,2025-10-12,C,154.83,138.24,0.208303,0.1,1.12,1.18,72,843
2025-08-13,AAPL,2025-10-12,C,146.53,138.24,0.214396,0.25,1.16,1.21,128,4688
2025-08-13,AAPL,2025-10-12,C,138.24,138.24,0.234705,0.5,1.27,1.33,177,3085
2025-08-13,AAPL,2025-10-12,P,138.24,138.24,0.234705,-0.5,1.27,1.32,88,4167
2025-08-13,AAPL,2025-10-12,P,129.94,138.24,0.255014,-0.25,1.39,1.43,232,2152
2025-08-13,AAPL,2025-10-12,P,121.65,138.24,0.263137,-0.1,1.43,1.48,148,4564
2025-08-14,AAPL,2025-09-08,C,153.53,137.08,0.214531,0.1,1.15,1.2,413,562
2025-08-14,AAPL,2025-09-08,C,145.31,137.08,0.220551,0.25,1.18,1.23,357,1234
2025-08-14,AAPL,2025-09-08,C,137.08,137.08,0.240619,0.5,1.29,1.35,225,700
2025-08-14,AAPL,2025-09-08,P,137.08,137.08,0.240619,-0.5,1.3,1.34,225,3525
2025-08-14,AAPL,2025-09-08,P,128.86,137.08,0.260687,-0.25,1.4,1.45,185,4193
2025-08-14,AAPL,2025-09-08,P,120.63,137.08,0.268714,-0.1,1.45,1.49,79,4007
2025-08-14,AAPL,2025-09-15,C,153.53,137.08,0.217331,0.1,1.17,1.21,85,150
2025-08-14,AAPL,2025-09-15,C,145.31,137.08,0.223351,0.25,1.2,1.25,34,1114
2025-08-14,AAPL,2025-09-15,C,137.08,137.08,0.243419,0.5,1.31,1.36,409,138
2025-08-14,AAPL,2025-09-15,P,137.08,137.08,0.243419,-0.5,1.31,1.36,197,3638
2025-08-14,AAPL,2025-09-15,P,128.86,137.08,0.263487,-0.25,1.42,1.47,328,3285
2025-08-14,AAPL,2025-09-15,P,120.63,137.08,0.271514,-0.1,1.46,1.52,211,306
2025-08-14,AAPL,2025-10-13,C,153.53,137.08,0.228531,0.1,1.23,1.28,348,1349
2025-08-14,AAPL,2025-10-13,C,145.31,137.08,0.234551,0.25,1.26,1.31,230,442
2025-08-14,AAPL,2025-10-13,C,137.08,137.08,0.254619,0.5,1.37,1.42,98,2808
2025-08-14,AAPL,2025-10-13,P,137.08,137.08,0.254619,-0.5,1.37,1.42,106,4843
2025-08-14,AAPL,2025-10-13,P,128.86,137.08,0.274687,-0.25,1.48,1.53,186,4454
2025-08-14,AAPL,2025-10-13,P,120.63,137.08,0.282714,-0.1,1.52,1.58,450,4643
2025-08-15,AAPL,2025-09-09,C,152.56,136.21,0.216897,0.1,1.15,1.21,321,667
2025-08-15,AAPL,2025-09-09,C,144.38,136.21,0.222997,0.25,1.19,1.24,158,4024
2025-08-15,AAPL,2025-09-09,C,136.21,136.21,0.243331,0.5,1.3,1.35,382,1401
2025-08-15,AAPL,2025-09-09,P,136.21,136.21,0.243331,-0.5,1.3,1.36,408,1030
2025-08-15,AAPL,2025-09-09,P,128.04,136.21,0.263664,-0.25,1.41,1.46,422,2612
2025-08-15,AAPL,2025-09-09,P,119.87,136.21,0.271797,-0.1,1.46,1.5,169,3615
2025-08-15,AAPL,2025-09-16,C,152.56,136.21,0.219697,0.1,1.18,1.22,39,3468
2025-08-15,AAPL,2025-09-16,C,144.38,136.21,0.225797,0.25,1.2,1.26,35,1753
2025-08-15,AAPL,2025-09-16,C,136.21,136.21,0.246131,0.5,1.31,1.37,429,792
2025-08-15,AAPL,2025-09-16,P,136.21,136.21,0.246131,-0.5,1.31,1.37,21,4760
2025-08-15,AAPL,2025-09-16,P,128.04,136.21,0.266464,-0.25,1.43,1.47,70,3462
2025-08-15,AAPL,2025-09-16,P,119.87,136.21,0.274597,-0.1,1.47,1.52,33,2662
2025-08-15,AAPL,2025-10-14,C,152.56,136.21,0.230897,0.1,1.23,1.29,440,2448
2025-08-15,AAPL,2025-10-14,C,144.38,136.21,0.236997,0.25,1.27,1.32,492,1162
2025-08-15,AAPL,2025-10-14,C,136.21,136.21,0.257331,0.5,1.38,1.43,368,4327
2025-08-15,AAPL,2025-10-14,P,136.21,136.21,0.257331,-0.5,1.38,1.42,304,2991
2025-08-15,AAPL,2025-10-14,P,128.04,136.21,0.277664,-0.25,1.49,1.53,425,4234
2025-08-15,AAPL,2025-10-14,P,119.87,136.21,0.285797,-0.1,1.53,1.58,131,2021
2025-08-18,AAPL,2025-09-12,C,155.42,138.76,0.207656,0.1,1.13,1.18,233,2352
2025-08-18,AAPL,2025-09-12,C,147.09,138.76,0.212001,0.25,1.15,1.2,433,1901
2025-08-18,AAPL,2025-09-12,C,138.76,138.76,0.226483,0.5,1.23,1.28,281,1691
2025-08-18,AAPL,2025-09-12,P,138.76,138.76,0.226483,-0.5,1.24,1.28,292,3571
2025-08-18,AAPL,2025-09-12,P,130.44,138.76,0.240965,-0.25,1.31,1.37,497,4528
2025-08-18,AAPL,2025-09-12,P,122.11,138.76,0.246758,-0.1,1.34,1.4,167,2264
2025-08-18,AAPL,2025-09-19,C,155.42,138.76,0.210456,0.1,1.15,1.19,438,3193
2025-08-18,AAPL,2025-09-19,C,147.09,138.76,0.214801,0.25,1.16,1.22,210,3637
2025-08-18,AAPL,2025-09-19,C,138.76,138.76,0.229283,0.5,1.25,1.3,370,3447
2025-08-18,AAPL,2025-09-19,P,138.76,138.76,0.229283,-0.5,1.24,1.3,311,4597
2025-08-18,AAPL,2025-09-19,P,130.44,138.76,0.243765,-0.25,1.33,1.38,196,2171
2025-08-18,AAPL,2025-09-19,P,122.11,138.76,0.249558,-0.1,1.36,1.41,441,2504
2025-08-18,AAPL,2025-10-17,C,155.42,138.76,0.221656,0.1,1.21,1.25,211,4714
2025-08-18,AAPL,2025-10-17,C,147.09,138.76,0.226001,0.25,1.23,1.28,417,2365
2025-08-18,AAPL,2025-10-17,C,138.76,138.76,0.240483,0.5,1.31,1.36,68,3200
2025-08-18,AAPL,2025-10-17,P,138.76,138.76,0.240483,-0.5,1.31,1.36,216,653
2025-08-18,AAPL,2025-10-17,P,130.44,138.76,0.254965,-0.25,1.39,1.44,451,1801
2025-08-18,AAPL,2025-10-17,P,122.11,138.76,0.260758,-0.1,1.42,1.47,118,1036
2025-08-19,AAPL,2025-09-13,C,154.31,137.78,0.209382,0.1,1.13,1.18,229,4407
2025-08-19,AAPL,2025-09-13,C,146.05,137.78,0.213835,0.25,1.16,1.2,156,4866
2025-08-19,AAPL,2025-09-13,C,137.78,137.78,0.228679,0.5,1.23,1.29,421,1428
2025-08-19,AAPL,2025-09-13,P,137.78,137.78,0.228679,-0.5,1.24,1.28,181,1487
2025-08-19,AAPL,2025-09-13,P,129.51,137.78,0.243523,-0.25,1.31,1.37,126,1464
2025-08-19,AAPL,2025-09-13,P,121.25,137.78,0.249461,-0.1,1.35,1.4,257,3531
2025-08-19,AAPL,2025-09-20,C,154.31,137.78,0.212182,0.1,1.14,1.2,183,3296
2025-08-19,AAPL,2025-09-20,C,146.05,137.78,0.216635,0.25,1.17,1.22,306,874
2025-08-19,AAPL,2025-09-20,C,137.78,137.78,0.231479,0.5,1.25,1.3,260,1385
2025-08-19,AAPL,2025-09-20,P,137.78,137.78,0.231479,-0.5,1.25,1.3,460,4881
2025-08-19,AAPL,2025-09-20,P,129.51,137.78,0.246323,-0.25,1.34,1.38,210,691
2025-08-19,AAPL,2025-09-20,P,121.25,137.78,0.252261,-0.1,1.36,1.42,492,1601
2025-08-19,AAPL,2025-10-18,C,154.31,137.78,0.223382,0.1,1.21,1.25,189,3009
2025-08-19,AAPL,2025-10-18,C,146.05,137.78,0.227835,0.25,1.23,1.28,230,3968
2025-08-19,AAPL,2025-10-18,C,137.78,137.78,0.242679,0.5,1.32,1.36,11,2788
2025-08-19,AAPL,2025-10-18,P,137.78,137.78,0.242679,-0.5,1.31,1.37,438,813
2025-08-19,AAPL,2025-10-18,P,129.51,137.78,0.257523,-0.25,1.4,1.44,54,22
2025-08-19,AAPL,2025-10-18,P,121.25,137.78,0.263461,-0.1,1.43,1.48,76,981
2025-08-20,AAPL,2025-09-14,C,155.44,138.79,0.239858,0.1,1.3,1.36,56,1051
2025-08-20,AAPL,2025-09-14,C,147.11,138.79,0.244799,0.25,1.33,1.39,65,1067
2025-08-20,AAPL,2025-09-14,C,138.79,138.79,0.261268,0.5,1.43,1.47,198,3795
2025-08-20,AAPL,2025-09-14,P,138.79,138.79,0.261268,-0.5,1.43,1.47,244,4734
2025-08-20,AAPL,2025-09-14,P,130.46,138.79,0.277736,-0.25,1.52,1.57,465,795
2025-08-20,AAPL,2025-09-14,P,122.13,138.79,0.284324,-0.1,1.55,1.6,159,1022
2025-08-20,AAPL,2025-09-21,C,155.44,138.79,0.242658,0.1,1.32,1.38,307,3457
2025-08-20,AAPL,2025-09-21,C,147.11,138.79,0.247599,0.25,1.35,1.4,310,2643
2025-08-20,AAPL,2025-09-21,C,138.79,138.79,0.264068,0.5,1.44,1.49,207,3916
2025-08-20,AAPL,2025-09-21,P,138.79,138.79,0.264068,-0.5,1.45,1.49,456,122
2025-08-20,AAPL,2025-09-21,P,130.46,138.79,0.280536,-0.25,1.54,1.58,116,1981
2025-08-20,AAPL,2025-09-21,P,122.13,138.79,0.287124,-0.1,1.57,1.62,463,690
2025-08-20,AAPL,2025-10-19,C,155.44,138.79,0.253858,0.1,1.39,1.43,296,2213
2025-08-20,AAPL,2025-10-19,C,147.11,138.79,0.258799,0.25,1.42,1.46,297,4584
2025-08-20,AAPL,2025-10-19,C,138.79,138.79,0.275268,0.5,1.5,1.55,322,1948
2025-08-20,AAPL,2025-10-19,P,138.79,138.79,0.275268,-0.5,1.5,1.55,434,1577
2025-08-20,AAPL,2025-10-19,P,130.46,138.79,0.291736,-0.25,1.59,1.65,123,2879
2025-08-20,AAPL,2025-10-19,P,122.13,138.79,0.298324,-0.1,1.63,1.68,349,4555
2025-08-21,AAPL,2025-09-15,C,154.23,137.7,0.258686,0.1,1.4,1.45,426,1135
2025-08-21,AAPL,2025-09-15,C,145.96,137.7,0.262815,0.25,1.43,1.47,125,3453
2025-08-21,AAPL,2025-09-15,C,137.7,137.7,0.276579,0.5,1.5,1.55,5,3421
2025-08-21,AAPL,2025-09-15,P,137.7,137.7,0.276579,-0.5,1.5,1.55,57,1483
2025-08-21,AAPL,2025-09-15,P,129.44,137.7,0.290343,-0.25,1.58,1.62,461,2459
2025-08-21,AAPL,2025-09-15,P,121.18,137.7,0.295848,-0.1,1.61,1.65,133,3339
2025-08-21,AAPL,2025-09-22,C,154.23,137.7,0.261486,0.1,1.41,1.47,368,2365
2025-08-21,AAPL,2025-09-22,C,145.96,137.7,0.265615,0.25,1.44,1.49,404,2557
2025-08-21,AAPL,2025-09-22,C,137.7,137.7,0.279379,0.5,1.51,1.57,460,1132
2025-08-21,AAPL,2025-09-22,P,137.7,137.7,0.279379,-0.5,1.51,1.57,166,3578
2025-08-21,AAPL,2025-09-22,P,129.44,137.7,0.293143,-0.25,1.59,1.64,22,2784
2025-08-21,AAPL,2025-09-22,P,121.18,137.7,0.298648,-0.1,1.62,1.67,179,1255
2025-08-21,AAPL,2025-10-20,C,154.23,137.7,0.272686,0.1,1.47,1.53,309,4770
2025-08-21,AAPL,2025-10-20,C,145.96,137.7,0.276815,0.25,1.5,1.55,399,2013
2025-08-21,AAPL,2025-10-20,C,137.7,137.7,0.290579,0.5,1.57,1.63,382,4958
2025-08-21,AAPL,2025-10-20,P,137.7,137.7,0.290579,-0.5,1.57,1.63,288,583
2025-08-21,AAPL,2025-10-20,P,129.44,137.7,0.304343,-0.25,1.66,1.7,452,3953
2025-08-21,AAPL,2025-10-20,P,121.18,137.7,0.309848,-0.1,1.68,1.73,242,1241
2025-08-22,AAPL,2025-09-16,C,155.48,138.82,0.251074,0.1,1.37,1.42,50,2331
2025-08-22,AAPL,2025-09-16,C,147.15,138.82,0.254801,0.25,1.39,1.44,397,3677
2025-08-22,AAPL,2025-09-16,C,138.82,138.82,0.267226,0.5,1.45,1.51,367,4443
2025-08-22,AAPL,2025-09-16,P,138.82,138.82,0.267226,-0.5,1.46,1.51,7,3298
2025-08-22,AAPL,2025-09-16,P,130.49,138.82,0.279652,-0.25,1.53,1.57,136,4955
2025-08-22,AAPL,2025-09-16,P,122.16,138.82,0.284622,-0.1,1.56,1.6,327,3327
2025-08-22,AAPL,2025-09-23,C,155.48,138.82,0.253874,0.1,1.38,1.44,290,810
2025-08-22,AAPL,2025-09-23,C,147.15,138.82,0.257601,0.25,1.4,1.46,45,71
2025-08-22,AAPL,2025-09-23,C,138.82,138.82,0.270026,0.5,1.47,1.52,127,2365
2025-08-22,AAPL,2025-09-23,P,138.82,138.82,0.270026,-0.5,1.48,1.52,117,2936
2025-08-22,AAPL,2025-09-23,P,130.49,138.82,0.282452,-0.25,1.54,1.6,34,1641
2025-08-22,AAPL,2025-09-23,P,122.16,138.82,0.287422,-0.1,1.57,1.62,267,4388
2025-08-22,AAPL,2025-10-21,C,155.48,138.82,0.265074,0.1,1.44,1.5,100,213
2025-08-22,AAPL,2025-10-21,C,147.15,138.82,0.268801,0.25,1.46,1.52,125,242
2025-08-22,AAPL,2025-10-21,C,138.82,138.82,0.281226,0.5,1.54,1.59,444,2881
2025-08-22,AAPL,2025-10-21,P,138.82,138.82,0.281226,-0.5,1.53,1.59,5,750
2025-08-22,AAPL,2025-10-21,P,130.49,138.82,0.293652,-0.25,1.61,1.65,103,3763
2025-08-22,AAPL,2025-10-21,P,122.16,138.82,0.298622,-0.1,1.64,1.68,7,2352
2025-08-25,AAPL,2025-09-19,C,156.0,139.28,0.255376,0.1,1.4,1.45,378,1060
2025-08-25,AAPL,2025-09-19,C,147.64,139.28,0.258533,0.25,1.42,1.46,33,4845
2025-08-25,AAPL,2025-09-19,C,139.28,139.28,0.269056,0.5,1.47,1.52,179,231
2025-08-25,AAPL,2025-09-19,P,139.28,139.28,0.269056,-0.5,1.48,1.52,51,1718
2025-08-25,AAPL,2025-09-19,P,130.92,139.28,0.279579,-0.25,1.53,1.59,95,1520
2025-08-25,AAPL,2025-09-19,P,122.57,139.28,0.283788,-0.1,1.56,1.6,7,2569
2025-08-25,AAPL,2025-09-26,C,156.0,139.28,0.258176,0.1,1.42,1.46,146,1377
2025-08-25,AAPL,2025-09-26,C,147.64,139.28,0.261333,0.25,1.43,1.49,154,3526
2025-08-25,AAPL,2025-09-26,C,139.28,139.28,0.271856,0.5,1.49,1.54,251,2248
2025-08-25,AAPL,2025-09-26,P,139.28,139.28,0.271856,-0.5,1.49,1.54,233,623
2025-08-25,AAPL,2025-09-26,P,130.92,139.28,0.282379,-0.25,1.55,1.6,18,2533
2025-08-25,AAPL,2025-09-26,P,122.57,139.28,0.286588,-0.1,1.57,1.62,137,4462
2025-08-25,AAPL,2025-10-24,C,156.0,139.28,0.269376,0.1,1.48,1.52,78,4615
2025-08-25,AAPL,2025-10-24,C,147.64,139.28,0.272533,0.25,1.49,1.54,334,1301
2025-08-25,AAPL,2025-10-24,C,139.28,139.28,0.283056,0.5,1.55,1.61,482,187
2025-08-25,AAPL,2025-10-24,P,139.28,139.28,0.283056,-0.5,1.55,1.6,22,3610
2025-08-25,AAPL,2025-10-24,P,130.92,139.28,0.293579,-0.25,1.61,1.66,147,4318
2025-08-25,AAPL,2025-10-24,P,122.57,139.28,0.297788,-0.1,1.64,1.68,43,4200
2025-08-26,AAPL,2025-09-20,C,155.78,139.09,0.209185,0.1,1.14,1.19,70,1911
2025-08-26,AAPL,2025-09-20,C,147.44,139.09,0.213977,0.25,1.16,1.22,350,731
2025-08-26,AAPL,2025-09-20,C,139.09,139.09,0.229949,0.5,1.25,1.31,331,1156
2025-08-26,AAPL,2025-09-20,P,139.09,139.09,0.229949,-0.5,1.25,1.3,236,1770
2025-08-26,AAPL,2025-09-20,P,130.75,139.09,0.245921,-0.25,1.35,1.39,264,4722
2025-08-26,AAPL,2025-09-20,P,122.4,139.09,0.25231,-0.1,1.38,1.43,465,3454
2025-08-26,AAPL,2025-09-27,C,155.78,139.09,0.211985,0.1,1.15,1.21,381,2513
2025-08-26,AAPL,2025-09-27,C,147.44,139.09,0.216777,0.25,1.18,1.23,376,4492
2025-08-26,AAPL,2025-09-27,C,139.09,139.09,0.232749,0.5,1.27,1.32,16,2667
2025-08-26,AAPL,2025-09-27,P,139.09,139.09,0.232749,-0.5,1.27,1.32,134,3035
2025-08-26,AAPL,2025-09-27,P,130.75,139.09,0.248721,-0.25,1.36,1.41,114,3127
2025-08-26,AAPL,2025-09-27,P,122.4,139.09,0.25511,-0.1,1.39,1.44,469,3790
2025-08-26,AAPL,2025-10-25,C,155.78,139.09,0.223185,0.1,1.21,1.27,7,4799
2025-08-26,AAPL,2025-10-25,C,147.44,139.09,0.227977,0.25,1.24,1.3,473,3012
2025-08-26,AAPL,2025-10-25,C,139.09,139.09,0.243949,0.5,1.33,1.38,120,898
2025-08-26,AAPL,2025-10-25,P,139.09,139.09,0.243949,-0.5,1.33,1.38,371,1293
2025-08-26,AAPL,2025-10-25,P,130.75,139.09,0.259921,-0.25,1.43,1.47,16,4834
2025-08-26,AAPL,2025-10-25,P,122.4,139.09,0.26631,-0.1,1.45,1.51,165,2573
2025-08-27,AAPL,2025-09-21,C,155.73,139.04,0.219512,0.1,1.19,1.25,204,2179
2025-08-27,AAPL,2025-09-21,C,147.39,139.04,0.223609,0.25,1.22,1.27,493,4997
2025-08-27,AAPL,2025-09-21,C,139.04,139.04,0.237265,0.5,1.3,1.34,390,1229
2025-08-27,AAPL,2025-09-21,P,139.04,139.04,0.237265,-0.5,1.3,1.34,202,475
2025-08-27,AAPL,2025-09-21,P,130.7,139.04,0.250921,-0.25,1.37,1.42,275,96
2025-08-27,AAPL,2025-09-21,P,122.36,139.04,0.256384,-0.1,1.4,1.45,499,1365
2025-08-27,AAPL,2025-09-28,C,155.73,139.04,0.222312,0.1,1.21,1.26,412,3663
2025-08-27,AAPL,2025-09-28,C,147.39,139.04,0.226409,0.25,1.24,1.28,304,4331
2025-08-27,AAPL,2025-09-28,C,139.04,139.04,0.240065,0.5,1.31,1.36,273,551
2025-08-27,AAPL,2025-09-28,P,139.04,139.04,0.240065,-0.5,1.32,1.36,250,3578
2025-08-27,AAPL,2025-09-28,P,130.7,139.04,0.253721,-0.25,1.39,1.43,212,2552
2025-08-27,AAPL,2025-09-28,P,122.36,139.04,0.259184,-0.1,1.42,1.46,91,4926
2025-08-27,AAPL,2025-10-26,C,155.73,139.04,0.233512,0.1,1.28,1.32,151,2065
2025-08-27,AAPL,2025-10-26,C,147.39,139.04,0.237609,0.25,1.29,1.35,470,1231
2025-08-27,AAPL,2025-10-26,C,139.04,139.04,0.251265,0.5,1.37,1.42,291,4044
2025-08-27,AAPL,2025-10-26,P,139.04,139.04,0.251265,-0.5,1.37,1.42,125,24
2025-08-27,AAPL,2025-10-26,P,130.7,139.04,0.264921,-0.25,1.45,1.5,309,72
2025-08-27,AAPL,2025-10-26,P,122.36,139.04,0.270384,-0.1,1.47,1.53,495,3212
2025-08-28,AAPL,2025-09-22,C,154.85,138.26,0.235907,0.1,1.28,1.33,188,3502
2025-08-28,AAPL,2025-09-22,C,146.55,138.26,0.239518,0.25,1.3,1.35,304,311
2025-08-28,AAPL,2025-09-22,C,138.26,138.26,0.251557,0.5,1.36,1.42,324,2901
2025-08-28,AAPL,2025-09-22,P,138.26,138.26,0.251557,-0.5,1.36,1.42,226,1321
2025-08-28,AAPL,2025-09-22,P,129.96,138.26,0.263596,-0.25,1.44,1.48,463,3515
2025-08-28,AAPL,2025-09-22,P,121.67,138.26,0.268412,-0.1,1.46,1.51,28,1936
2025-08-28,AAPL,2025-09-29,C,154.85,138.26,0.238707,0.1,1.3,1.34,354,4093
2025-08-28,AAPL,2025-09-29,C,146.55,138.26,0.242318,0.25,1.32,1.36,374,1701
2025-08-28,AAPL,2025-09-29,C,138.26,138.26,0.254357,0.5,1.38,1.43,47,508
2025-08-28,AAPL,2025-09-29,P,138.26,138.26,0.254357,-0.5,1.39,1.43,150,138
2025-08-28,AAPL,2025-09-29,P,129.96,138.26,0.266396,-0.25,1.44,1.5,87,1563
2025-08-28,AAPL,2025-09-29,P,121.67,138.26,0.271212,-0.1,1.47,1.53,291,4946
2025-08-28,AAPL,2025-10-27,C,154.85,138.26,0.249907,0.1,1.36,1.41,251,2630
2025-08-28,AAPL,2025-10-27,C,146.55,138.26,0.253518,0.25,1.38,1.43,459,1890
2025-08-28,AAPL,2025-10-27,C,138.26,138.26,0.265557,0.5,1.44,1.49,392,4794
2025-08-28,AAPL,2025-10-27,P,138.26,138.26,0.265557,-0.5,1.44,1.5,125,2126
2025-08-28,AAPL,2025-10-27,P,129.96,138.26,0.277596,-0.25,1.51,1.56,358,4418
2025-08-28,AAPL,2025-10-27,P,121.67,138.26,0.282412,-0.1,1.54,1.58,412,4249
2025-08-29,AAPL,2025-09-23,C,155.45,138.79,0.230143,0.1,1.25,1.3,395,4033
2025-08-29,AAPL,2025-09-23,C,147.12,138.79,0.231815,0.25,1.26,1.31,38,969
2025-08-29,AAPL,2025-09-23,C,138.79,138.79,0.237389,0.5,1.29,1.35,6,1843
2025-08-29,AAPL,2025-09-23,P,138.79,138.79,0.237389,-0.5,1.29,1.34,319,2554
2025-08-29,AAPL,2025-09-23,P,130.47,138.79,0.242962,-0.25,1.32,1.37,321,3418
2025-08-29,AAPL,2025-09-23,P,122.14,138.79,0.245192,-0.1,1.34,1.38,171,2184
2025-08-29,AAPL,2025-09-30,C,155.45,138.79,0.232943,0.1,1.26,1.32,324,189
2025-08-29,AAPL,2025-09-30,C,147.12,138.79,0.234615,0.25,1.28,1.33,293,3306
2025-08-29,AAPL,2025-09-30,C,138.79,138.79,0.240189,0.5,1.3,1.36,247,2972
2025-08-29,AAPL,2025-09-30,P,138.79,138.79,0.240189,-0.5,1.31,1.36,271,1121
2025-08-29,AAPL,2025-09-30,P,130.47,138.79,0.245762,-0.25,1.34,1.39,14,4711
2025-08-29,AAPL,2025-09-30,P,122.14,138.79,0.247992,-0.1,1.35,1.41,177,2794
2025-08-29,AAPL,2025-10-28,C,155.45,138.79,0.244143,0.1,1.33,1.38,294,2260
2025-08-29,AAPL,2025-10-28,C,147.12,138.79,0.245815,0.25,1.34,1.39,97,4462
2025-08-29,AAPL,2025-10-28,C,138.79,138.79,0.251389,0.5,1.37,1.42,185,2286
2025-08-29,AAPL,2025-10-28,P,138.79,138.79,0.251389,-0.5,1.37,1.42,363,1721
2025-08-29,AAPL,2025-10-28,P,130.47,138.79,0.256962,-0.25,1.41,1.45,248,3611
2025-08-29,AAPL,2025-10-28,P,122.14,138.79,0.259192,-0.1,1.41,1.46,457,1178
2025-09-01,AAPL,2025-09-26,C,154.84,138.25,0.258883,0.1,1.4,1.46,30,620
2025-09-01,AAPL,2025-09-26,C,146.54,138.25,0.259504,0.25,1.41,1.46,445,2475
2025-09-01,AAPL,2025-09-26,C,138.25,138.25,0.261571,0.5,1.42,1.47,217,2662
2025-09-01,AAPL,2025-09-26,P,138.25,138.25,0.261571,-0.5,1.42,1.47,215,795
2025-09-01,AAPL,2025-09-26,P,129.95,138.25,0.263638,-0.25,1.44,1.48,309,4283
2025-09-01,AAPL,2025-09-26,P,121.66,138.25,0.264465,-0.1,1.44,1.49,40,3155
2025-09-01,AAPL,2025-10-03,C,154.84,138.25,0.261683,0.1,1.42,1.47,192,4197
2025-09-01,AAPL,2025-10-03,C,146.54,138.25,0.262304,0.25,1.42,1.48,203,4204
2025-09-01,AAPL,2025-10-03,C,138.25,138.25,0.264371,0.5,1.44,1.49,180,2252
2025-09-01,AAPL,2025-10-03,P,138.25,138.25,0.264371,-0.5,1.44,1.49,11,1901
2025-09-01,AAPL,2025-10-03,P,129.95,138.25,0.266438,-0.25,1.45,1.5,36,655
2025-09-01,AAPL,2025-10-03,P,121.66,138.25,0.267265,-0.1,1.45,1.5,15,1953
2025-09-01,AAPL,2025-10-31,C,154.84,138.25,0.272883,0.1,1.49,1.53,125,1382
2025-09-01,AAPL,2025-10-31,C,146.54,138.25,0.273504,0.25,1.48,1.54,37,2893
2025-09-01,AAPL,2025-10-31,C,138.25,138.25,0.275571,0.5,1.5,1.55,273,2718
2025-09-01,AAPL,2025-10-31,P,138.25,138.25,0.275571,-0.5,1.5,1.55,106,3982
2025-09-01,AAPL,2025-10-31,P,129.95,138.25,0.277638,-0.25,1.51,1.56,306,4885
2025-09-01,AAPL,2025-10-31,P,121.66,138.25,0.278465,-0.1,1.52,1.56,458,2988
2025-09-02,AAPL,2025-09-27,C,153.19,136.78,0.223478,0.1,1.2,1.25,145,2996
2025-09-02,AAPL,2025-09-27,C,144.98,136.78,0.224388,0.25,1.2,1.25,153,312
2025-09-02,AAPL,2025-09-27,C,136.78,136.78,0.227422,0.5,1.22,1.26,479,483
2025-09-02,AAPL,2025-09-27,P,136.78,136.78,0.227422,-0.5,1.22,1.27,184,3058
2025-09-02,AAPL,2025-09-27,P,128.57,136.78,0.230456,-0.25,1.24,1.29,386,2282
2025-09-02,AAPL,2025-09-27,P,120.36,136.78,0.23167,-0.1,1.24,1.29,94,93
2025-09-02,AAPL,2025-10-04,C,153.19,136.78,0.226278,0.1,1.22,1.26,15,3889
2025-09-02,AAPL,2025-10-04,C,144.98,136.78,0.227188,0.25,1.21,1.27,240,2197
2025-09-02,AAPL,2025-10-04,C,136.78,136.78,0.230222,0.5,1.24,1.28,181,3995
2025-09-02,AAPL,2025-10-04,P,136.78,136.78,0.230222,-0.5,1.23,1.29,142,2074
2025-09-02,AAPL,2025-10-04,P,128.57,136.78,0.233256,-0.25,1.25,1.3,484,229
2025-09-02,AAPL,2025-10-04,P,120.36,136.78,0.23447,-0.1,1.26,1.31,297,4550
2025-09-02,AAPL,2025-11-01,C,153.19,136.78,0.237478,0.1,1.27,1.33,330,1593
2025-09-02,AAPL,2025-11-01,C,144.98,136.78,0.238388,0.25,1.28,1.33,13,4162
2025-09-02,AAPL,2025-11-01,C,136.78,136.78,0.241422,0.5,1.3,1.35,243,4100
2025-09-02,AAPL,2025-11-01,P,136.78,136.78,0.241422,-0.5,1.3,1.34,20,1749
2025-09-02,AAPL,2025-11-01,P,128.57,136.78,0.244456,-0.25,1.31,1.36,446,2328
2025-09-02,AAPL,2025-11-01,P,120.36,136.78,0.24567,-0.1,1.31,1.37,27,2586
2025-09-03,AAPL,2025-09-28,C,151.47,135.24,0.236704,0.1,1.26,1.3,28,2744
2025-09-03,AAPL,2025-09-28,C,143.36,135.24,0.236802,0.25,1.26,1.3,251,3617
2025-09-03,AAPL,2025-09-28,C,135.24,135.24,0.237129,0.5,1.26,1.31,34,1926
2025-09-03,AAPL,2025-09-28,P,135.24,135.24,0.237129,-0.5,1.26,1.31,147,313
2025-09-03,AAPL,2025-09-28,P,127.13,135.24,0.237457,-0.25,1.26,1.31,43,2529
2025-09-03,AAPL,2025-09-28,P,119.01,135.24,0.237587,-0.1,1.26,1.31,320,3599
2025-09-03,AAPL,2025-10-05,C,151.47,135.24,0.239504,0.1,1.27,1.32,121,4232
2025-09-03,AAPL,2025-10-05,C,143.36,135.24,0.239602,0.25,1.27,1.32,394,1641
2025-09-03,AAPL,2025-10-05,C,135.24,135.24,0.239929,0.5,1.27,1.33,331,2913
2025-09-03,AAPL,2025-10-05,P,135.24,135.24,0.239929,-0.5,1.27,1.32,100,2782
2025-09-03,AAPL,2025-10-05,P,127.13,135.24,0.240257,-0.25,1.27,1.33,488,958
2025-09-03,AAPL,2025-10-05,P,119.01,135.24,0.240387,-0.1,1.27,1.33,476,798
2025-09-03,AAPL,2025-11-02,C,151.47,135.24,0.250704,0.1,1.33,1.38,159,3323
2025-09-03,AAPL,2025-11-02,C,143.36,135.24,0.250802,0.25,1.33,1.38,422,1904
2025-09-03,AAPL,2025-11-02,C,135.24,135.24,0.251129,0.5,1.33,1.39,137,3866
2025-09-03,AAPL,2025-11-02,P,135.24,135.24,0.251129,-0.5,1.33,1.38,44,4750
2025-09-03,AAPL,2025-11-02,P,127.13,135.24,0.251457,-0.25,1.34,1.38,427,3942
2025-09-03,AAPL,2025-11-02,P,119.01,135.24,0.251587,-0.1,1.34,1.38,316,1436
2025-09-04,AAPL,2025-09-29,C,151.71,135.45,0.230072,0.1,1.23,1.27,363,2514
2025-09-04,AAPL,2025-09-29,C,143.58,135.45,0.228288,0.25,1.21,1.26,385,3174
2025-09-04,AAPL,2025-09-29,C,135.45,135.45,0.222341,0.5,1.18,1.23,62,626
2025-09-04,AAPL,2025-09-29,P,135.45,135.45,0.222341,-0.5,1.17,1.23,184,3294
2025-09-04,AAPL,2025-09-29,P,127.32,135.45,0.216395,-0.25,1.14,1.2,160,2454
2025-09-04,AAPL,2025-09-29,P,119.2,135.45,0.214016,-0.1,1.14,1.18,384,2876
2025-09-04,AAPL,2025-10-06,C,151.71,135.45,0.232872,0.1,1.24,1.29,367,84
2025-09-04,AAPL,2025-10-06,C,143.58,135.45,0.231088,0.25,1.22,1.28,363,3103
2025-09-04,AAPL,2025-10-06,C,135.45,135.45,0.225141,0.5,1.19,1.25,375,2474
2025-09-04,AAPL,2025-10-06,P,135.45,135.45,0.225141,-0.5,1.19,1.25,61,1294
2025-09-04,AAPL,2025-10-06,P,127.32,135.45,0.219195,-0.25,1.16,1.22,135,2009
2025-09-04,AAPL,2025-10-06,P,119.2,135.45,0.216816,-0.1,1.15,1.2,131,289
2025-09-04,AAPL,2025-11-03,C,151.71,135.45,0.244072,0.1,1.3,1.35,174,4917
2025-09-04,AAPL,2025-11-03,C,143.58,135.45,0.242288,0.25,1.28,1.34,363,3513
2025-09-04,AAPL,2025-11-03,C,135.45,135.45,0.236341,0.5,1.25,1.31,48,3616
2025-09-04,AAPL,2025-11-03,P,135.45,135.45,0.236341,-0.5,1.26,1.3,128,3010
2025-09-04,AAPL,2025-11-03,P,127.32,135.45,0.230395,-0.25,1.23,1.27,301,1116
2025-09-04,AAPL,2025-11-03,P,119.2,135.45,0.228016,-0.1,1.21,1.26,291,1017
2025-09-05,AAPL,2025-09-30,C,153.83,137.35,0.272384,0.1,1.47,1.53,417,1860
2025-09-05,AAPL,2025-09-30,C,145.59,137.35,0.270586,0.25,1.46,1.51,232,2044
2025-09-05,AAPL,2025-09-30,C,137.35,137.35,0.264592,0.5,1.43,1.48,13,1691
2025-09-05,AAPL,2025-09-30,P,137.35,137.35,0.264592,-0.5,1.43,1.48,90,1647
2025-09-05,AAPL,2025-09-30,P,129.11,137.35,0.258598,-0.25,1.4,1.44,110,570
2025-09-05,AAPL,2025-09-30,P,120.86,137.35,0.2562,-0.1,1.39,1.43,415,4529
2025-09-05,AAPL,2025-10-07,C,153.83,137.35,0.275184,0.1,1.49,1.53,44,1630
2025-09-05,AAPL,2025-10-07,C,145.59,137.35,0.273386,0.25,1.48,1.53,152,1779
2025-09-05,AAPL,2025-10-07,C,137.35,137.35,0.267392,0.5,1.44,1.49,348,226
2025-09-05,AAPL,2025-10-07,P,137.35,137.35,0.267392,-0.5,1.44,1.5,336,2821
2025-09-05,AAPL,2025-10-07,P,129.11,137.35,0.261398,-0.25,1.41,1.46,189,2840
2025-09-05,AAPL,2025-10-07,P,120.86,137.35,0.259,-0.1,1.4,1.45,62,1757
2025-09-05,AAPL,2025-11-04,C,153.83,137.35,0.286384,0.1,1.55,1.6,210,2505
2025-09-05,AAPL,2025-11-04,C,145.59,137.35,0.284586,0.25,1.54,1.58,449,1647
2025-09-05,AAPL,2025-11-04,C,137.35,137.35,0.278592,0.5,1.5,1.56,485,552
2025-09-05,AAPL,2025-11-04,P,137.35,137.35,0.278592,-0.5,1.51,1.55,438,3264
2025-09-05,AAPL,2025-11-04,P,129.11,137.35,0.272598,-0.25,1.47,1.52,47,4011
2025-09-05,AAPL,2025-11-04,P,120.86,137.35,0.2702,-0.1,1.46,1.51,365,4785
2025-09-08,AAPL,2025-10-03,C,154.04,137.54,0.23804,0.1,1.29,1.33,397,3046
2025-09-08,AAPL,2025-10-03,C,145.79,137.54,0.236516,0.25,1.27,1.33,139,3115
2025-09-08,AAPL,2025-10-03,C,137.54,137.54,0.231436,0.5,1.25,1.3,487,328
2025-09-08,AAPL,2025-10-03,P,137.54,137.54,0.231436,-0.5,1.25,1.3,112,780
2025-09-08,AAPL,2025-10-03,P,129.29,137.54,0.226357,-0.25,1.22,1.27,416,4632
2025-09-08,AAPL,2025-10-03,P,121.03,137.54,0.224325,-0.1,1.21,1.25,432,3013
2025-09-08,AAPL,2025-10-10,C,154.04,137.54,0.24084,0.1,1.3,1.35,205,1806
2025-09-08,AAPL,2025-10-10,C,145.79,137.54,0.239316,0.25,1.29,1.34,358,3481
2025-09-08,AAPL,2025-10-10,C,137.54,137.54,0.234236,0.5,1.27,1.31,36,2393
2025-09-08,AAPL,2025-10-10,P,137.54,137.54,0.234236,-0.5,1.26,1.32,134,3729
2025-09-08,AAPL,2025-10-10,P,129.29,137.54,0.229157,-0.25,1.23,1.29,404,4936
2025-09-08,AAPL,2025-10-10,P,121.03,137.54,0.227125,-0.1,1.23,1.27,218,3737
2025-09-08,AAPL,2025-11-07,C,154.04,137.54,0.25204,0.1,1.36,1.41,286,3336
2025-09-08,AAPL,2025-11-07,C,145.79,137.54,0.250516,0.25,1.35,1.41,36,3751
2025-09-08,AAPL,2025-11-07,C,137.54,137.54,0.245436,0.5,1.32,1.38,461,1753
2025-09-08,AAPL,2025-11-07,P,137.54,137.54,0.245436,-0.5,1.32,1.38,46,1408
2025-09-08,AAPL,2025-11-07,P,129.29,137.54,0.240357,-0.25,1.3,1.35,303,3758
2025-09-08,AAPL,2025-11-07,P,121.03,137.54,0.238325,-0.1,1.28,1.34,293,2106
2025-09-09,AAPL,2025-10-04,C,153.88,137.4,0.240767,0.1,1.3,1.35,112,853
2025-09-09,AAPL,2025-10-04,C,145.64,137.4,0.23963,0.25,1.29,1.34,258,4561
2025-09-09,AAPL,2025-10-04,C,137.4,137.4,0.23584,0.5,1.27,1.32,25,4874
2025-09-09,AAPL,2025-10-04,P,137.4,137.4,0.23584,-0.5,1.27,1.32,207,3618
2025-09-09,AAPL,2025-10-04,P,129.15,137.4,0.232051,-0.25,1.25,1.3,136,3487
2025-09-09,AAPL,2025-10-04,P,120.91,137.4,0.230535,-0.1,1.24,1.29,23,3536
2025-09-09,AAPL,2025-10-11,C,153.88,137.4,0.243567,0.1,1.31,1.37,441,2821
2025-09-09,AAPL,2025-10-11,C,145.64,137.4,0.24243,0.25,1.31,1.35,437,1361
2025-09-09,AAPL,2025-10-11,C,137.4,137.4,0.23864,0.5,1.28,1.34,469,2475
2025-09-09,AAPL,2025-10-11,P,137.4,137.4,0.23864,-0.5,1.29,1.34,146,2986
2025-09-09,AAPL,2025-10-11,P,129.15,137.4,0.234851,-0.25,1.27,1.31,386,3871
2025-09-09,AAPL,2025-10-11,P,120.91,137.4,0.233335,-0.1,1.26,1.31,460,3574
2025-09-09,AAPL,2025-11-08,C,153.88,137.4,0.254767,0.1,1.37,1.43,418,4452
2025-09-09,AAPL,2025-11-08,C,145.64,137.4,0.25363,0.25,1.37,1.42,355,4835
2025-09-09,AAPL,2025-11-08,C,137.4,137.4,0.24984,0.5,1.35,1.39,442,3163
2025-09-09,AAPL,2025-11-08,P,137.4,137.4,0.24984,-0.5,1.35,1.4,17,2391
2025-09-09,AAPL,2025-11-08,P,129.15,137.4,0.246051,-0.25,1.33,1.38,484,2754
2025-09-09,AAPL,2025-11-08,P,120.91,137.4,0.244535,-0.1,1.32,1.37,122,4546
2025-09-10,AAPL,2025-10-05,C,154.27,137.74,0.219154,0.1,1.19,1.23,390,2886
2025-09-10,AAPL,2025-10-05,C,146.0,137.74,0.218468,0.25,1.18,1.23,333,488
2025-09-10,AAPL,2025-10-05,C,137.74,137.74,0.21618,0.5,1.17,1.22,114,2693
2025-09-10,AAPL,2025-10-05,P,137.74,137.74,0.21618,-0.5,1.17,1.21,262,2992
2025-09-10,AAPL,2025-10-05,P,129.47,137.74,0.213893,-0.25,1.15,1.2,368,3870
2025-09-10,AAPL,2025-10-05,P,121.21,137.74,0.212978,-0.1,1.15,1.2,352,1251
2025-09-10,AAPL,2025-10-12,C,154.27,137.74,0.221954,0.1,1.19,1.25,147,2810
2025-09-10,AAPL,2025-10-12,C,146.0,137.74,0.221268,0.25,1.2,1.24,352,4105
2025-09-10,AAPL,2025-10-12,C,137.74,137.74,0.21898,0.5,1.18,1.23,378,3932
2025-09-10,AAPL,2025-10-12,P,137.74,137.74,0.21898,-0.5,1.18,1.23,313,4844
2025-09-10,AAPL,2025-10-12,P,129.47,137.74,0.216693,-0.25,1.16,1.22,286,1379
2025-09-10,AAPL,2025-10-12,P,121.21,137.74,0.215778,-0.1,1.16,1.22,498,1591
2025-09-10,AAPL,2025-11-09,C,154.27,137.74,0.233154,0.1,1.26,1.31,96,2992
2025-09-10,AAPL,2025-11-09,C,146.0,137.74,0.232468,0.25,1.26,1.3,40,35
2025-09-10,AAPL,2025-11-09,C,137.74,137.74,0.23018,0.5,1.25,1.29,466,648
2025-09-10,AAPL,2025-11-09,P,137.74,137.74,0.23018,-0.5,1.25,1.29,381,4535
2025-09-10,AAPL,2025-11-09,P,129.47,137.74,0.227893,-0.25,1.23,1.28,387,3986
2025-09-10,AAPL,2025-11-09,P,121.21,137.74,0.226978,-0.1,1.22,1.28,433,3677
2025-09-11,AAPL,2025-10-06,C,156.02,139.31,0.246285,0.1,1.34,1.4,259,3712
2025-09-11,AAPL,2025-10-06,C,147.66,139.31,0.245319,0.25,1.34,1.39,45,4508
2025-09-11,AAPL,2025-10-06,C,139.31,139.31,0.242096,0.5,1.32,1.38,95,2647
2025-09-11,AAPL,2025-10-06,P,139.31,139.31,0.242096,-0.5,1.32,1.38,374,2277
2025-09-11,AAPL,2025-10-06,P,130.95,139.31,0.238874,-0.25,1.3,1.36,60,278
2025-09-11,AAPL,2025-10-06,P,122.59,139.31,0.237585,-0.1,1.3,1.34,286,2646
2025-09-11,AAPL,2025-10-13,C,156.02,139.31,0.249085,0.1,1.37,1.41,459,4882
2025-09-11,AAPL,2025-10-13,C,147.66,139.31,0.248119,0.25,1.36,1.4,198,3593
2025-09-11,AAPL,2025-10-13,C,139.31,139.31,0.244896,0.5,1.34,1.39,411,4838
2025-09-11,AAPL,2025-10-13,P,139.31,139.31,0.244896,-0.5,1.34,1.39,263,146
2025-09-11,AAPL,2025-10-13,P,130.95,139.31,0.241674,-0.25,1.33,1.37,18,2771
2025-09-11,AAPL,2025-10-13,P,122.59,139.31,0.240385,-0.1,1.31,1.37,254,4899
2025-09-11,AAPL,2025-11-10,C,156.02,139.31,0.260285,0.1,1.43,1.47,463,2418
2025-09-11,AAPL,2025-11-10,C,147.66,139.31,0.259319,0.25,1.42,1.47,107,2615
2025-09-11,AAPL,2025-11-10,C,139.31,139.31,0.256096,0.5,1.4,1.45,40,1262
2025-09-11,AAPL,2025-11-10,P,139.31,139.31,0.256096,-0.5,1.4,1.45,491,4499
2025-09-11,AAPL,2025-11-10,P,130.95,139.31,0.252874,-0.25,1.39,1.43,301,1152
2025-09-11,AAPL,2025-11-10,P,122.59,139.31,0.251585,-0.1,1.38,1.42,228,628
2025-09-12,AAPL,2025-10-07,C,156.32,139.57,0.239679,0.1,1.31,1.36,90,522
2025-09-12,AAPL,2025-10-07,C,147.94,139.57,0.240947,0.25,1.32,1.37,131,4436
2025-09-12,AAPL,2025-10-07,C,139.57,139.57,0.245174,0.5,1.34,1.4,57,3304
2025-09-12,AAPL,2025-10-07,P,139.57,139.57,0.245174,-0.5,1.35,1.39,202,435
2025-09-12,AAPL,2025-10-07,P,131.2,139.57,0.249402,-0.25,1.37,1.41,50,4810
2025-09-12,AAPL,2025-10-07,P,122.82,139.57,0.251093,-0.1,1.37,1.43,77,1915
2025-09-12,AAPL,2025-10-14,C,156.32,139.57,0.242479,0.1,1.33,1.38,208,2554
2025-09-12,AAPL,2025-10-14,C,147.94,139.57,0.243747,0.25,1.34,1.38,489,4898
2025-09-12,AAPL,2025-10-14,C,139.57,139.57,0.247974,0.5,1.36,1.41,266,1852
2025-09-12,AAPL,2025-10-14,P,139.57,139.57,0.247974,-0.5,1.36,1.41,20,634
2025-09-12,AAPL,2025-10-14,P,131.2,139.57,0.252202,-0.25,1.38,1.43,158,4285
2025-09-12,AAPL,2025-10-14,P,122.82,139.57,0.253893,-0.1,1.4,1.44,472,2924
2025-09-12,AAPL,2025-11-11,C,156.32,139.57,0.253679,0.1,1.39,1.44,221,860
2025-09-12,AAPL,2025-11-11,C,147.94,139.57,0.254947,0.25,1.4,1.44,35,1373
2025-09-12,AAPL,2025-11-11,C,139.57,139.57,0.259174,0.5,1.43,1.47,192,1890
2025-09-12,AAPL,2025-11-11,P,139.57,139.57,0.259174,-0.5,1.42,1.48,441,3601
2025-09-12,AAPL,2025-11-11,P,131.2,139.57,0.263402,-0.25,1.44,1.5,175,2140
2025-09-12,AAPL,2025-11-11,P,122.82,139.57,0.265093,-0.1,1.45,1.51,47,3330
2025-09-15,AAPL,2025-10-10,C,155.77,139.08,0.221035,0.1,1.21,1.25,199,2653
2025-09-15,AAPL,2025-10-10,C,147.42,139.08,0.222007,0.25,1.21,1.26,197,2314
2025-09-15,AAPL,2025-10-10,C,139.08,139.08,0.225247,0.5,1.23,1.28,226,4967
2025-09-15,AAPL,2025-10-10,P,139.08,139.08,0.225247,-0.5,1.23,1.27,142,4779
2025-09-15,AAPL,2025-10-10,P,130.73,139.08,0.228487,-0.25,1.24,1.3,127,4196
2025-09-15,AAPL,2025-10-10,P,122.39,139.08,0.229783,-0.1,1.25,1.31,440,1048
2025-09-15,AAPL,2025-10-17,C,155.77,139.08,0.223835,0.1,1.22,1.27,365,3786
2025-09-15,AAPL,2025-10-17,C,147.42,139.08,0.224807,0.25,1.22,1.28,107,1365
2025-09-15,AAPL,2025-10-17,C,139.08,139.08,0.228047,0.5,1.25,1.29,489,1647
2025-09-15,AAPL,2025-10-17,P,139.08,139.08,0.228047,-0.5,1.24,1.29,356,2873
2025-09-15,AAPL,2025-10-17,P,130.73,139.08,0.231287,-0.25,1.26,1.32,248,3847
2025-09-15,AAPL,2025-10-17,P,122.39,139.08,0.232583,-0.1,1.27,1.32,18,1324
2025-09-15,AAPL,2025-11-14,C,155.77,139.08,0.235035,0.1,1.28,1.33,143,1683
2025-09-15,AAPL,2025-11-14,C,147.42,139.08,0.236007,0.25,1.29,1.34,391,61
2025-09-15,AAPL,2025-11-14,C,139.08,139.08,0.239247,0.5,1.31,1.35,404,1288
2025-09-15,AAPL,2025-11-14,P,139.08,139.08,0.239247,-0.5,1.31,1.36,425,320
2025-09-15,AAPL,2025-11-14,P,130.73,139.08,0.242487,-0.25,1.33,1.37,180,233
2025-09-15,AAPL,2025-11-14,P,122.39,139.08,0.243783,-0.1,1.33,1.38,490,2845
2025-09-16,AAPL,2025-10-11,C,157.25,140.4,0.244051,0.1,1.35,1.39,465,4790
2025-09-16,AAPL,2025-10-11,C,148.83,140.4,0.245469,0.25,1.35,1.4,352,3398
2025-09-16,AAPL,2025-10-11,C,140.4,140.4,0.250196,0.5,1.38,1.43,388,4034
2025-09-16,AAPL,2025-10-11,P,140.4,140.4,0.250196,-0.5,1.38,1.43,293,1919
2025-09-16,AAPL,2025-10-11,P,131.98,140.4,0.254922,-0.25,1.4,1.46,443,1157
2025-09-16,AAPL,2025-10-11,P,123.56,140.4,0.256812,-0.1,1.42,1.47,382,2001
2025-09-16,AAPL,2025-10-18,C,157.25,140.4,0.246851,0.1,1.37,1.41,146,4778
2025-09-16,AAPL,2025-10-18,C,148.83,140.4,0.248269,0.25,1.37,1.42,109,1461
2025-09-16,AAPL,2025-10-18,C,140.4,140.4,0.252996,0.5,1.39,1.45,438,1592
2025-09-16,AAPL,2025-10-18,P,140.4,140.4,0.252996,-0.5,1.4,1.45,422,4257
2025-09-16,AAPL,2025-10-18,P,131.98,140.4,0.257722,-0.25,1.42,1.47,487,2258
2025-09-16,AAPL,2025-10-18,P,123.56,140.4,0.259612,-0.1,1.43,1.48,468,661
2025-09-16,AAPL,2025-11-15,C,157.25,140.4,0.258051,0.1,1.43,1.47,13,1553
2025-09-16,AAPL,2025-11-15,C,148.83,140.4,0.259469,0.25,1.43,1.48,283,688
2025-09-16,AAPL,2025-11-15,C,140.4,140.4,0.264196,0.5,1.46,1.51,135,3559
2025-09-16,AAPL,2025-11-15,P,140.4,140.4,0.264196,-0.5,1.46,1.51,301,2115
2025-09-16,AAPL,2025-11-15,P,131.98,140.4,0.268922,-0.25,1.48,1.54,125,3829
2025-09-16,AAPL,2025-11-15,P,123.56,140.4,0.270812,-0.1,1.5,1.54,396,4261
2025-09-17,AAPL,2025-10-12,C,157.83,140.92,0.271395,0.1,1.51,1.55,175,3821
2025-09-17,AAPL,2025-10-12,C,149.37,140.92,0.271987,0.25,1.51,1.56,154,3008
2025-09-17,AAPL,2025-10-12,C,140.92,140.92,0.273961,0.5,1.52,1.57,41,3676
2025-09-17,AAPL,2025-10-12,P,140.92,140.92,0.273961,-0.5,1.51,1.57,419,2896
2025-09-17,AAPL,2025-10-12,P,132.46,140.92,0.275934,-0.25,1.53,1.58,72,3723
2025-09-17,AAPL,2025-10-12,P,124.01,140.92,0.276724,-0.1,1.53,1.59,432,4773
2025-09-17,AAPL,2025-10-19,C,157.83,140.92,0.274195,0.1,1.52,1.57,63,835
2025-09-17,AAPL,2025-10-19,C,149.37,140.92,0.274787,0.25,1.52,1.57,176,2251
2025-09-17,AAPL,2025-10-19,C,140.92,140.92,0.276761,0.5,1.53,1.59,213,3992
2025-09-17,AAPL,2025-10-19,P,140.92,140.92,0.276761,-0.5,1.53,1.59,31,2092
2025-09-17,AAPL,2025-10-19,P,132.46,140.92,0.278734,-0.25,1.54,1.6,329,992
2025-09-17,AAPL,2025-10-19,P,124.01,140.92,0.279524,-0.1,1.55,1.6,232,118
2025-09-17,AAPL,2025-11-16,C,157.83,140.92,0.285395,0.1,1.58,1.63,130,2731
2025-09-17,AAPL,2025-11-16,C,149.37,140.92,0.285987,0.25,1.58,1.64,95,3250
2025-09-17,AAPL,2025-11-16,C,140.92,140.92,0.287961,0.5,1.6,1.65,70,38
2025-09-17,AAPL,2025-11-16,P,140.92,140.92,0.287961,-0.5,1.6,1.64,441,4865
2025-09-17,AAPL,2025-11-16,P,132.46,140.92,0.289934,-0.25,1.61,1.66,293,1632
2025-09-17,AAPL,2025-11-16,P,124.01,140.92,0.290724,-0.1,1.62,1.66,420,2187
2025-09-18,AAPL,2025-10-13,C,159.89,142.76,0.247452,0.1,1.39,1.44,114,345
2025-09-18,AAPL,2025-10-13,C,151.33,142.76,0.247719,0.25,1.39,1.44,497,1310
2025-09-18,AAPL,2025-10-13,C,142.76,142.76,0.248606,0.5,1.4,1.44,152,823
2025-09-18,AAPL,2025-10-13,P,142.76,142.76,0.248606,-0.5,1.39,1.45,175,2637
2025-09-18,AAPL,2025-10-13,P,134.2,142.76,0.249493,-0.25,1.4,1.45,346,2773
2025-09-18,AAPL,2025-10-13,P,125.63,142.76,0.249848,-0.1,1.4,1.45,195,3981
2025-09-18,AAPL,2025-10-20,C,159.89,142.76,0.250252,0.1,1.4,1.46,307,662
2025-09-18,AAPL,2025-10-20,C,151.33,142.76,0.250519,0.25,1.4,1.46,128,3526
2025-09-18,AAPL,2025-10-20,C,142.76,142.76,0.251406,0.5,1.41,1.46,46,1877
2025-09-18,AAPL,2025-10-20,P,142.76,142.76,0.251406,-0.5,1.41,1.46,439,38
2025-09-18,AAPL,2025-10-20,P,134.2,142.76,0.252293,-0.25,1.41,1.47,437,3036
2025-09-18,AAPL,2025-10-20,P,125.63,142.76,0.252648,-0.1,1.42,1.47,306,2723
2025-09-18,AAPL,2025-11-17,C,159.89,142.76,0.261452,0.1,1.47,1.51,448,876
2025-09-18,AAPL,2025-11-17,C,151.33,142.76,0.261719,0.25,1.47,1.52,288,2576
2025-09-18,AAPL,2025-11-17,C,142.76,142.76,0.262606,0.5,1.47,1.53,470,3297
2025-09-18,AAPL,2025-11-17,P,142.76,142.76,0.262606,-0.5,1.47,1.53,271,4078
2025-09-18,AAPL,2025-11-17,P,134.2,142.76,0.263493,-0.25,1.48,1.53,455,3457
2025-09-18,AAPL,2025-11-17,P,125.63,142.76,0.263848,-0.1,1.48,1.53,463,1383
2025-09-19,AAPL,2025-10-14,C,160.14,142.98,0.258361,0.1,1.46,1.5,221,998
2025-09-19,AAPL,2025-10-14,C,151.56,142.98,0.257644,0.25,1.45,1.5,396,686
2025-09-19,AAPL,2025-10-14,C,142.98,142.98,0.255253,0.5,1.43,1.49,353,534
2025-09-19,AAPL,2025-10-14,P,142.98,142.98,0.255253,-0.5,1.44,1.48,119,1603
2025-09-19,AAPL,2025-10-14,P,134.4,142.98,0.252863,-0.25,1.42,1.47,391,4943
2025-09-19,AAPL,2025-10-14,P,125.82,142.98,0.251907,-0.1,1.42,1.46,48,1118
2025-09-19,AAPL,2025-10-21,C,160.14,142.98,0.261161,0.1,1.47,1.52,323,1875
2025-09-19,AAPL,2025-10-21,C,151.56,142.98,0.260444,0.25,1.46,1.52,293,3911
2025-09-19,AAPL,2025-10-21,C,142.98,142.98,0.258053,0.5,1.45,1.5,264,3133
2025-09-19,AAPL,2025-10-21,P,142.98,142.98,0.258053,-0.5,1.45,1.5,187,4234
2025-09-19,AAPL,2025-10-21,P,134.4,142.98,0.255663,-0.25,1.44,1.49,52,1456
2025-09-19,AAPL,2025-10-21,P,125.82,142.98,0.254707,-0.1,1.43,1.48,335,4102
2025-09-19,AAPL,2025-11-18,C,160.14,142.98,0.272361,0.1,1.53,1.58,350,4936
2025-09-19,AAPL,2025-11-18,C,151.56,142.98,0.271644,0.25,1.52,1.58,4,992
2025-09-19,AAPL,2025-11-18,C,142.98,142.98,0.269253,0.5,1.51,1.57,486,3008
2025-09-19,AAPL,2025-11-18,P,142.98,142.98,0.269253,-0.5,1.51,1.57,256,2574
2025-09-19,AAPL,2025-11-18,P,134.4,142.98,0.266863,-0.25,1.5,1.55,178,3058
2025-09-19,AAPL,2025-11-18,P,125.82,142.98,0.265907,-0.1,1.5,1.55,306,253
2025-09-22,AAPL,2025-10-17,C,158.49,141.51,0.226012,0.1,1.25,1.31,448,3561
2025-09-22,AAPL,2025-10-17,C,150.0,141.51,0.225621,0.25,1.26,1.3,377,4421
2025-09-22,AAPL,2025-10-17,C,141.51,141.51,0.224315,0.5,1.24,1.3,465,2737
2025-09-22,AAPL,2025-10-17,P,141.51,141.51,0.224315,-0.5,1.25,1.29,378,2816
2025-09-22,AAPL,2025-10-17,P,133.02,141.51,0.22301,-0.25,1.24,1.28,484,1608
2025-09-22,AAPL,2025-10-17,P,124.53,141.51,0.222488,-0.1,1.23,1.29,182,4565
2025-09-22,AAPL,2025-10-24,C,158.49,141.51,0.228812,0.1,1.27,1.32,134,4301
2025-09-22,AAPL,2025-10-24,C,150.0,141.51,0.228421,0.25,1.26,1.32,173,115
2025-09-22,AAPL,2025-10-24,C,141.51,141.51,0.227115,0.5,1.26,1.31,422,3552
2025-09-22,AAPL,2025-10-24,P,141.51,141.51,0.227115,-0.5,1.26,1.31,41,1968
2025-09-22,AAPL,2025-10-24,P,133.02,141.51,0.22581,-0.25,1.25,1.3,267,3064
2025-09-22,AAPL,2025-10-24,P,124.53,141.51,0.225288,-0.1,1.25,1.3,80,3596
2025-09-22,AAPL,2025-11-21,C,158.49,141.51,0.240012,0.1,1.34,1.38,362,799
2025-09-22,AAPL,2025-11-21,C,150.0,141.51,0.239621,0.25,1.34,1.38,74,4663
2025-09-22,AAPL,2025-11-21,C,141.51,141.51,0.238315,0.5,1.32,1.38,174,3989
2025-09-22,AAPL,2025-11-21,P,141.51,141.51,0.238315,-0.5,1.33,1.37,165,2875
2025-09-22,AAPL,2025-11-21,P,133.02,141.51,0.23701,-0.25,1.32,1.36,94,1848
2025-09-22,AAPL,2025-11-21,P,124.53,141.51,0.236488,-0.1,1.32,1.36,65,4146
2025-09-23,AAPL,2025-10-18,C,156.65,139.87,0.238562,0.1,1.31,1.36,314,4919
2025-09-23,AAPL,2025-10-18,C,148.26,139.87,0.238035,0.25,1.3,1.36,17,405
2025-09-23,AAPL,2025-10-18,C,139.87,139.87,0.236279,0.5,1.29,1.35,200,3218
2025-09-23,AAPL,2025-10-18,P,139.87,139.87,0.236279,-0.5,1.3,1.35,375,3301
2025-09-23,AAPL,2025-10-18,P,131.48,139.87,0.234522,-0.25,1.28,1.34,463,2390
2025-09-23,AAPL,2025-10-18,P,123.09,139.87,0.23382,-0.1,1.28,1.33,400,2267
2025-09-23,AAPL,2025-10-25,C,156.65,139.87,0.241362,0.1,1.33,1.37,405,3937
2025-09-23,AAPL,2025-10-25,C,148.26,139.87,0.240835,0.25,1.33,1.37,86,1978
2025-09-23,AAPL,2025-10-25,C,139.87,139.87,0.239079,0.5,1.31,1.36,279,1407
2025-09-23,AAPL,2025-10-25,P,139.87,139.87,0.239079,-0.5,1.31,1.36,361,3093
2025-09-23,AAPL,2025-10-25,P,131.48,139.87,0.237322,-0.25,1.3,1.35,292,870
2025-09-23,AAPL,2025-10-25,P,123.09,139.87,0.23662,-0.1,1.3,1.35,13,4854
2025-09-23,AAPL,2025-11-22,C,156.65,139.87,0.252562,0.1,1.39,1.44,333,1641
2025-09-23,AAPL,2025-11-22,C,148.26,139.87,0.252035,0.25,1.39,1.43,363,193
2025-09-23,AAPL,2025-11-22,C,139.87,139.87,0.250279,0.5,1.38,1.42,483,4651
2025-09-23,AAPL,2025-11-22,P,139.87,139.87,0.250279,-0.5,1.37,1.43,271,1752
2025-09-23,AAPL,2025-11-22,P,131.48,139.87,0.248522,-0.25,1.36,1.42,193,2149
2025-09-23,AAPL,2025-11-22,P,123.09,139.87,0.24782,-0.1,1.36,1.41,317,2137
2025-09-24,AAPL,2025-10-19,C,158.87,141.85,0.260914,0.1,1.45,1.51,216,1812
2025-09-24,AAPL,2025-10-19,C,150.36,141.85,0.259812,0.25,1.45,1.5,281,1951
2025-09-24,AAPL,2025-10-19,C,141.85,141.85,0.256138,0.5,1.42,1.48,100,3215
2025-09-24,AAPL,2025-10-19,P,141.85,141.85,0.256138,-0.5,1.43,1.48,16,669
2025-09-24,AAPL,2025-10-19,P,133.34,141.85,0.252465,-0.25,1.4,1.46,65,2738
2025-09-24,AAPL,2025-10-19,P,124.83,141.85,0.250995,-0.1,1.4,1.45,316,4390
2025-09-24,AAPL,2025-10-26,C,158.87,141.85,0.263714,0.1,1.48,1.52,180,1577
2025-09-24,AAPL,2025-10-26,C,150.36,141.85,0.262612,0.25,1.46,1.52,9,1705
2025-09-24,AAPL,2025-10-26,C,141.85,141.85,0.258938,0.5,1.44,1.49,281,1328
2025-09-24,AAPL,2025-10-26,P,141.85,141.85,0.258938,-0.5,1.45,1.49,41,193
2025-09-24,AAPL,2025-10-26,P,133.34,141.85,0.255265,-0.25,1.43,1.47,287,4765
2025-09-24,AAPL,2025-10-26,P,124.83,141.85,0.253795,-0.1,1.41,1.47,59,2449
2025-09-24,AAPL,2025-11-23,C,158.87,141.85,0.274914,0.1,1.54,1.58,413,3545
2025-09-24,AAPL,2025-11-23,C,150.36,141.85,0.273812,0.25,1.53,1.58,9,1387
2025-09-24,AAPL,2025-11-23,C,141.85,141.85,0.270138,0.5,1.51,1.56,286,2400
2025-09-24,AAPL,2025-11-23,P,141.85,141.85,0.270138,-0.5,1.51,1.56,357,4486
2025-09-24,AAPL,2025-11-23,P,133.34,141.85,0.266465,-0.25,1.48,1.54,210,929
2025-09-24,AAPL,2025-11-23,P,124.83,141.85,0.264995,-0.1,1.48,1.52,477,855
2025-09-25,AAPL,2025-10-20,C,161.19,143.92,0.239801,0.1,1.35,1.41,454,4627
2025-09-25,AAPL,2025-10-20,C,152.55,143.92,0.237404,0.25,1.34,1.39,22,4203
2025-09-25,AAPL,2025-10-20,C,143.92,143.92,0.229412,0.5,1.3,1.35,36,4115
2025-09-25,AAPL,2025-10-20,P,143.92,143.92,0.229412,-0.5,1.3,1.35,330,738
2025-09-25,AAPL,2025-10-20,P,135.28,143.92,0.221419,-0.25,1.25,1.3,479,4786
2025-09-25,AAPL,2025-10-20,P,126.65,143.92,0.218222,-0.1,1.23,1.28,203,1759
2025-09-25,AAPL,2025-10-27,C,161.19,143.92,0.242601,0.1,1.37,1.42,308,1900
2025-09-25,AAPL,2025-10-27,C,152.55,143.92,0.240204,0.25,1.35,1.41,103,322
2025-09-25,AAPL,2025-10-27,C,143.92,143.92,0.232212,0.5,1.32,1.36,116,3950
2025-09-25,AAPL,2025-10-27,P,143.92,143.92,0.232212,-0.5,1.31,1.36,388,651
2025-09-25,AAPL,2025-10-27,P,135.28,143.92,0.224219,-0.25,1.27,1.31,250,1128
2025-09-25,AAPL,2025-10-27,P,126.65,143.92,0.221022,-0.1,1.25,1.29,100,80
2025-09-25,AAPL,2025-11-24,C,161.19,143.92,0.253801,0.1,1.44,1.48,114,3694
2025-09-25,AAPL,2025-11-24,C,152.55,143.92,0.251404,0.25,1.42,1.48,478,4492
2025-09-25,AAPL,2025-11-24,C,143.92,143.92,0.243412,0.5,1.38,1.43,324,1603
2025-09-25,AAPL,2025-11-24,P,143.92,143.92,0.243412,-0.5,1.37,1.43,99,3849
2025-09-25,AAPL,2025-11-24,P,135.28,143.92,0.235419,-0.25,1.33,1.38,178,1281
2025-09-25,AAPL,2025-11-24,P,126.65,143.92,0.232222,-0.1,1.31,1.36,373,2581
2025-09-26,AAPL,2025-10-21,C,160.95,143.7,0.233896,0.1,1.32,1.36,11,4797
2025-09-26,AAPL,2025-10-21,C,152.33,143.7,0.232118,0.25,1.31,1.36,453,2949
2025-09-26,AAPL,2025-10-21,C,143.7,143.7,0.226193,0.5,1.28,1.32,405,3827
2025-09-26,AAPL,2025-10-21,P,143.7,143.7,0.226193,-0.5,1.27,1.33,363,484
2025-09-26,AAPL,2025-10-21,P,135.08,143.7,0.220268,-0.25,1.24,1.29,312,3294
2025-09-26,AAPL,2025-10-21,P,126.46,143.7,0.217898,-0.1,1.22,1.28,223,1038
2025-09-26,AAPL,2025-10-28,C,160.95,143.7,0.236696,0.1,1.33,1.39,353,2312
2025-09-26,AAPL,2025-10-28,C,152.33,143.7,0.234918,0.25,1.33,1.37,77,537
2025-09-26,AAPL,2025-10-28,C,143.7,143.7,0.228993,0.5,1.29,1.34,64,1420
2025-09-26,AAPL,2025-10-28,P,143.7,143.7,0.228993,-0.5,1.29,1.34,77,3746
2025-09-26,AAPL,2025-10-28,P,135.08,143.7,0.223068,-0.25,1.26,1.3,345,4963
2025-09-26,AAPL,2025-10-28,P,126.46,143.7,0.220698,-0.1,1.25,1.29,155,3000
2025-09-26,AAPL,2025-11-25,C,160.95,143.7,0.247896,0.1,1.4,1.45,466,4164
2025-09-26,AAPL,2025-11-25,C,152.33,143.7,0.246118,0.25,1.39,1.44,367,3580
2025-09-26,AAPL,2025-11-25,C,143.7,143.7,0.240193,0.5,1.36,1.4,439,58
2025-09-26,AAPL,2025-11-25,P,143.7,143.7,0.240193,-0.5,1.36,1.41,498,456
2025-09-26,AAPL,2025-11-25,P,135.08,143.7,0.234268,-0.25,1.32,1.37,49,1126
2025-09-26,AAPL,2025-11-25,P,126.46,143.7,0.231898,-0.1,1.3,1.36,194,4401
2025-09-29,AAPL,2025-10-24,C,160.43,143.24,0.25998,0.1,1.46,1.52,366,778
2025-09-29,AAPL,2025-10-24,C,151.84,143.24,0.259003,0.25,1.46,1.5,368,3272
2025-09-29,AAPL,2025-10-24,C,143.24,143.24,0.255747,0.5,1.44,1.49,184,1853
2025-09-29,AAPL,2025-10-24,P,143.24,143.24,0.255747,-0.5,1.44,1.49,170,2450
2025-09-29,AAPL,2025-10-24,P,134.65,143.24,0.25249,-0.25,1.42,1.47,319,1577
2025-09-29,AAPL,2025-10-24,P,126.05,143.24,0.251188,-0.1,1.42,1.46,52,3019
2025-09-29,AAPL,2025-10-31,C,160.43,143.24,0.26278,0.1,1.48,1.54,142,2697
2025-09-29,AAPL,2025-10-31,C,151.84,143.24,0.261803,0.25,1.47,1.53,312,4036
2025-09-29,AAPL,2025-10-31,C,143.24,143.24,0.258547,0.5,1.46,1.5,178,3269
2025-09-29,AAPL,2025-10-31,P,143.24,143.24,0.258547,-0.5,1.46,1.51,87,2866
2025-09-29,AAPL,2025-10-31,P,134.65,143.24,0.25529,-0.25,1.44,1.48,296,4532
2025-09-29,AAPL,2025-10-31,P,126.05,143.24,0.253988,-0.1,1.43,1.48,176,27
2025-09-29,AAPL,2025-11-28,C,160.43,143.24,0.27398,0.1,1.55,1.59,5,909
2025-09-29,AAPL,2025-11-28,C,151.84,143.24,0.273003,0.25,1.54,1.59,138,2994
2025-09-29,AAPL,2025-11-28,C,143.24,143.24,0.269747,0.5,1.52,1.57,494,4071
2025-09-29,AAPL,2025-11-28,P,143.24,143.24,0.269747,-0.5,1.52,1.57,407,2309
2025-09-29,AAPL,2025-11-28,P,134.65,143.24,0.26649,-0.25,1.5,1.55,223,2611
2025-09-29,AAPL,2025-11-28,P,126.05,143.24,0.265188,-0.1,1.49,1.54,220,1380
2025-09-30,AAPL,2025-10-25,C,162.4,145.0,0.235424,0.1,1.34,1.39,264,2519
2025-09-30,AAPL,2025-10-25,C,153.7,145.0,0.23524,0.25,1.34,1.39,12,2755
2025-09-30,AAPL,2025-10-25,C,145.0,145.0,0.234626,0.5,1.33,1.39,189,1475
2025-09-30,AAPL,2025-10-25,P,145.0,145.0,0.234626,-0.5,1.33,1.39,198,1328
2025-09-30,AAPL,2025-10-25,P,136.3,145.0,0.234012,-0.25,1.34,1.38,234,812
2025-09-30,AAPL,2025-10-25,P,127.6,145.0,0.233767,-0.1,1.34,1.38,94,4735
2025-09-30,AAPL,2025-11-01,C,162.4,145.0,0.238224,0.1,1.35,1.41,134,3813
2025-09-30,AAPL,2025-11-01,C,153.7,145.0,0.23804,0.25,1.36,1.4,9,4495
2025-09-30,AAPL,2025-11-01,C,145.0,145.0,0.237426,0.5,1.35,1.4,463,1667
2025-09-30,AAPL,2025-11-01,P,145.0,145.0,0.237426,-0.5,1.35,1.4,271,3312
2025-09-30,AAPL,2025-11-01,P,136.3,145.0,0.236812,-0.25,1.35,1.39,38,2512
2025-09-30,AAPL,2025-11-01,P,127.6,145.0,0.236567,-0.1,1.34,1.4,286,949
2025-09-30,AAPL,2025-11-29,C,162.4,145.0,0.249424,0.1,1.42,1.47,491,2667
2025-09-30,AAPL,2025-11-29,C,153.7,145.0,0.24924,0.25,1.42,1.47,181,4822
2025-09-30,AAPL,2025-11-29,C,145.0,145.0,0.248626,0.5,1.41,1.47,374,3111
2025-09-30,AAPL,2025-11-29,P,145.0,145.0,0.248626,-0.5,1.42,1.47,65,3019
2025-09-30,AAPL,2025-11-29,P,136.3,145.0,0.248012,-0.25,1.41,1.46,154,306
2025-09-30,AAPL,2025-11-29,P,127.6,145.0,0.247767,-0.1,1.41,1.46,239,3584
2025-10-01,AAPL,2025-10-26,C,160.91,143.67,0.239362,0.1,1.35,1.4,233,3365
2025-10-01,AAPL,2025-10-26,C,152.29,143.67,0.239271,0.25,1.35,1.4,311,108
2025-10-01,AAPL,2025-10-26,C,143.67,143.67,0.238969,0.5,1.35,1.39,271,1765
2025-10-01,AAPL,2025-10-26,P,143.67,143.67,0.238969,-0.5,1.35,1.4,467,842
2025-10-01,AAPL,2025-10-26,P,135.05,143.67,0.238666,-0.25,1.35,1.39,63,1158
2025-10-01,AAPL,2025-10-26,P,126.43,143.67,0.238545,-0.1,1.34,1.4,345,3858
2025-10-01,AAPL,2025-11-02,C,160.91,143.67,0.242162,0.1,1.37,1.42,450,870
2025-10-01,AAPL,2025-11-02,C,152.29,143.67,0.242071,0.25,1.37,1.41,383,444
2025-10-01,AAPL,2025-11-02,C,143.67,143.67,0.241769,0.5,1.37,1.41,347,237
2025-10-01,AAPL,2025-11-02,P,143.67,143.67,0.241769,-0.5,1.37,1.41,365,4808
2025-10-01,AAPL,2025-11-02,P,135.05,143.67,0.241466,-0.25,1.36,1.41,168,4114
2025-10-01,AAPL,2025-11-02,P,126.43,143.67,0.241345,-0.1,1.37,1.41,101,1347
2025-10-01,AAPL,2025-11-30,C,160.91,143.67,0.253362,0.1,1.43,1.49,325,1923
2025-10-01,AAPL,2025-11-30,C,152.29,143.67,0.253271,0.25,1.43,1.48,127,4880
2025-10-01,AAPL,2025-11-30,C,143.67,143.67,0.252969,0.5,1.43,1.48,451,1533
2025-10-01,AAPL,2025-11-30,P,143.67,143.67,0.252969,-0.5,1.43,1.48,136,282
2025-10-01,AAPL,2025-11-30,P,135.05,143.67,0.252666,-0.25,1.43,1.47,338,45
2025-10-01,AAPL,2025-11-30,P,126.43,143.67,0.252545,-0.1,1.42,1.48,284,3359
2025-10-02,AAPL,2025-10-27,C,159.71,142.6,0.242445,0.1,1.36,1.41,318,3418
2025-10-02,AAPL,2025-10-27,C,151.15,142.6,0.243021,0.25,1.36,1.42,12,1502
2025-10-02,AAPL,2025-10-27,C,142.6,142.6,0.244943,0.5,1.37,1.42,309,4272
2025-10-02,AAPL,2025-10-27,P,142.6,142.6,0.244943,-0.5,1.37,1.43,441,4571
2025-10-02,AAPL,2025-10-27,P,134.04,142.6,0.246865,-0.25,1.39,1.43,62,610
2025-10-02,AAPL,2025-10-27,P,125.48,142.6,0.247633,-0.1,1.39,1.44,44,1485
2025-10-02,AAPL,2025-11-03,C,159.71,142.6,0.245245,0.1,1.37,1.43,468,192
2025-10-02,AAPL,2025-11-03,C,151.15,142.6,0.245821,0.25,1.38,1.43,67,4531
2025-10-02,AAPL,2025-11-03,C,142.6,142.6,0.247743,0.5,1.38,1.44,57,3254
2025-10-02,AAPL,2025-11-03,P,142.6,142.6,0.247743,-0.5,1.38,1.44,304,387
2025-10-02,AAPL,2025-11-03,P,134.04,142.6,0.249665,-0.25,1.4,1.45,7,53
2025-10-02,AAPL,2025-11-03,P,125.48,142.6,0.250433,-0.1,1.4,1.46,268,4514
2025-10-02,AAPL,2025-12-01,C,159.71,142.6,0.256445,0.1,1.44,1.48,357,100
2025-10-02,AAPL,2025-12-01,C,151.15,142.6,0.257021,0.25,1.44,1.49,71,1300
2025-10-02,AAPL,2025-12-01,C,142.6,142.6,0.258943,0.5,1.45,1.51,285,810
2025-10-02,AAPL,2025-12-01,P,142.6,142.6,0.258943,-0.5,1.45,1.5,205,2776
2025-10-02,AAPL,2025-12-01,P,134.04,142.6,0.260865,-0.25,1.46,1.51,13,737
2025-10-02,AAPL,2025-12-01,P,125.48,142.6,0.261633,-0.1,1.46,1.52,370,3093
2025-10-03,AAPL,2025-10-28,C,160.57,143.37,0.218317,0.1,1.23,1.28,312,4529
2025-10-03,AAPL,2025-10-28,C,151.97,143.37,0.219705,0.25,1.23,1.29,11,4057
2025-10-03,AAPL,2025-10-28,C,143.37,143.37,0.224333,0.5,1.26,1.31,473,4440
2025-10-03,AAPL,2025-10-28,P,143.37,143.37,0.224333,-0.5,1.26,1.31,260,3521
2025-10-03,AAPL,2025-10-28,P,134.77,143.37,0.228961,-0.25,1.29,1.34,202,3003
2025-10-03,AAPL,2025-10-28,P,126.16,143.37,0.230813,-0.1,1.29,1.35,51,4922
2025-10-03,AAPL,2025-11-04,C,160.57,143.37,0.221117,0.1,1.24,1.29,209,2873
2025-10-03,AAPL,2025-11-04,C,151.97,143.37,0.222505,0.25,1.25,1.3,9,4928
2025-10-03,AAPL,2025-11-04,C,143.37,143.37,0.227133,0.5,1.27,1.33,70,335
2025-10-03,AAPL,2025-11-04,P,143.37,143.37,0.227133,-0.5,1.28,1.33,391,4483
2025-10-03,AAPL,2025-11-04,P,134.77,143.37,0.231761,-0.25,1.3,1.36,30,3713
2025-10-03,AAPL,2025-11-04,P,126.16,143.37,0.233613,-0.1,1.31,1.37,191,2082
2025-10-03,AAPL,2025-12-02,C,160.57,143.37,0.232317,0.1,1.31,1.36,437,4046
2025-10-03,AAPL,2025-12-02,C,151.97,143.37,0.233705,0.25,1.32,1.36,255,3427
2025-10-03,AAPL,2025-12-02,C,143.37,143.37,0.238333,0.5,1.34,1.39,474,4224
2025-10-03,AAPL,2025-12-02,P,143.37,143.37,0.238333,-0.5,1.34,1.39,162,3712
2025-10-03,AAPL,2025-12-02,P,134.77,143.37,0.242961,-0.25,1.37,1.41,339,698
2025-10-03,AAPL,2025-12-02,P,126.16,143.37,0.244813,-0.1,1.38,1.43,171,285
2025-10-06,AAPL,2025-10-31,C,160.04,142.89,0.216907,0.1,1.21,1.27,478,254
2025-10-06,AAPL,2025-10-31,C,151.47,142.89,0.218792,0.25,1.22,1.28,248,2549
2025-10-06,AAPL,2025-10-31,C,142.89,142.89,0.225077,0.5,1.26,1.31,469,4435
2025-10-06,AAPL,2025-10-31,P,142.89,142.89,0.225077,-0.5,1.26,1.31,181,590
2025-10-06,AAPL,2025-10-31,P,134.32,142.89,0.231361,-0.25,1.3,1.34,349,2489
2025-10-06,AAPL,2025-10-31,P,125.75,142.89,0.233875,-0.1,1.31,1.37,276,2867
2025-10-06,AAPL,2025-11-07,C,160.04,142.89,0.219707,0.1,1.23,1.28,45,164
2025-10-06,AAPL,2025-11-07,C,151.47,142.89,0.221592,0.25,1.24,1.3,27,1642
2025-10-06,AAPL,2025-11-07,C,142.89,142.89,0.227877,0.5,1.28,1.33,367,3474
2025-10-06,AAPL,2025-11-07,P,142.89,142.89,0.227877,-0.5,1.28,1.33,235,328
2025-10-06,AAPL,2025-11-07,P,134.32,142.89,0.234161,-0.25,1.31,1.36,489,1592
2025-10-06,AAPL,2025-11-07,P,125.75,142.89,0.236675,-0.1,1.33,1.38,346,4100
2025-10-06,AAPL,2025-12-05,C,160.04,142.89,0.230907,0.1,1.3,1.34,211,2645
2025-10-06,AAPL,2025-12-05,C,151.47,142.89,0.232792,0.25,1.31,1.35,238,1079
2025-10-06,AAPL,2025-12-05,C,142.89,142.89,0.239077,0.5,1.34,1.39,101,3969
2025-10-06,AAPL,2025-12-05,P,142.89,142.89,0.239077,-0.5,1.34,1.39,85,720
2025-10-06,AAPL,2025-12-05,P,134.32,142.89,0.245361,-0.25,1.38,1.43,389,2119
2025-10-06,AAPL,2025-12-05,P,125.75,142.89,0.247875,-0.1,1.39,1.45,452,3273
2025-10-07,AAPL,2025-11-01,C,160.03,142.89,0.209434,0.1,1.18,1.22,303,2259
2025-10-07,AAPL,2025-11-01,C,151.46,142.89,0.212485,0.25,1.19,1.24,236,1845
2025-10-07,AAPL,2025-11-01,C,142.89,142.89,0.222656,0.5,1.25,1.3,318,2563
2025-10-07,AAPL,2025-11-01,P,142.89,142.89,0.222656,-0.5,1.24,1.3,127,877
2025-10-07,AAPL,2025-11-01,P,134.31,142.89,0.232826,-0.25,1.3,1.36,304,2013
2025-10-07,AAPL,2025-11-01,P,125.74,142.89,0.236895,-0.1,1.33,1.38,27,2647
2025-10-07,AAPL,2025-11-08,C,160.03,142.89,0.212234,0.1,1.19,1.24,280,4818
2025-10-07,AAPL,2025-11-08,C,151.46,142.89,0.215285,0.25,1.2,1.26,260,4864
2025-10-07,AAPL,2025-11-08,C,142.89,142.89,0.225456,0.5,1.26,1.32,330,3352
2025-10-07,AAPL,2025-11-08,P,142.89,142.89,0.225456,-0.5,1.26,1.31,263,4255
2025-10-07,AAPL,2025-11-08,P,134.31,142.89,0.235626,-0.25,1.33,1.37,347,4173
2025-10-07,AAPL,2025-11-08,P,125.74,142.89,0.239695,-0.1,1.35,1.39,168,3369
2025-10-07,AAPL,2025-12-06,C,160.03,142.89,0.223434,0.1,1.25,1.3,203,1849
2025-10-07,AAPL,2025-12-06,C,151.46,142.89,0.226485,0.25,1.27,1.31,42,2124
2025-10-07,AAPL,2025-12-06,C,142.89,142.89,0.236656,0.5,1.33,1.38,477,1131
2025-10-07,AAPL,2025-12-06,P,142.89,142.89,0.236656,-0.5,1.33,1.38,150,2924
2025-10-07,AAPL,2025-12-06,P,134.31,142.89,0.246826,-0.25,1.39,1.43,335,4152
2025-10-07,AAPL,2025-12-06,P,125.74,142.89,0.250895,-0.1,1.41,1.46,120,2892
2025-10-08,AAPL,2025-11-02,C,159.81,142.69,0.229454,0.1,1.28,1.33,495,2767
2025-10-08,AAPL,2025-11-02,C,151.25,142.69,0.232468,0.25,1.3,1.35,16,2142
2025-10-08,AAPL,2025-11-02,C,142.69,142.69,0.242515,0.5,1.36,1.41,98,912
2025-10-08,AAPL,2025-11-02,P,142.69,142.69,0.242515,-0.5,1.36,1.41,287,1871
2025-10-08,AAPL,2025-11-02,P,134.13,142.69,0.252562,-0.25,1.41,1.47,4,2179
2025-10-08,AAPL,2025-11-02,P,125.57,142.69,0.25658,-0.1,1.44,1.49,364,2135
2025-10-08,AAPL,2025-11-09,C,159.81,142.69,0.232254,0.1,1.3,1.35,106,1375
2025-10-08,AAPL,2025-11-09,C,151.25,142.69,0.235268,0.25,1.32,1.36,14,2704
2025-10-08,AAPL,2025-11-09,C,142.69,142.69,0.245315,0.5,1.37,1.43,376,3847
2025-10-08,AAPL,2025-11-09,P,142.69,142.69,0.245315,-0.5,1.38,1.42,213,988
2025-10-08,AAPL,2025-11-09,P,134.13,142.69,0.255362,-0.25,1.43,1.49,129,293
2025-10-08,AAPL,2025-11-09,P,125.57,142.69,0.25938,-0.1,1.46,1.5,398,4284
2025-10-08,AAPL,2025-12-07,C,159.81,142.69,0.243454,0.1,1.37,1.41,450,598
2025-10-08,AAPL,2025-12-07,C,151.25,142.69,0.246468,0.25,1.38,1.43,461,3004
2025-10-08,AAPL,2025-12-07,C,142.69,142.69,0.256515,0.5,1.44,1.49,391,3278
2025-10-08,AAPL,2025-12-07,P,142.69,142.69,0.256515,-0.5,1.44,1.49,75,1678
2025-10-08,AAPL,2025-12-07,P,134.13,142.69,0.266562,-0.25,1.5,1.54,36,4118
2025-10-08,AAPL,2025-12-07,P,125.57,142.69,0.27058,-0.1,1.52,1.57,276,3695
2025-10-09,AAPL,2025-11-03,C,160.27,143.1,0.230975,0.1,1.3,1.34,18,2208
2025-10-09,AAPL,2025-11-03,C,151.68,143.1,0.234227,0.25,1.32,1.37,391,2294
2025-10-09,AAPL,2025-11-03,C,143.1,143.1,0.245066,0.5,1.37,1.43,328,4555
2025-10-09,AAPL,2025-11-03,P,143.1,143.1,0.245066,-0.5,1.37,1.43,348,2918
2025-10-09,AAPL,2025-11-03,P,134.51,143.1,0.255905,-0.25,1.44,1.49,429,3226
2025-10-09,AAPL,2025-11-03,P,125.93,143.1,0.260241,-0.1,1.47,1.51,285,4061
2025-10-09,AAPL,2025-11-10,C,160.27,143.1,0.233775,0.1,1.31,1.37,398,1343
2025-10-09,AAPL,2025-11-10,C,151.68,143.1,0.237027,0.25,1.33,1.39,295,4245
2025-10-09,AAPL,2025-11-10,C,143.1,143.1,0.247866,0.5,1.39,1.44,23,4545
2025-10-09,AAPL,2025-11-10,P,143.1,143.1,0.247866,-0.5,1.4,1.44,265,149
2025-10-09,AAPL,2025-11-10,P,134.51,143.1,0.258705,-0.25,1.46,1.5,227,2831
2025-10-09,AAPL,2025-11-10,P,125.93,143.1,0.263041,-0.1,1.48,1.53,367,4710
2025-10-09,AAPL,2025-12-08,C,160.27,143.1,0.244975,0.1,1.38,1.42,339,1413
2025-10-09,AAPL,2025-12-08,C,151.68,143.1,0.248227,0.25,1.39,1.45,147,29
2025-10-09,AAPL,2025-12-08,C,143.1,143.1,0.259066,0.5,1.46,1.51,62,1893
2025-10-09,AAPL,2025-12-08,P,143.1,143.1,0.259066,-0.5,1.45,1.51,470,3460
2025-10-09,AAPL,2025-12-08,P,134.51,143.1,0.269905,-0.25,1.52,1.57,124,472
2025-10-09,AAPL,2025-12-08,P,125.93,143.1,0.274241,-0.1,1.55,1.59,339,4763
2025-10-10,AAPL,2025-11-04,C,162.16,144.79,0.239134,0.1,1.36,1.41,224,1010
2025-10-10,AAPL,2025-11-04,C,153.47,144.79,0.24135,0.25,1.37,1.43,332,1015
2025-10-10,AAPL,2025-11-04,C,144.79,144.79,0.248736,0.5,1.41,1.47,39,3818
2025-10-10,AAPL,2025-11-04,P,144.79,144.79,0.248736,-0.5,1.42,1.46,208,2529
2025-10-10,AAPL,2025-11-04,P,136.1,144.79,0.256122,-0.25,1.46,1.51,128,1900
2025-10-10,AAPL,2025-11-04,P,127.41,144.79,0.259077,-0.1,1.47,1.53,227,3468
2025-10-10,AAPL,2025-11-11,C,162.16,144.79,0.241934,0.1,1.37,1.43,340,2707
2025-10-10,AAPL,2025-11-11,C,153.47,144.79,0.24415,0.25,1.39,1.44,182,3567
2025-10-10,AAPL,2025-11-11,C,144.79,144.79,0.251536,0.5,1.43,1.48,427,892
2025-10-10,AAPL,2025-11-11,P,144.79,144.79,0.251536,-0.5,1.43,1.48,430,3177
2025-10-10,AAPL,2025-11-11,P,136.1,144.79,0.258922,-0.25,1.47,1.53,29,1223
2025-10-10,AAPL,2025-11-11,P,127.41,144.79,0.261877,-0.1,1.49,1.55,24,1903
2025-10-10,AAPL,2025-12-09,C,162.16,144.79,0.253134,0.1,1.44,1.49,483,983
2025-10-10,AAPL,2025-12-09,C,153.47,144.79,0.25535,0.25,1.45,1.51,440,1777
2025-10-10,AAPL,2025-12-09,C,144.79,144.79,0.262736,0.5,1.5,1.55,54,1121
2025-10-10,AAPL,2025-12-09,P,144.79,144.79,0.262736,-0.5,1.49,1.55,261,3907
2025-10-10,AAPL,2025-12-09,P,136.1,144.79,0.270122,-0.25,1.54,1.59,147,4725
2025-10-10,AAPL,2025-12-09,P,127.41,144.79,0.273077,-0.1,1.56,1.6,395,673
2025-10-13,AAPL,2025-11-07,C,162.28,144.89,0.226166,0.1,1.28,1.34,302,1260
2025-10-13,AAPL,2025-11-07,C,153.59,144.89,0.230037,0.25,1.31,1.36,272,1598
2025-10-13,AAPL,2025-11-07,C,144.89,144.89,0.24294,0.5,1.38,1.43,173,3300
2025-10-13,AAPL,2025-11-07,P,144.89,144.89,0.24294,-0.5,1.38,1.44,340,2283
2025-10-13,AAPL,2025-11-07,P,136.2,144.89,0.255843,-0.25,1.46,1.51,310,2894
2025-10-13,AAPL,2025-11-07,P,127.51,144.89,0.261004,-0.1,1.49,1.54,216,1272
2025-10-13,AAPL,2025-11-14,C,162.28,144.89,0.228966,0.1,1.3,1.36,304,1042
2025-10-13,AAPL,2025-11-14,C,153.59,144.89,0.232837,0.25,1.32,1.38,220,741
2025-10-13,AAPL,2025-11-14,C,144.89,144.89,0.24574,0.5,1.4,1.45,288,936
2025-10-13,AAPL,2025-11-14,P,144.89,144.89,0.24574,-0.5,1.39,1.45,224,3433
2025-10-13,AAPL,2025-11-14,P,136.2,144.89,0.258643,-0.25,1.48,1.52,206,3468
2025-10-13,AAPL,2025-11-14,P,127.51,144.89,0.263804,-0.1,1.5,1.55,219,1694
2025-10-13,AAPL,2025-12-12,C,162.28,144.89,0.240166,0.1,1.37,1.41,128,3596
2025-10-13,AAPL,2025-12-12,C,153.59,144.89,0.244037,0.25,1.39,1.44,156,1642
2025-10-13,AAPL,2025-12-12,C,144.89,144.89,0.25694,0.5,1.46,1.52,200,1351
2025-10-13,AAPL,2025-12-12,P,144.89,144.89,0.25694,-0.5,1.47,1.51,228,3003
2025-10-13,AAPL,2025-12-12,P,136.2,144.89,0.269843,-0.25,1.54,1.59,2,1390
2025-10-13,AAPL,2025-12-12,P,127.51,144.89,0.275004,-0.1,1.57,1.62,459,1438
2025-10-14,AAPL,2025-11-08,C,163.15,145.67,0.211463,0.1,1.21,1.26,128,2739
2025-10-14,AAPL,2025-11-08,C,154.41,145.67,0.214856,0.25,1.22,1.28,93,2910
2025-10-14,AAPL,2025-11-08,C,145.67,145.67,0.226163,0.5,1.29,1.34,21,1313
2025-10-14,AAPL,2025-11-08,P,145.67,145.67,0.226163,-0.5,1.29,1.35,157,992
2025-10-14,AAPL,2025-11-08,P,136.93,145.67,0.23747,-0.25,1.36,1.41,370,4209
2025-10-14,AAPL,2025-11-08,P,128.19,145.67,0.241992,-0.1,1.38,1.44,376,3068
2025-10-14,AAPL,2025-11-15,C,163.15,145.67,0.214263,0.1,1.23,1.27,350,645
2025-10-14,AAPL,2025-11-15,C,154.41,145.67,0.217656,0.25,1.24,1.29,46,3734
2025-10-14,AAPL,2025-11-15,C,145.67,145.67,0.228963,0.5,1.31,1.36,155,96
2025-10-14,AAPL,2025-11-15,P,145.67,145.67,0.228963,-0.5,1.31,1.36,421,2947
2025-10-14,AAPL,2025-11-15,P,136.93,145.67,0.24027,-0.25,1.37,1.43,429,176
2025-10-14,AAPL,2025-11-15,P,128.19,145.67,0.244792,-0.1,1.41,1.45,499,1313
2025-10-14,AAPL,2025-12-13,C,163.15,145.67,0.225463,0.1,1.29,1.33,231,2714
2025-10-14,AAPL,2025-12-13,C,154.41,145.67,0.228856,0.25,1.31,1.35,19,3244
2025-10-14,AAPL,2025-12-13,C,145.67,145.67,0.240163,0.5,1.37,1.43,20,4852
2025-10-14,AAPL,2025-12-13,P,145.67,145.67,0.240163,-0.5,1.37,1.43,64,1374
2025-10-14,AAPL,2025-12-13,P,136.93,145.67,0.25147,-0.25,1.44,1.49,52,1653
2025-10-14,AAPL,2025-12-13,P,128.19,145.67,0.255992,-0.1,1.46,1.52,44,308
2025-10-15,AAPL,2025-11-09,C,160.39,143.21,0.236104,0.1,1.33,1.38,182,1104
2025-10-15,AAPL,2025-11-09,C,151.8,143.21,0.239826,0.25,1.35,1.4,236,3298
2025-10-15,AAPL,2025-11-09,C,143.21,143.21,0.252233,0.5,1.42,1.47,229,4554
2025-10-15,AAPL,2025-11-09,P,143.21,143.21,0.252233,-0.5,1.42,1.47,348,756
2025-10-15,AAPL,2025-11-09,P,134.61,143.21,0.264641,-0.25,1.49,1.54,392,3282
2025-10-15,AAPL,2025-11-09,P,126.02,143.21,0.269604,-0.1,1.52,1.57,92,379
2025-10-15,AAPL,2025-11-16,C,160.39,143.21,0.238904,0.1,1.34,1.4,431,1532
2025-10-15,AAPL,2025-11-16,C,151.8,143.21,0.242626,0.25,1.37,1.41,351,3121
2025-10-15,AAPL,2025-11-16,C,143.21,143.21,0.255033,0.5,1.43,1.49,196,3316
2025-10-15,AAPL,2025-11-16,P,143.21,143.21,0.255033,-0.5,1.43,1.49,177,946
2025-10-15,AAPL,2025-11-16,P,134.61,143.21,0.267441,-0.25,1.51,1.56,476,4146
2025-10-15,AAPL,2025-11-16,P,126.02,143.21,0.272404,-0.1,1.54,1.59,80,1817
2025-10-15,AAPL,2025-12-14,C,160.39,143.21,0.250104,0.1,1.4,1.46,77,713
2025-10-15,AAPL,2025-12-14,C,151.8,143.21,0.253826,0.25,1.43,1.48,216,4368
2025-10-15,AAPL,2025-12-14,C,143.21,143.21,0.266233,0.5,1.5,1.55,391,4902
2025-10-15,AAPL,2025-12-14,P,143.21,143.21,0.266233,-0.5,1.5,1.55,270,264
2025-10-15,AAPL,2025-12-14,P,134.61,143.21,0.278641,-0.25,1.57,1.63,156,2146
2025-10-15,AAPL,2025-12-14,P,126.02,143.21,0.283604,-0.1,1.6,1.65,337,1977
2025-10-16,AAPL,2025-11-10,C,160.33,143.15,0.2052,0.1,1.15,1.2,39,4229
2025-10-16,AAPL,2025-11-10,C,151.74,143.15,0.209472,0.25,1.18,1.22,143,933
2025-10-16,AAPL,2025-11-10,C,143.15,143.15,0.223712,0.5,1.26,1.31,110,33
2025-10-16,AAPL,2025-11-10,P,143.15,143.15,0.223712,-0.5,1.25,1.31,397,1487
2025-10-16,AAPL,2025-11-10,P,134.56,143.15,0.237953,-0.25,1.34,1.39,391,359
2025-10-16,AAPL,2025-11-10,P,125.97,143.15,0.243649,-0.1,1.37,1.42,129,3118
2025-10-16,AAPL,2025-11-17,C,160.33,143.15,0.208,0.1,1.17,1.21,70,1081
2025-10-16,AAPL,2025-11-17,C,151.74,143.15,0.212272,0.25,1.19,1.24,22,1081
2025-10-16,AAPL,2025-11-17,C,143.15,143.15,0.226512,0.5,1.27,1.32,486,846
2025-10-16,AAPL,2025-11-17,P,143.15,143.15,0.226512,-0.5,1.27,1.32,36,3442
2025-10-16,AAPL,2025-11-17,P,134.56,143.15,0.240753,-0.25,1.35,1.4,254,2990
2025-10-16,AAPL,2025-11-17,P,125.97,143.15,0.246449,-0.1,1.39,1.43,368,4664
2025-10-16,AAPL,2025-12-15,C,160.33,143.15,0.2192,0.1,1.23,1.28,440,1441
2025-10-16,AAPL,2025-12-15,C,151.74,143.15,0.223472,0.25,1.25,1.31,484,3279
2025-10-16,AAPL,2025-12-15,C,143.15,143.15,0.237712,0.5,1.33,1.39,142,4434
2025-10-16,AAPL,2025-12-15,P,143.15,143.15,0.237712,-0.5,1.34,1.38,301,4190
2025-10-16,AAPL,2025-12-15,P,134.56,143.15,0.251953,-0.25,1.42,1.47,188,1806
2025-10-16,AAPL,2025-12-15,P,125.97,143.15,0.257649,-0.1,1.45,1.5,210,532
2025-10-17,AAPL,2025-11-11,C,159.19,142.14,0.200094,0.1,1.12,1.16,143,1304
2025-10-17,AAPL,2025-11-11,C,150.66,142.14,0.203842,0.25,1.13,1.19,447,3553
2025-10-17,AAPL,2025-11-11,C,142.14,142.14,0.216333,0.5,1.21,1.25,72,4072
2025-10-17,AAPL,2025-11-11,P,142.14,142.14,0.216333,-0.5,1.2,1.26,289,4243
2025-10-17,AAPL,2025-11-11,P,133.61,142.14,0.228824,-0.25,1.28,1.32,198,223
2025-10-17,AAPL,2025-11-11,P,125.08,142.14,0.233821,-0.1,1.3,1.36,104,758
2025-10-17,AAPL,2025-11-18,C,159.19,142.14,0.202894,0.1,1.13,1.18,357,80
2025-10-17,AAPL,2025-11-18,C,150.66,142.14,0.206642,0.25,1.15,1.2,341,4498
2025-10-17,AAPL,2025-11-18,C,142.14,142.14,0.219133,0.5,1.22,1.27,255,4792
2025-10-17,AAPL,2025-11-18,P,142.14,142.14,0.219133,-0.5,1.22,1.27,196,2225
2025-10-17,AAPL,2025-11-18,P,133.61,142.14,0.231624,-0.25,1.29,1.34,74,4481
2025-10-17,AAPL,2025-11-18,P,125.08,142.14,0.236621,-0.1,1.32,1.37,200,4864
2025-10-17,AAPL,2025-12-16,C,159.19,142.14,0.214094,0.1,1.19,1.24,378,1017
2025-10-17,AAPL,2025-12-16,C,150.66,142.14,0.217842,0.25,1.21,1.27,330,4736
2025-10-17,AAPL,2025-12-16,C,142.14,142.14,0.230333,0.5,1.28,1.34,239,4287
2025-10-17,AAPL,2025-12-16,P,142.14,142.14,0.230333,-0.5,1.28,1.34,408,4721
2025-10-17,AAPL,2025-12-16,P,133.61,142.14,0.242824,-0.25,1.36,1.4,167,4321
2025-10-17,AAPL,2025-12-16,P,125.08,142.14,0.247821,-0.1,1.39,1.43,60,1702
2025-10-20,AAPL,2025-11-14,C,157.56,140.67,0.21931,0.1,1.21,1.26,100,1168
2025-10-20,AAPL,2025-11-14,C,149.11,140.67,0.223117,0.25,1.23,1.28,498,2801
2025-10-20,AAPL,2025-11-14,C,140.67,140.67,0.235808,0.5,1.3,1.36,475,1397
2025-10-20,AAPL,2025-11-14,P,140.67,140.67,0.235808,-0.5,1.31,1.35,400,3880
2025-10-20,AAPL,2025-11-14,P,132.23,140.67,0.248499,-0.25,1.37,1.43,206,2732
2025-10-20,AAPL,2025-11-14,P,123.79,140.67,0.253575,-0.1,1.4,1.46,202,4202
2025-10-20,AAPL,2025-11-21,C,157.56,140.67,0.22211,0.1,1.22,1.28,155,4829
2025-10-20,AAPL,2025-11-21,C,149.11,140.67,0.225917,0.25,1.24,1.3,44,3387
2025-10-20,AAPL,2025-11-21,C,140.67,140.67,0.238608,0.5,1.32,1.37,112,21
2025-10-20,AAPL,2025-11-21,P,140.67,140.67,0.238608,-0.5,1.32,1.37,256,3821
2025-10-20,AAPL,2025-11-21,P,132.23,140.67,0.251299,-0.25,1.39,1.44,149,1661
2025-10-20,AAPL,2025-11-21,P,123.79,140.67,0.256375,-0.1,1.42,1.47,328,984
2025-10-20,AAPL,2025-12-19,C,157.56,140.67,0.23331,0.1,1.29,1.34,139,4737
2025-10-20,AAPL,2025-12-19,C,149.11,140.67,0.237117,0.25,1.31,1.36,220,1232
2025-10-20,AAPL,2025-12-19,C,140.67,140.67,0.249808,0.5,1.38,1.43,359,1941
2025-10-20,AAPL,2025-12-19,P,140.67,140.67,0.249808,-0.5,1.38,1.43,167,4810
2025-10-20,AAPL,2025-12-19,P,132.23,140.67,0.262499,-0.25,1.45,1.5,9,2959
2025-10-20,AAPL,2025-12-19,P,123.79,140.67,0.267575,-0.1,1.48,1.53,72,2827
2025-10-21,AAPL,2025-11-15,C,156.37,139.62,0.215504,0.1,1.18,1.22,352,4331
2025-10-21,AAPL,2025-11-15,C,148.0,139.62,0.219911,0.25,1.2,1.25,23,2465
2025-10-21,AAPL,2025-11-15,C,139.62,139.62,0.234602,0.5,1.29,1.33,107,4187
2025-10-21,AAPL,2025-11-15,P,139.62,139.62,0.234602,-0.5,1.29,1.33,13,2058
2025-10-21,AAPL,2025-11-15,P,131.24,139.62,0.249293,-0.25,1.36,1.42,442,2294
2025-10-21,AAPL,2025-11-15,P,122.87,139.62,0.25517,-0.1,1.4,1.45,388,1054
2025-10-21,AAPL,2025-11-22,C,156.37,139.62,0.218304,0.1,1.19,1.25,117,4890
2025-10-21,AAPL,2025-11-22,C,148.0,139.62,0.222711,0.25,1.22,1.27,247,3463
2025-10-21,AAPL,2025-11-22,C,139.62,139.62,0.237402,0.5,1.3,1.35,192,3759
2025-10-21,AAPL,2025-11-22,P,139.62,139.62,0.237402,-0.5,1.3,1.35,376,3518
2025-10-21,AAPL,2025-11-22,P,131.24,139.62,0.252093,-0.25,1.38,1.44,6,2947
2025-10-21,AAPL,2025-11-22,P,122.87,139.62,0.25797,-0.1,1.41,1.47,197,1530
2025-10-21,AAPL,2025-12-20,C,156.37,139.62,0.229504,0.1,1.25,1.31,284,4410
2025-10-21,AAPL,2025-12-20,C,148.0,139.62,0.233911,0.25,1.28,1.33,78,1172
2025-10-21,AAPL,2025-12-20,C,139.62,139.62,0.248602,0.5,1.36,1.41,314,3782
2025-10-21,AAPL,2025-12-20,P,139.62,139.62,0.248602,-0.5,1.36,1.42,187,791
2025-10-21,AAPL,2025-12-20,P,131.24,139.62,0.263293,-0.25,1.45,1.49,223,2070
2025-10-21,AAPL,2025-12-20,P,122.87,139.62,0.26917,-0.1,1.48,1.52,131,4902
2025-10-22,AAPL,2025-11-16,C,155.93,139.22,0.212688,0.1,1.16,1.21,486,1143
2025-10-22,AAPL,2025-11-16,C,147.57,139.22,0.217105,0.25,1.18,1.23,399,4923
2025-10-22,AAPL,2025-11-16,C,139.22,139.22,0.23183,0.5,1.27,1.32,376,54
2025-10-22,AAPL,2025-11-16,P,139.22,139.22,0.23183,-0.5,1.27,1.31,259,4892
2025-10-22,AAPL,2025-11-16,P,130.87,139.22,0.246555,-0.25,1.34,1.4,302,1060
2025-10-22,AAPL,2025-11-16,P,122.51,139.22,0.252445,-0.1,1.38,1.43,156,393
2025-10-22,AAPL,2025-11-23,C,155.93,139.22,0.215488,0.1,1.17,1.23,387,638
2025-10-22,AAPL,2025-11-23,C,147.57,139.22,0.219905,0.25,1.2,1.25,445,4698
2025-10-22,AAPL,2025-11-23,C,139.22,139.22,0.23463,0.5,1.28,1.33,288,2318
2025-10-22,AAPL,2025-11-23,P,139.22,139.22,0.23463,-0.5,1.29,1.33,72,1702
2025-10-22,AAPL,2025-11-23,P,130.87,139.22,0.249355,-0.25,1.37,1.41,53,1330
2025-10-22,AAPL,2025-11-23,P,122.51,139.22,0.255245,-0.1,1.39,1.45,220,232
2025-10-22,AAPL,2025-12-21,C,155.93,139.22,0.226688,0.1,1.23,1.29,222,396
2025-10-22,AAPL,2025-12-21,C,147.57,139.22,0.231105,0.25,1.26,1.31,175,2266
2025-10-22,AAPL,2025-12-21,C,139.22,139.22,0.24583,0.5,1.34,1.4,394,1003
2025-10-22,AAPL,2025-12-21,P,139.22,139.22,0.24583,-0.5,1.35,1.39,227,3746
2025-10-22,AAPL,2025-12-21,P,130.87,139.22,0.260555,-0.25,1.42,1.48,113,3498
2025-10-22,AAPL,2025-12-21,P,122.51,139.22,0.266445,-0.1,1.46,1.5,381,1307
2025-10-23,AAPL,2025-11-17,C,157.16,140.32,0.194101,0.1,1.06,1.12,181,3014
2025-10-23,AAPL,2025-11-17,C,148.74,140.32,0.198377,0.25,1.09,1.14,326,1308
2025-10-23,AAPL,2025-11-17,C,140.32,140.32,0.212628,0.5,1.16,1.22,83,3641
2025-10-23,AAPL,2025-11-17,P,140.32,140.32,0.212628,-0.5,1.17,1.21,370,4689
2025-10-23,AAPL,2025-11-17,P,131.9,140.32,0.22688,-0.25,1.25,1.3,399,1673
2025-10-23,AAPL,2025-11-17,P,123.48,140.32,0.232581,-0.1,1.28,1.33,168,3629
2025-10-23,AAPL,2025-11-24,C,157.16,140.32,0.196901,0.1,1.08,1.13,472,2897
2025-10-23,AAPL,2025-11-24,C,148.74,140.32,0.201177,0.25,1.1,1.16,442,984
2025-10-23,AAPL,2025-11-24,C,140.32,140.32,0.215428,0.5,1.18,1.24,21,1787
2025-10-23,AAPL,2025-11-24,P,140.32,140.32,0.215428,-0.5,1.18,1.23,389,3495
2025-10-23,AAPL,2025-11-24,P,131.9,140.32,0.22968,-0.25,1.26,1.32,487,2206
2025-10-23,AAPL,2025-11-24,P,123.48,140.32,0.235381,-0.1,1.29,1.35,462,4515
2025-10-23,AAPL,2025-12-22,C,157.16,140.32,0.208101,0.1,1.14,1.2,95,4123
2025-10-23,AAPL,2025-12-22,C,148.74,140.32,0.212377,0.25,1.17,1.21,34,2102
2025-10-23,AAPL,2025-12-22,C,140.32,140.32,0.226628,0.5,1.25,1.3,41,230
2025-10-23,AAPL,2025-12-22,P,140.32,140.32,0.226628,-0.5,1.24,1.3,158,1624
2025-10-23,AAPL,2025-12-22,P,131.9,140.32,0.24088,-0.25,1.33,1.37,150,1303
2025-10-23,AAPL,2025-12-22,P,123.48,140.32,0.246581,-0.1,1.36,1.41,340,1696
2025-10-24,AAPL,2025-11-18,C,155.37,138.73,0.198689,0.1,1.08,1.13,461,1286
2025-10-24,AAPL,2025-11-18,C,147.05,138.73,0.202818,0.25,1.1,1.15,69,4133
2025-10-24,AAPL,2025-11-18,C,138.73,138.73,0.216582,0.5,1.18,1.22,300,2568
2025-10-24,AAPL,2025-11-18,P,138.73,138.73,0.216582,-0.5,1.18,1.23,343,2874
2025-10-24,AAPL,2025-11-18,P,130.4,138.73,0.230347,-0.25,1.25,1.31,113,3123
2025-10-24,AAPL,2025-11-18,P,122.08,138.73,0.235852,-0.1,1.28,1.34,126,4358
2025-10-24,AAPL,2025-11-25,C,155.37,138.73,0.201489,0.1,1.1,1.14,379,1213
2025-10-24,AAPL,2025-11-25,C,147.05,138.73,0.205618,0.25,1.12,1.16,341,1963
2025-10-24,AAPL,2025-11-25,C,138.73,138.73,0.219382,0.5,1.19,1.24,99,1170
2025-10-24,AAPL,2025-11-25,P,138.73,138.73,0.219382,-0.5,1.2,1.24,459,1913
2025-10-24,AAPL,2025-11-25,P,130.4,138.73,0.233147,-0.25,1.27,1.32,394,3443
2025-10-24,AAPL,2025-11-25,P,122.08,138.73,0.238652,-0.1,1.29,1.35,450,1020
2025-10-24,AAPL,2025-12-23,C,155.37,138.73,0.212689,0.1,1.16,1.2,417,4823
2025-10-24,AAPL,2025-12-23,C,147.05,138.73,0.216818,0.25,1.18,1.23,117,2965
2025-10-24,AAPL,2025-12-23,C,138.73,138.73,0.230582,0.5,1.25,1.3,97,386
2025-10-24,AAPL,2025-12-23,P,138.73,138.73,0.230582,-0.5,1.25,1.31,342,3131
2025-10-24,AAPL,2025-12-23,P,130.4,138.73,0.244347,-0.25,1.33,1.38,374,2702
2025-10-24,AAPL,2025-12-23,P,122.08,138.73,0.249852,-0.1,1.36,1.41,420,1280
2025-10-27,AAPL,2025-11-21,C,155.42,138.76,0.220938,0.1,1.2,1.25,112,179
2025-10-27,AAPL,2025-11-21,C,147.09,138.76,0.224638,0.25,1.22,1.27,57,4643
2025-10-27,AAPL,2025-11-21,C,138.76,138.76,0.236971,0.5,1.29,1.34,334,2072
2025-10-27,AAPL,2025-11-21,P,138.76,138.76,0.236971,-0.5,1.29,1.34,208,4010
2025-10-27,AAPL,2025-11-21,P,130.44,138.76,0.249305,-0.25,1.36,1.41,491,4251
2025-10-27,AAPL,2025-11-21,P,122.11,138.76,0.254238,-0.1,1.39,1.43,314,4623
2025-10-27,AAPL,2025-11-28,C,155.42,138.76,0.223738,0.1,1.21,1.27,75,2600
2025-10-27,AAPL,2025-11-28,C,147.09,138.76,0.227438,0.25,1.24,1.29,388,1071
2025-10-27,AAPL,2025-11-28,C,138.76,138.76,0.239771,0.5,1.31,1.36,469,1021
2025-10-27,AAPL,2025-11-28,P,138.76,138.76,0.239771,-0.5,1.31,1.35,76,4904
2025-10-27,AAPL,2025-11-28,P,130.44,138.76,0.252105,-0.25,1.38,1.42,351,2969
2025-10-27,AAPL,2025-11-28,P,122.11,138.76,0.257038,-0.1,1.4,1.45,497,1859
2025-10-27,AAPL,2025-12-26,C,155.42,138.76,0.234938,0.1,1.28,1.33,336,1681
2025-10-27,AAPL,2025-12-26,C,147.09,138.76,0.238638,0.25,1.3,1.35,145,4805
2025-10-27,AAPL,2025-12-26,C,138.76,138.76,0.250971,0.5,1.37,1.42,68,4866
2025-10-27,AAPL,2025-12-26,P,138.76,138.76,0.250971,-0.5,1.37,1.42,416,3039
2025-10-27,AAPL,2025-12-26,P,130.44,138.76,0.263305,-0.25,1.44,1.48,40,323
2025-10-27,AAPL,2025-12-26,P,122.11,138.76,0.268238,-0.1,1.46,1.52,82,2874
2025-10-28,AAPL,2025-11-22,C,154.76,138.18,0.233234,0.1,1.26,1.32,474,1559
2025-10-28,AAPL,2025-11-22,C,146.47,138.18,0.236916,0.25,1.28,1.34,169,1646
2025-10-28,AAPL,2025-11-22,C,138.18,138.18,0.249192,0.5,1.35,1.41,102,1347
2025-10-28,AAPL,2025-11-22,P,138.18,138.18,0.249192,-0.5,1.36,1.4,403,3493
2025-10-28,AAPL,2025-11-22,P,129.89,138.18,0.261467,-0.25,1.42,1.47,11,4747
2025-10-28,AAPL,2025-11-22,P,121.6,138.18,0.266377,-0.1,1.45,1.5,75,1161
2025-10-28,AAPL,2025-11-29,C,154.76,138.18,0.236034,0.1,1.28,1.33,306,4620
2025-10-28,AAPL,2025-11-29,C,146.47,138.18,0.239716,0.25,1.3,1.35,457,4469
2025-10-28,AAPL,2025-11-29,C,138.18,138.18,0.251992,0.5,1.37,1.41,493,4627
2025-10-28,AAPL,2025-11-29,P,138.18,138.18,0.251992,-0.5,1.37,1.42,286,3345
2025-10-28,AAPL,2025-11-29,P,129.89,138.18,0.264267,-0.25,1.44,1.48,445,305
2025-10-28,AAPL,2025-11-29,P,121.6,138.18,0.269177,-0.1,1.46,1.52,89,4973
2025-10-28,AAPL,2025-12-27,C,154.76,138.18,0.247234,0.1,1.34,1.39,14,4719
2025-10-28,AAPL,2025-12-27,C,146.47,138.18,0.250916,0.25,1.37,1.41,242,781
2025-10-28,AAPL,2025-12-27,C,138.18,138.18,0.263192,0.5,1.43,1.48,250,1962
2025-10-28,AAPL,2025-12-27,P,138.18,138.18,0.263192,-0.5,1.43,1.48,259,1979
2025-10-28,AAPL,2025-12-27,P,129.89,138.18,0.275467,-0.25,1.5,1.54,402,3655
2025-10-28,AAPL,2025-12-27,P,121.6,138.18,0.280377,-0.1,1.52,1.58,35,3442
2025-10-29,AAPL,2025-11-23,C,154.32,137.79,0.241094,0.1,1.3,1.36,302,1255
2025-10-29,AAPL,2025-11-23,C,146.06,137.79,0.245156,0.25,1.32,1.38,5,2841
2025-10-29,AAPL,2025-11-23,C,137.79,137.79,0.258699,0.5,1.4,1.45,23,426
2025-10-29,AAPL,2025-11-23,P,137.79,137.79,0.258699,-0.5,1.4,1.45,210,4698
2025-10-29,AAPL,2025-11-23,P,129.52,137.79,0.272241,-0.25,1.47,1.53,290,4823
2025-10-29,AAPL,2025-11-23,P,121.25,137.79,0.277658,-0.1,1.5,1.56,489,981
2025-10-29,AAPL,2025-11-30,C,154.32,137.79,0.243894,0.1,1.32,1.37,410,1753
2025-10-29,AAPL,2025-11-30,C,146.06,137.79,0.247956,0.25,1.34,1.39,194,793
2025-10-29,AAPL,2025-11-30,C,137.79,137.79,0.261499,0.5,1.41,1.47,358,3633
2025-10-29,AAPL,2025-11-30,P,137.79,137.79,0.261499,-0.5,1.42,1.46,331,1863
2025-10-29,AAPL,2025-11-30,P,129.52,137.79,0.275041,-0.25,1.49,1.54,427,3740
2025-10-29,AAPL,2025-11-30,P,121.25,137.79,0.280458,-0.1,1.52,1.58,395,1613
2025-10-29,AAPL,2025-12-28,C,154.32,137.79,0.255094,0.1,1.38,1.43,33,2970
2025-10-29,AAPL,2025-12-28,C,146.06,137.79,0.259156,0.25,1.4,1.45,55,2525
2025-10-29,AAPL,2025-12-28,C,137.79,137.79,0.272699,0.5,1.48,1.52,317,846
2025-10-29,AAPL,2025-12-28,P,137.79,137.79,0.272699,-0.5,1.48,1.53,195,4575
2025-10-29,AAPL,2025-12-28,P,129.52,137.79,0.286241,-0.25,1.55,1.6,367,1256
2025-10-29,AAPL,2025-12-28,P,121.25,137.79,0.291658,-0.1,1.58,1.63,473,4746
2025-10-30,AAPL,2025-11-24,C,155.67,138.99,0.228869,0.1,1.25,1.29,226,3443
2025-10-30,AAPL,2025-11-24,C,147.33,138.99,0.233369,0.25,1.27,1.32,431,3371
2025-10-30,AAPL,2025-11-24,C,138.99,138.99,0.248369,0.5,1.36,1.4,469,22
2025-10-30,AAPL,2025-11-24,P,138.99,138.99,0.248369,-0.5,1.36,1.4,496,3526
2025-10-30,AAPL,2025-11-24,P,130.65,138.99,0.263369,-0.25,1.44,1.49,469,1103
2025-10-30,AAPL,2025-11-24,P,122.31,138.99,0.269369,-0.1,1.47,1.52,380,3764
2025-10-30,AAPL,2025-12-01,C,155.67,138.99,0.231669,0.1,1.27,1.31,227,3461
2025-10-30,AAPL,2025-12-01,C,147.33,138.99,0.236169,0.25,1.29,1.34,318,1859
2025-10-30,AAPL,2025-12-01,C,138.99,138.99,0.251169,0.5,1.37,1.43,413,4474
2025-10-30,AAPL,2025-12-01,P,138.99,138.99,0.251169,-0.5,1.37,1.42,162,165
2025-10-30,AAPL,2025-12-01,P,130.65,138.99,0.266169,-0.25,1.46,1.5,493,1031
2025-10-30,AAPL,2025-12-01,P,122.31,138.99,0.272169,-0.1,1.49,1.54,180,4594
2025-10-30,AAPL,2025-12-29,C,155.67,138.99,0.242869,0.1,1.32,1.38,372,1536
2025-10-30,AAPL,2025-12-29,C,147.33,138.99,0.247369,0.25,1.35,1.4,485,192
2025-10-30,AAPL,2025-12-29,C,138.99,138.99,0.262369,0.5,1.43,1.48,465,326
2025-10-30,AAPL,2025-12-29,P,138.99,138.99,0.262369,-0.5,1.43,1.49,243,4335
2025-10-30,AAPL,2025-12-29,P,130.65,138.99,0.277369,-0.25,1.52,1.56,427,3499
2025-10-30,AAPL,2025-12-29,P,122.31,138.99,0.283369,-0.1,1.55,1.6,327,4008
2025-10-31,AAPL,2025-11-25,C,156.4,139.64,0.204292,0.1,1.12,1.16,45,3202
2025-10-31,AAPL,2025-11-25,C,148.02,139.64,0.20969,0.25,1.15,1.19,351,2927
2025-10-31,AAPL,2025-11-25,C,139.64,139.64,0.227683,0.5,1.25,1.29,142,3427
2025-10-31,AAPL,2025-11-25,P,139.64,139.64,0.227683,-0.5,1.24,1.3,185,556
2025-10-31,AAPL,2025-11-25,P,131.26,139.64,0.245676,-0.25,1.35,1.4,204,3670
2025-10-31,AAPL,2025-11-25,P,122.88,139.64,0.252873,-0.1,1.39,1.43,107,2836
2025-10-31,AAPL,2025-12-02,C,156.4,139.64,0.207092,0.1,1.13,1.18,461,1780
2025-10-31,AAPL,2025-12-02,C,148.02,139.64,0.21249,0.25,1.16,1.22,105,2558
2025-10-31,AAPL,2025-12-02,C,139.64,139.64,0.230483,0.5,1.26,1.31,371,712
2025-10-31,AAPL,2025-12-02,P,139.64,139.64,0.230483,-0.5,1.27,1.31,7,263
2025-10-31,AAPL,2025-12-02,P,131.26,139.64,0.248476,-0.25,1.36,1.42,205,4414
2025-10-31,AAPL,2025-12-02,P,122.88,139.64,0.255673,-0.1,1.4,1.46,370,1006
2025-10-31,AAPL,2025-12-30,C,156.4,139.64,0.218292,0.1,1.19,1.24,321,3982
2025-10-31,AAPL,2025-12-30,C,148.02,139.64,0.22369,0.25,1.22,1.28,416,586
2025-10-31,AAPL,2025-12-30,C,139.64,139.64,0.241683,0.5,1.32,1.38,13,811
2025-10-31,AAPL,2025-12-30,P,139.64,139.64,0.241683,-0.5,1.33,1.37,351,4506
2025-10-31,AAPL,2025-12-30,P,131.26,139.64,0.259676,-0.25,1.43,1.48,214,1870
2025-10-31,AAPL,2025-12-30,P,122.88,139.64,0.266873,-0.1,1.47,1.52,447,4907
2025-11-03,AAPL,2025-11-28,C,158.19,141.24,0.2303,0.1,1.27,1.33,273,1678
2025-11-03,AAPL,2025-11-28,C,149.72,141.24,0.235806,0.25,1.31,1.35,166,2115
2025-11-03,AAPL,2025-11-28,C,141.24,141.24,0.254159,0.5,1.41,1.46,137,1037
2025-11-03,AAPL,2025-11-28,P,141.24,141.24,0.254159,-0.5,1.41,1.46,128,3182
2025-11-03,AAPL,2025-11-28,P,132.77,141.24,0.272512,-0.25,1.51,1.57,111,3618
2025-11-03,AAPL,2025-11-28,P,124.29,141.24,0.279853,-0.1,1.55,1.61,212,2051
2025-11-03,AAPL,2025-12-05,C,158.19,141.24,0.2331,0.1,1.29,1.34,332,2488
2025-11-03,AAPL,2025-12-05,C,149.72,141.24,0.238606,0.25,1.32,1.37,134,550
2025-11-03,AAPL,2025-12-05,C,141.24,141.24,0.256959,0.5,1.43,1.47,297,867
2025-11-03,AAPL,2025-12-05,P,141.24,141.24,0.256959,-0.5,1.43,1.48,67,4867
2025-11-03,AAPL,2025-12-05,P,132.77,141.24,0.275312,-0.25,1.53,1.58,283,2152
2025-11-03,AAPL,2025-12-05,P,124.29,141.24,0.282653,-0.1,1.57,1.62,40,3348
2025-11-03,AAPL,2026-01-02,C,158.19,141.24,0.2443,0.1,1.36,1.4,182,2244
2025-11-03,AAPL,2026-01-02,C,149.72,141.24,0.249806,0.25,1.38,1.44,209,313
2025-11-03,AAPL,2026-01-02,C,141.24,141.24,0.268159,0.5,1.49,1.54,333,2741
2025-11-03,AAPL,2026-01-02,P,141.24,141.24,0.268159,-0.5,1.49,1.54,436,4913
2025-11-03,AAPL,2026-01-02,P,132.77,141.24,0.286512,-0.25,1.59,1.65,216,2523
2025-11-03,AAPL,2026-01-02,P,124.29,141.24,0.293853,-0.1,1.64,1.68,339,2945
2025-11-04,AAPL,2025-11-29,C,157.98,141.06,0.222939,0.1,1.23,1.29,488,4128
2025-11-04,AAPL,2025-11-29,C,149.52,141.06,0.228136,0.25,1.27,1.31,150,3565
2025-11-04,AAPL,2025-11-29,C,141.06,141.06,0.245459,0.5,1.36,1.41,342,3408
2025-11-04,AAPL,2025-11-29,P,141.06,141.06,0.245459,-0.5,1.36,1.41,71,2505
2025-11-04,AAPL,2025-11-29,P,132.59,141.06,0.262783,-0.25,1.46,1.51,318,1478
2025-11-04,AAPL,2025-11-29,P,124.13,141.06,0.269712,-0.1,1.5,1.54,147,4140
2025-11-04,AAPL,2025-12-06,C,157.98,141.06,0.225739,0.1,1.24,1.3,463,4285
2025-11-04,AAPL,2025-12-06,C,149.52,141.06,0.230936,0.25,1.28,1.33,29,476
2025-11-04,AAPL,2025-12-06,C,141.06,141.06,0.248259,0.5,1.38,1.42,8,4215
2025-11-04,AAPL,2025-12-06,P,141.06,141.06,0.248259,-0.5,1.37,1.43,327,4833
2025-11-04,AAPL,2025-12-06,P,132.59,141.06,0.265583,-0.25,1.48,1.52,154,2761
2025-11-04,AAPL,2025-12-06,P,124.13,141.06,0.272512,-0.1,1.51,1.57,280,1177
2025-11-04,AAPL,2026-01-03,C,157.98,141.06,0.236939,0.1,1.31,1.37,289,2966
2025-11-04,AAPL,2026-01-03,C,149.52,141.06,0.242136,0.25,1.35,1.39,105,135
2025-11-04,AAPL,2026-01-03,C,141.06,141.06,0.259459,0.5,1.44,1.49,223,3229
2025-11-04,AAPL,2026-01-03,P,141.06,141.06,0.259459,-0.5,1.44,1.49,325,3922
2025-11-04,AAPL,2026-01-03,P,132.59,141.06,0.276783,-0.25,1.54,1.59,200,3995
2025-11-04,AAPL,2026-01-03,P,124.13,141.06,0.283712,-0.1,1.57,1.63,94,869
2025-11-05,AAPL,2025-11-30,C,157.05,140.22,0.215421,0.1,1.19,1.23,5,1614
2025-11-05,AAPL,2025-11-30,C,148.64,140.22,0.221318,0.25,1.22,1.27,461,4319
2025-11-05,AAPL,2025-11-30,C,140.22,140.22,0.240975,0.5,1.33,1.37,64,2175
2025-11-05,AAPL,2025-11-30,P,140.22,140.22,0.240975,-0.5,1.32,1.38,148,560
2025-11-05,AAPL,2025-11-30,P,131.81,140.22,0.260632,-0.25,1.43,1.49,493,4710
2025-11-05,AAPL,2025-11-30,P,123.4,140.22,0.268495,-0.1,1.49,1.53,483,773
2025-11-05,AAPL,2025-12-07,C,157.05,140.22,0.218221,0.1,1.19,1.25,252,997
2025-11-05,AAPL,2025-12-07,C,148.64,140.22,0.224118,0.25,1.24,1.28,158,4761
2025-11-05,AAPL,2025-12-07,C,140.22,140.22,0.243775,0.5,1.34,1.4,271,3282
2025-11-05,AAPL,2025-12-07,P,140.22,140.22,0.243775,-0.5,1.34,1.39,18,4596
2025-11-05,AAPL,2025-12-07,P,131.81,140.22,0.263432,-0.25,1.45,1.5,277,3295
2025-11-05,AAPL,2025-12-07,P,123.4,140.22,0.271295,-0.1,1.49,1.55,112,3269
2025-11-05,AAPL,2026-01-04,C,157.05,140.22,0.229421,0.1,1.26,1.31,11,1954
2025-11-05,AAPL,2026-01-04,C,148.64,140.22,0.235318,0.25,1.29,1.34,344,2617
2025-11-05,AAPL,2026-01-04,C,140.22,140.22,0.254975,0.5,1.41,1.45,153,2246
2025-11-05,AAPL,2026-01-04,P,140.22,140.22,0.254975,-0.5,1.4,1.46,405,2088
2025-11-05,AAPL,2026-01-04,P,131.81,140.22,0.274632,-0.25,1.52,1.56,78,1422
2025-11-05,AAPL,2026-01-04,P,123.4,140.22,0.282495,-0.1,1.56,1.61,256,3969
2025-11-06,AAPL,2025-12-01,C,156.75,139.95,0.228023,0.1,1.25,1.3,403,4055
2025-11-06,AAPL,2025-12-01,C,148.35,139.95,0.23424,0.25,1.29,1.33,415,879
2025-11-06,AAPL,2025-12-01,C,139.95,139.95,0.254964,0.5,1.4,1.46,393,2757
2025-11-06,AAPL,2025-12-01,P,139.95,139.95,0.254964,-0.5,1.4,1.46,347,4192
2025-11-06,AAPL,2025-12-01,P,131.56,139.95,0.275688,-0.25,1.51,1.57,385,326
2025-11-06,AAPL,2025-12-01,P,123.16,139.95,0.283978,-0.1,1.56,1.62,58,3546
2025-11-06,AAPL,2025-12-08,C,156.75,139.95,0.230823,0.1,1.27,1.31,270,4659
2025-11-06,AAPL,2025-12-08,C,148.35,139.95,0.23704,0.25,1.3,1.35,2,4439
2025-11-06,AAPL,2025-12-08,C,139.95,139.95,0.257764,0.5,1.42,1.47,314,2638
2025-11-06,AAPL,2025-12-08,P,139.95,139.95,0.257764,-0.5,1.42,1.46,72,4572
2025-11-06,AAPL,2025-12-08,P,131.56,139.95,0.278488,-0.25,1.53,1.58,182,40
2025-11-06,AAPL,2025-12-08,P,123.16,139.95,0.286778,-0.1,1.59,1.63,428,3890
2025-11-06,AAPL,2026-01-05,C,156.75,139.95,0.242023,0.1,1.33,1.38,440,2997
2025-11-06,AAPL,2026-01-05,C,148.35,139.95,0.24824,0.25,1.36,1.42,171,1404
2025-11-06,AAPL,2026-01-05,C,139.95,139.95,0.268964,0.5,1.48,1.53,300,1208
2025-11-06,AAPL,2026-01-05,P,139.95,139.95,0.268964,-0.5,1.48,1.54,257,4302
2025-11-06,AAPL,2026-01-05,P,131.56,139.95,0.289688,-0.25,1.6,1.64,142,2648
2025-11-06,AAPL,2026-01-05,P,123.16,139.95,0.297978,-0.1,1.64,1.69,148,4800
2025-11-07,AAPL,2025-12-02,C,157.07,140.25,0.209454,0.1,1.15,1.2,310,4644
2025-11-07,AAPL,2025-12-02,C,148.66,140.25,0.216465,0.25,1.19,1.24,499,2756
2025-11-07,AAPL,2025-12-02,C,140.25,140.25,0.239836,0.5,1.32,1.37,238,3091
2025-11-07,AAPL,2025-12-02,P,140.25,140.25,0.239836,-0.5,1.32,1.37,368,4838
2025-11-07,AAPL,2025-12-02,P,131.83,140.25,0.263206,-0.25,1.45,1.5,181,689
2025-11-07,AAPL,2025-12-02,P,123.42,140.25,0.272555,-0.1,1.5,1.56,19,4106
2025-11-07,AAPL,2025-12-09,C,157.07,140.25,0.212254,0.1,1.16,1.22,475,3746
2025-11-07,AAPL,2025-12-09,C,148.66,140.25,0.219265,0.25,1.21,1.25,299,3213
2025-11-07,AAPL,2025-12-09,C,140.25,140.25,0.242636,0.5,1.34,1.38,456,992
2025-11-07,AAPL,2025-12-09,P,140.25,140.25,0.242636,-0.5,1.33,1.39,10,3698
2025-11-07,AAPL,2025-12-09,P,131.83,140.25,0.266006,-0.25,1.47,1.51,406,565
2025-11-07,AAPL,2025-12-09,P,123.42,140.25,0.275355,-0.1,1.52,1.57,371,569
2025-11-07,AAPL,2026-01-06,C,157.07,140.25,0.223454,0.1,1.23,1.28,36,921
2025-11-07,AAPL,2026-01-06,C,148.66,140.25,0.230465,0.25,1.27,1.31,144,1577
2025-11-07,AAPL,2026-01-06,C,140.25,140.25,0.253836,0.5,1.39,1.45,422,1716
2025-11-07,AAPL,2026-01-06,P,140.25,140.25,0.253836,-0.5,1.4,1.45,430,3732
2025-11-07,AAPL,2026-01-06,P,131.83,140.25,0.277206,-0.25,1.53,1.58,459,3720
2025-11-07,AAPL,2026-01-06,P,123.42,140.25,0.286555,-0.1,1.58,1.63,168,3046
2025-11-10,AAPL,2025-12-05,C,157.31,140.46,0.211167,0.1,1.16,1.21,286,3553
2025-11-10,AAPL,2025-12-05,C,148.88,140.46,0.218352,0.25,1.2,1.25,401,736
2025-11-10,AAPL,2025-12-05,C,140.46,140.46,0.242302,0.5,1.33,1.39,436,3687
2025-11-10,AAPL,2025-12-05,P,140.46,140.46,0.242302,-0.5,1.34,1.38,455,4374
2025-11-10,AAPL,2025-12-05,P,132.03,140.46,0.266253,-0.25,1.47,1.52,218,1226
2025-11-10,AAPL,2025-12-05,P,123.6,140.46,0.275833,-0.1,1.52,1.58,87,1242
2025-11-10,AAPL,2025-12-12,C,157.31,140.46,0.213967,0.1,1.18,1.23,230,1845
2025-11-10,AAPL,2025-12-12,C,148.88,140.46,0.221152,0.25,1.21,1.27,458,2281
2025-11-10,AAPL,2025-12-12,C,140.46,140.46,0.245102,0.5,1.35,1.4,99,3972
2025-11-10,AAPL,2025-12-12,P,140.46,140.46,0.245102,-0.5,1.35,1.4,360,4719
2025-11-10,AAPL,2025-12-12,P,132.03,140.46,0.269053,-0.25,1.48,1.54,253,2007
2025-11-10,AAPL,2025-12-12,P,123.6,140.46,0.278633,-0.1,1.54,1.59,103,2627
2025-11-10,AAPL,2026-01-09,C,157.31,140.46,0.225167,0.1,1.24,1.29,317,1307
2025-11-10,AAPL,2026-01-09,C,148.88,140.46,0.232352,0.25,1.28,1.33,5,792
2025-11-10,AAPL,2026-01-09,C,140.46,140.46,0.256302,0.5,1.41,1.47,55,1814
2025-11-10,AAPL,2026-01-09,P,140.46,140.46,0.256302,-0.5,1.41,1.47,150,19
2025-11-10,AAPL,2026-01-09,P,132.03,140.46,0.280253,-0.25,1.55,1.6,292,1816
2025-11-10,AAPL,2026-01-09,P,123.6,140.46,0.289833,-0.1,1.61,1.65,119,2195
2025-11-11,AAPL,2025-12-06,C,155.85,139.16,0.193242,0.1,1.05,1.1,12,2627
2025-11-11,AAPL,2025-12-06,C,147.51,139.16,0.200854,0.25,1.1,1.14,193,4358
2025-11-11,AAPL,2025-12-06,C,139.16,139.16,0.226225,0.5,1.23,1.28,111,394
2025-11-11,AAPL,2025-12-06,P,139.16,139.16,0.226225,-0.5,1.23,1.29,491,3304
2025-11-11,AAPL,2025-12-06,P,130.81,139.16,0.251596,-0.25,1.37,1.43,329,2140
2025-11-11,AAPL,2025-12-06,P,122.46,139.16,0.261744,-0.1,1.43,1.48,432,2686
2025-11-11,AAPL,2025-12-13,C,155.85,139.16,0.196042,0.1,1.07,1.11,101,1501
2025-11-11,AAPL,2025-12-13,C,147.51,139.16,0.203654,0.25,1.1,1.16,231,3314
2025-11-11,AAPL,2025-12-13,C,139.16,139.16,0.229025,0.5,1.25,1.3,483,1119
2025-11-11,AAPL,2025-12-13,P,139.16,139.16,0.229025,-0.5,1.25,1.3,327,1308
2025-11-11,AAPL,2025-12-13,P,130.81,139.16,0.254396,-0.25,1.39,1.44,126,781
2025-11-11,AAPL,2025-12-13,P,122.46,139.16,0.264544,-0.1,1.45,1.5,352,3217
2025-11-11,AAPL,2026-01-10,C,155.85,139.16,0.207242,0.1,1.13,1.17,310,584
2025-11-11,AAPL,2026-01-10,C,147.51,139.16,0.214854,0.25,1.17,1.22,380,2859
2025-11-11,AAPL,2026-01-10,C,139.16,139.16,0.240225,0.5,1.31,1.36,418,898
2025-11-11,AAPL,2026-01-10,P,139.16,139.16,0.240225,-0.5,1.31,1.36,43,4681
2025-11-11,AAPL,2026-01-10,P,130.81,139.16,0.265596,-0.25,1.45,1.5,65,988
2025-11-11,AAPL,2026-01-10,P,122.46,139.16,0.275744,-0.1,1.51,1.56,343,1721
2025-11-12,AAPL,2025-12-07,C,155.98,139.26,0.210015,0.1,1.15,1.19,310,4528
2025-11-12,AAPL,2025-12-07,C,147.62,139.26,0.217939,0.25,1.19,1.24,414,4324
2025-11-12,AAPL,2025-12-07,C,139.26,139.26,0.24435,0.5,1.34,1.39,167,2589
2025-11-12,AAPL,2025-12-07,P,139.26,139.26,0.24435,-0.5,1.34,1.38,462,3189
2025-11-12,AAPL,2025-12-07,P,130.91,139.26,0.270761,-0.25,1.49,1.53,36,2398
2025-11-12,AAPL,2025-12-07,P,122.55,139.26,0.281325,-0.1,1.54,1.59,372,1967
2025-11-12,AAPL,2025-12-14,C,155.98,139.26,0.212815,0.1,1.16,1.21,91,82
2025-11-12,AAPL,2025-12-14,C,147.62,139.26,0.220739,0.25,1.21,1.25,257,4948
2025-11-12,AAPL,2025-12-14,C,139.26,139.26,0.24715,0.5,1.36,1.4,96,1603
2025-11-12,AAPL,2025-12-14,P,139.26,139.26,0.24715,-0.5,1.35,1.4,484,1903
2025-11-12,AAPL,2025-12-14,P,130.91,139.26,0.273561,-0.25,1.5,1.55,65,1246
2025-11-12,AAPL,2025-12-14,P,122.55,139.26,0.284125,-0.1,1.56,1.61,7,3227
2025-11-12,AAPL,2026-01-11,C,155.98,139.26,0.224015,0.1,1.22,1.27,301,4744
2025-11-12,AAPL,2026-01-11,C,147.62,139.26,0.231939,0.25,1.26,1.32,207,607
2025-11-12,AAPL,2026-01-11,C,139.26,139.26,0.25835,0.5,1.42,1.46,150,1047
2025-11-12,AAPL,2026-01-11,P,139.26,139.26,0.25835,-0.5,1.42,1.46,329,2459
2025-11-12,AAPL,2026-01-11,P,130.91,139.26,0.284761,-0.25,1.56,1.61,421,2134
2025-11-12,AAPL,2026-01-11,P,122.55,139.26,0.295325,-0.1,1.62,1.67,190,1400
2025-11-13,AAPL,2025-12-08,C,156.28,139.54,0.212415,0.1,1.16,1.21,426,388
2025-11-13,AAPL,2025-12-08,C,147.91,139.54,0.220893,0.25,1.21,1.26,211,2289
2025-11-13,AAPL,2025-12-08,C,139.54,139.54,0.249151,0.5,1.36,1.42,147,2988
2025-11-13,AAPL,2025-12-08,P,139.54,139.54,0.249151,-0.5,1.36,1.42,43,344
2025-11-13,AAPL,2025-12-08,P,131.17,139.54,0.277409,-0.25,1.52,1.57,303,4927
2025-11-13,AAPL,2025-12-08,P,122.79,139.54,0.288713,-0.1,1.59,1.63,184,645
2025-11-13,AAPL,2025-12-15,C,156.28,139.54,0.215215,0.1,1.17,1.23,18,3889
2025-11-13,AAPL,2025-12-15,C,147.91,139.54,0.223693,0.25,1.22,1.28,407,3883
2025-11-13,AAPL,2025-12-15,C,139.54,139.54,0.251951,0.5,1.38,1.43,94,687
2025-11-13,AAPL,2025-12-15,P,139.54,139.54,0.251951,-0.5,1.38,1.43,309,3886
2025-11-13,AAPL,2025-12-15,P,131.17,139.54,0.280209,-0.25,1.54,1.59,225,1238
2025-11-13,AAPL,2025-12-15,P,122.79,139.54,0.291513,-0.1,1.61,1.65,203,3907
2025-11-13,AAPL,2026-01-12,C,156.28,139.54,0.226415,0.1,1.24,1.29,84,169
2025-11-13,AAPL,2026-01-12,C,147.91,139.54,0.234893,0.25,1.28,1.34,392,2534
2025-11-13,AAPL,2026-01-12,C,139.54,139.54,0.263151,0.5,1.45,1.49,96,67
2025-11-13,AAPL,2026-01-12,P,139.54,139.54,0.263151,-0.5,1.45,1.49,53,3965
2025-11-13,AAPL,2026-01-12,P,131.17,139.54,0.291409,-0.25,1.6,1.65,109,757
2025-11-13,AAPL,2026-01-12,P,122.79,139.54,0.302713,-0.1,1.67,1.71,267,834
2025-11-14,AAPL,2025-12-09,C,159.67,142.56,0.214671,0.1,1.2,1.25,112,2752
2025-11-14,AAPL,2025-12-09,C,151.11,142.56,0.222432,0.25,1.25,1.29,349,1724
2025-11-14,AAPL,2025-12-09,C,142.56,142.56,0.248301,0.5,1.39,1.44,70,2105
2025-11-14,AAPL,2025-12-09,P,142.56,142.56,0.248301,-0.5,1.39,1.44,282,203
2025-11-14,AAPL,2025-12-09,P,134.01,142.56,0.27417,-0.25,1.54,1.58,88,1757
2025-11-14,AAPL,2025-12-09,P,125.45,142.56,0.284518,-0.1,1.6,1.65,234,664
2025-11-14,AAPL,2025-12-16,C,159.67,142.56,0.217471,0.1,1.21,1.27,46,3581
2025-11-14,AAPL,2025-12-16,C,151.11,142.56,0.225232,0.25,1.26,1.3,347,143
2025-11-14,AAPL,2025-12-16,C,142.56,142.56,0.251101,0.5,1.41,1.45,292,290
2025-11-14,AAPL,2025-12-16,P,142.56,142.56,0.251101,-0.5,1.41,1.46,496,207
2025-11-14,AAPL,2025-12-16,P,134.01,142.56,0.27697,-0.25,1.55,1.61,146,2469
2025-11-14,AAPL,2025-12-16,P,125.45,142.56,0.287318,-0.1,1.61,1.67,147,3756
2025-11-14,AAPL,2026-01-13,C,159.67,142.56,0.228671,0.1,1.28,1.33,221,4627
2025-11-14,AAPL,2026-01-13,C,151.11,142.56,0.236432,0.25,1.32,1.38,338,1802
2025-11-14,AAPL,2026-01-13,C,142.56,142.56,0.262301,0.5,1.47,1.52,475,1822
2025-11-14,AAPL,2026-01-13,P,142.56,142.56,0.262301,-0.5,1.47,1.52,11,2659
2025-11-14,AAPL,2026-01-13,P,134.01,142.56,0.28817,-0.25,1.62,1.67,372,2407
2025-11-14,AAPL,2026-01-13,P,125.45,142.56,0.298518,-0.1,1.67,1.73,38,1377
2025-11-17,AAPL,2025-12-12,C,162.19,144.81,0.214302,0.1,1.22,1.26,20,3926
2025-11-17,AAPL,2025-12-12,C,153.5,144.81,0.222008,0.25,1.26,1.31,202,52
2025-11-17,AAPL,2025-12-12,C,144.81,144.81,0.247695,0.5,1.41,1.46,334,859
2025-11-17,AAPL,2025-12-12,P,144.81,144.81,0.247695,-0.5,1.41,1.46,428,2841
2025-11-17,AAPL,2025-12-12,P,136.12,144.81,0.273381,-0.25,1.56,1.61,348,3473
2025-11-17,AAPL,2025-12-12,P,127.43,144.81,0.283656,-0.1,1.61,1.67,2,3895
2025-11-17,AAPL,2025-12-19,C,162.19,144.81,0.217102,0.1,1.23,1.28,260,3616
2025-11-17,AAPL,2025-12-19,C,153.5,144.81,0.224808,0.25,1.28,1.33,401,3947
2025-11-17,AAPL,2025-12-19,C,144.81,144.81,0.250495,0.5,1.42,1.48,163,695
2025-11-17,AAPL,2025-12-19,P,144.81,144.81,0.250495,-0.5,1.43,1.47,102,1357
2025-11-17,AAPL,2025-12-19,P,136.12,144.81,0.276181,-0.25,1.58,1.62,80,1968
2025-11-17,AAPL,2025-12-19,P,127.43,144.81,0.286456,-0.1,1.64,1.68,456,2981
2025-11-17,AAPL,2026-01-16,C,162.19,144.81,0.228302,0.1,1.3,1.34,407,1356
2025-11-17,AAPL,2026-01-16,C,153.5,144.81,0.236008,0.25,1.34,1.39,419,1998
2025-11-17,AAPL,2026-01-16,C,144.81,144.81,0.261695,0.5,1.49,1.54,55,3991
2025-11-17,AAPL,2026-01-16,P,144.81,144.81,0.261695,-0.5,1.49,1.55,50,2829
2025-11-17,AAPL,2026-01-16,P,136.12,144.81,0.287381,-0.25,1.64,1.69,475,523
2025-11-17,AAPL,2026-01-16,P,127.43,144.81,0.297656,-0.1,1.69,1.75,278,3399
2025-11-18,AAPL,2025-12-13,C,161.04,143.79,0.204396,0.1,1.15,1.2,34,906
2025-11-18,AAPL,2025-12-13,C,152.41,143.79,0.21226,0.25,1.2,1.25,77,3992
2025-11-18,AAPL,2025-12-13,C,143.79,143.79,0.238471,0.5,1.34,1.4,8,1194
2025-11-18,AAPL,2025-12-13,P,143.79,143.79,0.238471,-0.5,1.35,1.4,201,793
2025-11-18,AAPL,2025-12-13,P,135.16,143.79,0.264683,-0.25,1.49,1.55,67,1268
2025-11-18,AAPL,2025-12-13,P,126.53,143.79,0.275167,-0.1,1.56,1.61,69,1163
2025-11-18,AAPL,2025-12-20,C,161.04,143.79,0.207196,0.1,1.17,1.22,42,3299
2025-11-18,AAPL,2025-12-20,C,152.41,143.79,0.21506,0.25,1.21,1.26,431,4095
2025-11-18,AAPL,2025-12-20,C,143.79,143.79,0.241271,0.5,1.36,1.42,117,4276
2025-11-18,AAPL,2025-12-20,P,143.79,143.79,0.241271,-0.5,1.36,1.41,278,3724
2025-11-18,AAPL,2025-12-20,P,135.16,143.79,0.267483,-0.25,1.51,1.56,188,2967
2025-11-18,AAPL,2025-12-20,P,126.53,143.79,0.277967,-0.1,1.57,1.62,293,3005
2025-11-18,AAPL,2026-01-17,C,161.04,143.79,0.218396,0.1,1.23,1.28,150,2050
2025-11-18,AAPL,2026-01-17,C,152.41,143.79,0.22626,0.25,1.28,1.32,475,1407
2025-11-18,AAPL,2026-01-17,C,143.79,143.79,0.252471,0.5,1.43,1.47,486,1070
2025-11-18,AAPL,2026-01-17,P,143.79,143.79,0.252471,-0.5,1.42,1.48,101,2753
2025-11-18,AAPL,2026-01-17,P,135.16,143.79,0.278683,-0.25,1.58,1.62,13,3944
2025-11-18,AAPL,2026-01-17,P,126.53,143.79,0.289167,-0.1,1.63,1.69,463,4403
2025-11-19,AAPL,2025-12-14,C,160.66,143.44,0.215781,0.1,1.21,1.27,173,2936
2025-11-19,AAPL,2025-12-14,C,152.05,143.44,0.22493,0.25,1.26,1.32,296,4744
2025-11-19,AAPL,2025-12-14,C,143.44,143.44,0.255429,0.5,1.44,1.49,261,4318
2025-11-19,AAPL,2025-12-14,P,143.44,143.44,0.255429,-0.5,1.44,1.49,108,3881
2025-11-19,AAPL,2025-12-14,P,134.84,143.44,0.285927,-0.25,1.61,1.67,29,1927
2025-11-19,AAPL,2025-12-14,P,126.23,143.44,0.298126,-0.1,1.69,1.73,379,3203
2025-11-19,AAPL,2025-12-21,C,160.66,143.44,0.218581,0.1,1.23,1.28,496,4399
2025-11-19,AAPL,2025-12-21,C,152.05,143.44,0.22773,0.25,1.28,1.34,24,3609
2025-11-19,AAPL,2025-12-21,C,143.44,143.44,0.258229,0.5,1.45,1.51,252,901
2025-11-19,AAPL,2025-12-21,P,143.44,143.44,0.258229,-0.5,1.45,1.51,9,330
2025-11-19,AAPL,2025-12-21,P,134.84,143.44,0.288727,-0.25,1.63,1.68,274,460
2025-11-19,AAPL,2025-12-21,P,126.23,143.44,0.300926,-0.1,1.7,1.75,424,1956
2025-11-19,AAPL,2026-01-18,C,160.66,143.44,0.229781,0.1,1.3,1.34,283,3244
2025-11-19,AAPL,2026-01-18,C,152.05,143.44,0.23893,0.25,1.34,1.4,469,879
2025-11-19,AAPL,2026-01-18,C,143.44,143.44,0.269429,0.5,1.52,1.57,10,903
2025-11-19,AAPL,2026-01-18,P,143.44,143.44,0.269429,-0.5,1.52,1.57,178,745
2025-11-19,AAPL,2026-01-18,P,134.84,143.44,0.299927,-0.25,1.69,1.75,165,3896
2025-11-19,AAPL,2026-01-18,P,126.23,143.44,0.312126,-0.1,1.76,1.82,342,4048
2025-11-20,AAPL,2025-12-15,C,158.69,141.69,0.224615,0.1,1.25,1.3,88,4882
2025-11-20,AAPL,2025-12-15,C,150.19,141.69,0.233698,0.25,1.3,1.35,96,758
2025-11-20,AAPL,2025-12-15,C,141.69,141.69,0.263975,0.5,1.47,1.52,366,2991
2025-11-20,AAPL,2025-12-15,P,141.69,141.69,0.263975,-0.5,1.47,1.52,302,929
2025-11-20,AAPL,2025-12-15,P,133.19,141.69,0.294252,-0.25,1.64,1.7,7,4784
2025-11-20,AAPL,2025-12-15,P,124.68,141.69,0.306363,-0.1,1.71,1.76,161,1042
2025-11-20,AAPL,2025-12-22,C,158.69,141.69,0.227415,0.1,1.27,1.31,395,1943
2025-11-20,AAPL,2025-12-22,C,150.19,141.69,0.236498,0.25,1.31,1.37,201,2983
2025-11-20,AAPL,2025-12-22,C,141.69,141.69,0.266775,0.5,1.49,1.53,253,2370
2025-11-20,AAPL,2025-12-22,P,141.69,141.69,0.266775,-0.5,1.49,1.53,420,2037
2025-11-20,AAPL,2025-12-22,P,133.19,141.69,0.297052,-0.25,1.66,1.71,249,3245
2025-11-20,AAPL,2025-12-22,P,124.68,141.69,0.309163,-0.1,1.73,1.78,83,4375
2025-11-20,AAPL,2026-01-19,C,158.69,141.69,0.238615,0.1,1.33,1.37,20,3872
2025-11-20,AAPL,2026-01-19,C,150.19,141.69,0.247698,0.25,1.38,1.42,405,1528
2025-11-20,AAPL,2026-01-19,C,141.69,141.69,0.277975,0.5,1.55,1.6,25,3455
2025-11-20,AAPL,2026-01-19,P,141.69,141.69,0.277975,-0.5,1.55,1.6,172,2459
2025-11-20,AAPL,2026-01-19,P,133.19,141.69,0.308252,-0.25,1.72,1.77,139,4687
2025-11-20,AAPL,2026-01-19,P,124.68,141.69,0.320363,-0.1,1.79,1.84,60,133
2025-11-21,AAPL,2025-12-16,C,157.9,140.98,0.154466,0.1,0.85,0.89,133,2996
2025-11-21,AAPL,2025-12-16,C,149.44,140.98,0.163877,0.25,0.9,0.95,266,189
2025-11-21,AAPL,2025-12-16,C,140.98,140.98,0.195245,0.5,1.07,1.13,41,3534
2025-11-21,AAPL,2025-12-16,P,140.98,140.98,0.195245,-0.5,1.07,1.13,109,1231
2025-11-21,AAPL,2025-12-16,P,132.52,140.98,0.226613,-0.25,1.25,1.3,262,607
2025-11-21,AAPL,2025-12-16,P,124.06,140.98,0.239161,-0.1,1.33,1.37,281,1520
2025-11-21,AAPL,2025-12-23,C,157.9,140.98,0.157266,0.1,0.86,0.91,435,883
2025-11-21,AAPL,2025-12-23,C,149.44,140.98,0.166677,0.25,0.92,0.96,210,4508
2025-11-21,AAPL,2025-12-23,C,140.98,140.98,0.198045,0.5,1.09,1.14,348,1728
2025-11-21,AAPL,2025-12-23,P,140.98,140.98,0.198045,-0.5,1.09,1.15,357,1202
2025-11-21,AAPL,2025-12-23,P,132.52,140.98,0.229413,-0.25,1.27,1.32,40,4069
2025-11-21,AAPL,2025-12-23,P,124.06,140.98,0.241961,-0.1,1.34,1.39,352,1180
2025-11-21,AAPL,2026-01-20,C,157.9,140.98,0.168466,0.1,0.93,0.97,134,2508
2025-11-21,AAPL,2026-01-20,C,149.44,140.98,0.177877,0.25,0.98,1.03,374,2033
2025-11-21,AAPL,2026-01-20,C,140.98,140.98,0.209245,0.5,1.16,1.2,485,1327
2025-11-21,AAPL,2026-01-20,P,140.98,140.98,0.209245,-0.5,1.15,1.21,471,1105
2025-11-21,AAPL,2026-01-20,P,132.52,140.98,0.240613,-0.25,1.33,1.39,450,3739
2025-11-21,AAPL,2026-01-20,P,124.06,140.98,0.253161,-0.1,1.4,1.45,333,3738
2025-11-24,AAPL,2025-12-19,C,158.32,141.36,0.19924,0.1,1.1,1.15,341,2207
2025-11-24,AAPL,2025-12-19,C,149.84,141.36,0.208499,0.25,1.15,1.2,126,3746
2025-11-24,AAPL,2025-12-19,C,141.36,141.36,0.239364,0.5,1.32,1.38,413,1906
2025-11-24,AAPL,2025-12-19,P,141.36,141.36,0.239364,-0.5,1.33,1.38,436,3056
2025-11-24,AAPL,2025-12-19,P,132.88,141.36,0.270229,-0.25,1.51,1.55,8,715
2025-11-24,AAPL,2025-12-19,P,124.39,141.36,0.282575,-0.1,1.57,1.63,313,4049
2025-11-24,AAPL,2025-12-26,C,158.32,141.36,0.20204,0.1,1.11,1.17,470,1096
2025-11-24,AAPL,2025-12-26,C,149.84,141.36,0.211299,0.25,1.17,1.21,296,2191
2025-11-24,AAPL,2025-12-26,C,141.36,141.36,0.242164,0.5,1.34,1.4,331,700
2025-11-24,AAPL,2025-12-26,P,141.36,141.36,0.242164,-0.5,1.35,1.39,152,354
2025-11-24,AAPL,2025-12-26,P,132.88,141.36,0.273029,-0.25,1.52,1.57,436,3931
2025-11-24,AAPL,2025-12-26,P,124.39,141.36,0.285375,-0.1,1.59,1.64,472,275
2025-11-24,AAPL,2026-01-23,C,158.32,141.36,0.21324,0.1,1.18,1.23,193,2248
2025-11-24,AAPL,2026-01-23,C,149.84,141.36,0.222499,0.25,1.24,1.28,115,1482
2025-11-24,AAPL,2026-01-23,C,141.36,141.36,0.253364,0.5,1.41,1.46,238,1654
2025-11-24,AAPL,2026-01-23,P,141.36,141.36,0.253364,-0.5,1.4,1.46,339,2378
2025-11-24,AAPL,2026-01-23,P,132.88,141.36,0.284229,-0.25,1.58,1.63,108,3369
2025-11-24,AAPL,2026-01-23,P,124.39,141.36,0.296575,-0.1,1.65,1.7,283,22
2025-11-25,AAPL,2025-12-20,C,159.94,142.8,0.171682,0.1,0.96,1.0,489,1882
2025-11-25,AAPL,2025-12-20,C,151.37,142.8,0.179405,0.25,1.0,1.05,241,2791
2025-11-25,AAPL,2025-12-20,C,142.8,142.8,0.205146,0.5,1.15,1.2,76,845
2025-11-25,AAPL,2025-12-20,P,142.8,142.8,0.205146,-0.5,1.15,1.2,209,1603
2025-11-25,AAPL,2025-12-20,P,134.24,142.8,0.230888,-0.25,1.29,1.35,384,2676
2025-11-25,AAPL,2025-12-20,P,125.67,142.8,0.241185,-0.1,1.35,1.41,428,1957
2025-11-25,AAPL,2025-12-27,C,159.94,142.8,0.174482,0.1,0.97,1.02,423,292
2025-11-25,AAPL,2025-12-27,C,151.37,142.8,0.182205,0.25,1.02,1.06,380,400
2025-11-25,AAPL,2025-12-27,C,142.8,142.8,0.207946,0.5,1.17,1.21,96,4595
2025-11-25,AAPL,2025-12-27,P,142.8,142.8,0.207946,-0.5,1.16,1.21,146,3129
2025-11-25,AAPL,2025-12-27,P,134.24,142.8,0.233688,-0.25,1.31,1.36,428,2852
2025-11-25,AAPL,2025-12-27,P,125.67,142.8,0.243985,-0.1,1.37,1.42,471,4134
2025-11-25,AAPL,2026-01-24,C,159.94,142.8,0.185682,0.1,1.03,1.09,488,3745
2025-11-25,AAPL,2026-01-24,C,151.37,142.8,0.193405,0.25,1.08,1.13,453,4884
2025-11-25,AAPL,2026-01-24,C,142.8,142.8,0.219146,0.5,1.23,1.27,58,1939
2025-11-25,AAPL,2026-01-24,P,142.8,142.8,0.219146,-0.5,1.22,1.28,457,910
2025-11-25,AAPL,2026-01-24,P,134.24,142.8,0.244888,-0.25,1.38,1.42,393,1833
2025-11-25,AAPL,2026-01-24,P,125.67,142.8,0.255185,-0.1,1.43,1.48,411,4667
2025-11-26,AAPL,2025-12-21,C,158.96,141.93,0.225044,0.1,1.25,1.3,55,4865
2025-11-26,AAPL,2025-12-21,C,150.44,141.93,0.233712,0.25,1.3,1.35,363,4369
2025-11-26,AAPL,2025-12-21,C,141.93,141.93,0.262604,0.5,1.47,1.51,19,2449
2025-11-26,AAPL,2025-12-21,P,141.93,141.93,0.262604,-0.5,1.47,1.51,331,54
2025-11-26,AAPL,2025-12-21,P,133.41,141.93,0.291497,-0.25,1.63,1.68,407,600
2025-11-26,AAPL,2025-12-21,P,124.9,141.93,0.303053,-0.1,1.69,1.75,431,3483
2025-11-26,AAPL,2025-12-28,C,158.96,141.93,0.227844,0.1,1.27,1.31,346,2249
2025-11-26,AAPL,2025-12-28,C,150.44,141.93,0.236512,0.25,1.32,1.37,38,4449
2025-11-26,AAPL,2025-12-28,C,141.93,141.93,0.265404,0.5,1.48,1.53,109,4871
2025-11-26,AAPL,2025-12-28,P,141.93,141.93,0.265404,-0.5,1.48,1.54,111,3256
2025-11-26,AAPL,2025-12-28,P,133.41,141.93,0.294297,-0.25,1.65,1.69,311,3558
2025-11-26,AAPL,2025-12-28,P,124.9,141.93,0.305853,-0.1,1.71,1.76,259,1523
2025-11-26,AAPL,2026-01-25,C,158.96,141.93,0.239044,0.1,1.33,1.39,304,4544
2025-11-26,AAPL,2026-01-25,C,150.44,141.93,0.247712,0.25,1.38,1.43,413,3616
2025-11-26,AAPL,2026-01-25,C,141.93,141.93,0.276604,0.5,1.55,1.6,107,3807
2025-11-26,AAPL,2026-01-25,P,141.93,141.93,0.276604,-0.5,1.54,1.6,464,125
2025-11-26,AAPL,2026-01-25,P,133.41,141.93,0.305497,-0.25,1.71,1.76,180,1688
2025-11-26,AAPL,2026-01-25,P,124.9,141.93,0.317053,-0.1,1.77,1.83,231,1997
2025-11-27,AAPL,2025-12-22,C,158.08,141.14,0.196764,0.1,1.09,1.14,47,1451
2025-11-27,AAPL,2025-12-22,C,149.61,141.14,0.205932,0.25,1.13,1.19,165,2807
2025-11-27,AAPL,2025-12-22,C,141.14,141.14,0.236494,0.5,1.31,1.36,148,231
2025-11-27,AAPL,2025-12-22,P,141.14,141.14,0.236494,-0.5,1.31,1.36,108,705
2025-11-27,AAPL,2025-12-22,P,132.67,141.14,0.267055,-0.25,1.48,1.53,352,3040
2025-11-27,AAPL,2025-12-22,P,124.21,141.14,0.27928,-0.1,1.55,1.6,3,336
2025-11-27,AAPL,2025-12-29,C,158.08,141.14,0.199564,0.1,1.1,1.15,45,2049
2025-11-27,AAPL,2025-12-29,C,149.61,141.14,0.208732,0.25,1.15,1.21,331,1971
2025-11-27,AAPL,2025-12-29,C,141.14,141.14,0.239294,0.5,1.33,1.37,193,2909
2025-11-27,AAPL,2025-12-29,P,141.14,141.14,0.239294,-0.5,1.32,1.38,258,3935
2025-11-27,AAPL,2025-12-29,P,132.67,141.14,0.269855,-0.25,1.5,1.55,184,4641
2025-11-27,AAPL,2025-12-29,P,124.21,141.14,0.28208,-0.1,1.57,1.62,102,4974
2025-11-27,AAPL,2026-01-26,C,158.08,141.14,0.210764,0.1,1.17,1.21,220,4175
2025-11-27,AAPL,2026-01-26,C,149.61,141.14,0.219932,0.25,1.21,1.27,276,4584
2025-11-27,AAPL,2026-01-26,C,141.14,141.14,0.250494,0.5,1.39,1.44,91,3940
2025-11-27,AAPL,2026-01-26,P,141.14,141.14,0.250494,-0.5,1.39,1.44,185,3019
2025-11-27,AAPL,2026-01-26,P,132.67,141.14,0.281055,-0.25,1.56,1.61,165,2984
2025-11-27,AAPL,2026-01-26,P,124.21,141.14,0.29328,-0.1,1.63,1.68,71,1741
2025-11-28,AAPL,2025-12-23,C,155.19,138.57,0.217256,0.1,1.18,1.23,339,3323
2025-11-28,AAPL,2025-12-23,C,146.88,138.57,0.227332,0.25,1.23,1.29,98,3709
2025-11-28,AAPL,2025-12-23,C,138.57,138.57,0.26092,0.5,1.42,1.47,175,4094
2025-11-28,AAPL,2025-12-23,P,138.57,138.57,0.26092,-0.5,1.42,1.47,374,162
2025-11-28,AAPL,2025-12-23,P,130.25,138.57,0.294507,-0.25,1.61,1.66,396,2338
2025-11-28,AAPL,2025-12-23,P,121.94,138.57,0.307942,-0.1,1.68,1.73,426,595
2025-11-28,AAPL,2025-12-30,C,155.19,138.57,0.220056,0.1,1.2,1.24,441,132
2025-11-28,AAPL,2025-12-30,C,146.88,138.57,0.230132,0.25,1.25,1.3,274,1338
2025-11-28,AAPL,2025-12-30,C,138.57,138.57,0.26372,0.5,1.43,1.49,14,2637
2025-11-28,AAPL,2025-12-30,P,138.57,138.57,0.26372,-0.5,1.44,1.49,462,3314
2025-11-28,AAPL,2025-12-30,P,130.25,138.57,0.297307,-0.25,1.62,1.67,192,666
2025-11-28,AAPL,2025-12-30,P,121.94,138.57,0.310742,-0.1,1.7,1.74,42,1120
2025-11-28,AAPL,2026-01-27,C,155.19,138.57,0.231256,0.1,1.26,1.31,410,2313
2025-11-28,AAPL,2026-01-27,C,146.88,138.57,0.241332,0.25,1.31,1.36,100,2787
2025-11-28,AAPL,2026-01-27,C,138.57,138.57,0.27492,0.5,1.49,1.55,189,1577
2025-11-28,AAPL,2026-01-27,P,138.57,138.57,0.27492,-0.5,1.5,1.55,86,2407
2025-11-28,AAPL,2026-01-27,P,130.25,138.57,0.308507,-0.25,1.68,1.74,287,3654
2025-11-28,AAPL,2026-01-27,P,121.94,138.57,0.321942,-0.1,1.76,1.81,170,1015
2025-12-01,AAPL,2025-12-26,C,154.98,138.37,0.212194,0.1,1.15,1.2,454,1913
2025-12-01,AAPL,2025-12-26,C,146.67,138.37,0.22123,0.25,1.19,1.25,6,1830
2025-12-01,AAPL,2025-12-26,C,138.37,138.37,0.251351,0.5,1.37,1.42,396,2377
2025-12-01,AAPL,2025-12-26,P,138.37,138.37,0.251351,-0.5,1.37,1.42,202,4229
2025-12-01,AAPL,2025-12-26,P,130.07,138.37,0.281471,-0.25,1.54,1.58,71,2842
2025-12-01,AAPL,2025-12-26,P,121.77,138.37,0.293519,-0.1,1.6,1.65,408,4257
2025-12-01,AAPL,2026-01-02,C,154.98,138.37,0.214994,0.1,1.16,1.22,122,4800
2025-12-01,AAPL,2026-01-02,C,146.67,138.37,0.22403,0.25,1.21,1.27,491,1750
2025-12-01,AAPL,2026-01-02,C,138.37,138.37,0.254151,0.5,1.38,1.44,237,4792
2025-12-01,AAPL,2026-01-02,P,138.37,138.37,0.254151,-0.5,1.38,1.43,178,3054
2025-12-01,AAPL,2026-01-02,P,130.07,138.37,0.284271,-0.25,1.55,1.6,105,3251
2025-12-01,AAPL,2026-01-02,P,121.77,138.37,0.296319,-0.1,1.62,1.66,22,3673
2025-12-01,AAPL,2026-01-30,C,154.98,138.37,0.226194,0.1,1.23,1.28,61,2940
2025-12-01,AAPL,2026-01-30,C,146.67,138.37,0.23523,0.25,1.28,1.32,206,3480
2025-12-01,AAPL,2026-01-30,C,138.37,138.37,0.265351,0.5,1.44,1.49,405,3130
2025-12-01,AAPL,2026-01-30,P,138.37,138.37,0.265351,-0.5,1.45,1.49,471,737
2025-12-01,AAPL,2026-01-30,P,130.07,138.37,0.295471,-0.25,1.61,1.66,16,4720
2025-12-01,AAPL,2026-01-30,P,121.77,138.37,0.307519,-0.1,1.68,1.72,27,3382
2025-12-02,AAPL,2025-12-27,C,153.55,137.1,0.193045,0.1,1.03,1.09,231,1199
2025-12-02,AAPL,2025-12-27,C,145.32,137.1,0.202281,0.25,1.08,1.13,29,1845
2025-12-02,AAPL,2025-12-27,C,137.1,137.1,0.233068,0.5,1.26,1.3,63,1734
2025-12-02,AAPL,2025-12-27,P,137.1,137.1,0.233068,-0.5,1.25,1.3,345,2615
2025-12-02,AAPL,2025-12-27,P,128.87,137.1,0.263856,-0.25,1.42,1.48,365,2355
2025-12-02,AAPL,2025-12-27,P,120.65,137.1,0.276171,-0.1,1.49,1.54,372,2313
2025-12-02,AAPL,2026-01-03,C,153.55,137.1,0.195845,0.1,1.05,1.1,145,1158
2025-12-02,AAPL,2026-01-03,C,145.32,137.1,0.205081,0.25,1.1,1.15,24,1633
2025-12-02,AAPL,2026-01-03,C,137.1,137.1,0.235868,0.5,1.26,1.32,5,3396
2025-12-02,AAPL,2026-01-03,P,137.1,137.1,0.235868,-0.5,1.27,1.32,195,2461
2025-12-02,AAPL,2026-01-03,P,128.87,137.1,0.266656,-0.25,1.44,1.49,468,3064
2025-12-02,AAPL,2026-01-03,P,120.65,137.1,0.278971,-0.1,1.51,1.55,453,821
2025-12-02,AAPL,2026-01-31,C,153.55,137.1,0.207045,0.1,1.11,1.16,140,864
2025-12-02,AAPL,2026-01-31,C,145.32,137.1,0.216281,0.25,1.16,1.21,208,133
2025-12-02,AAPL,2026-01-31,C,137.1,137.1,0.247068,0.5,1.33,1.38,201,4514
2025-12-02,AAPL,2026-01-31,P,137.1,137.1,0.247068,-0.5,1.32,1.38,57,2443
2025-12-02,AAPL,2026-01-31,P,128.87,137.1,0.277856,-0.25,1.5,1.55,288,3869
2025-12-02,AAPL,2026-01-31,P,120.65,137.1,0.290171,-0.1,1.57,1.61,227,2140
2025-12-03,AAPL,2025-12-28,C,152.84,136.46,0.180532,0.1,0.96,1.01,369,4919
2025-12-03,AAPL,2025-12-28,C,144.65,136.46,0.189884,0.25,1.01,1.06,64,4925
2025-12-03,AAPL,2025-12-28,C,136.46,136.46,0.221056,0.5,1.18,1.23,388,3044
2025-12-03,AAPL,2025-12-28,P,136.46,136.46,0.221056,-0.5,1.18,1.23,238,3298
2025-12-03,AAPL,2025-12-28,P,128.27,136.46,0.252228,-0.25,1.35,1.4,59,1469
2025-12-03,AAPL,2025-12-28,P,120.09,136.46,0.264696,-0.1,1.42,1.47,318,1299
2025-12-03,AAPL,2026-01-04,C,152.84,136.46,0.183332,0.1,0.98,1.03,110,739
2025-12-03,AAPL,2026-01-04,C,144.65,136.46,0.192684,0.25,1.03,1.08,140,1233
2025-12-03,AAPL,2026-01-04,C,136.46,136.46,0.223856,0.5,1.2,1.24,369,2500
2025-12-03,AAPL,2026-01-04,P,136.46,136.46,0.223856,-0.5,1.2,1.24,272,4812
2025-12-03,AAPL,2026-01-04,P,128.27,136.46,0.255028,-0.25,1.37,1.42,154,1767
2025-12-03,AAPL,2026-01-04,P,120.09,136.46,0.267496,-0.1,1.44,1.48,388,4217
2025-12-03,AAPL,2026-02-01,C,152.84,136.46,0.194532,0.1,1.04,1.09,464,2087
2025-12-03,AAPL,2026-02-01,C,144.65,136.46,0.203884,0.25,1.09,1.14,119,3728
2025-12-03,AAPL,2026-02-01,C,136.46,136.46,0.235056,0.5,1.25,1.31,387,1910
2025-12-03,AAPL,2026-02-01,P,136.46,136.46,0.235056,-0.5,1.26,1.3,216,554
2025-12-03,AAPL,2026-02-01,P,128.27,136.46,0.266228,-0.25,1.43,1.47,398,3722
2025-12-03,AAPL,2026-02-01,P,120.09,136.46,0.278696,-0.1,1.49,1.55,482,4964
2025-12-04,AAPL,2025-12-29,C,151.66,135.41,0.209814,0.1,1.11,1.16,69,4888
2025-12-04,AAPL,2025-12-29,C,143.53,135.41,0.217994,0.25,1.16,1.2,38,1674
2025-12-04,AAPL,2025-12-29,C,135.41,135.41,0.245259,0.5,1.3,1.36,190,254
2025-12-04,AAPL,2025-12-29,P,135.41,135.41,0.245259,-0.5,1.3,1.36,452,4986
2025-12-04,AAPL,2025-12-29,P,127.28,135.41,0.272524,-0.25,1.45,1.5,393,3910
2025-12-04,AAPL,2025-12-29,P,119.16,135.41,0.28343,-0.1,1.51,1.56,464,338
2025-12-04,AAPL,2026-01-05,C,151.66,135.41,0.212614,0.1,1.12,1.18,399,2989
2025-12-04,AAPL,2026-01-05,C,143.53,135.41,0.220794,0.25,1.17,1.22,383,588
2025-12-04,AAPL,2026-01-05,C,135.41,135.41,0.248059,0.5,1.32,1.37,172,1809
2025-12-04,AAPL,2026-01-05,P,135.41,135.41,0.248059,-0.5,1.32,1.37,56,3940
2025-12-04,AAPL,2026-01-05,P,127.28,135.41,0.275324,-0.25,1.46,1.52,4,1484
2025-12-04,AAPL,2026-01-05,P,119.16,135.41,0.28623,-0.1,1.53,1.58,280,154
2025-12-04,AAPL,2026-02-02,C,151.66,135.41,0.223814,0.1,1.19,1.23,481,1876
2025-12-04,AAPL,2026-02-02,C,143.53,135.41,0.231994,0.25,1.23,1.28,239,2359
2025-12-04,AAPL,2026-02-02,C,135.41,135.41,0.259259,0.5,1.38,1.43,199,3124
2025-12-04,AAPL,2026-02-02,P,135.41,135.41,0.259259,-0.5,1.38,1.43,115,1215
2025-12-04,AAPL,2026-02-02,P,127.28,135.41,0.286524,-0.25,1.53,1.58,291,3527
2025-12-04,AAPL,2026-02-02,P,119.16,135.41,0.29743,-0.1,1.58,1.64,161,4128
2025-12-05,AAPL,2025-12-30,C,151.53,135.3,0.183697,0.1,0.97,1.02,102,4501
2025-12-05,AAPL,2025-12-30,C,143.41,135.3,0.192235,0.25,1.02,1.06,302,2155
2025-12-05,AAPL,2025-12-30,C,135.3,135.3,0.220696,0.5,1.16,1.22,218,574
2025-12-05,AAPL,2025-12-30,P,135.3,135.3,0.220696,-0.5,1.17,1.22,110,4252
2025-12-05,AAPL,2025-12-30,P,127.18,135.3,0.249158,-0.25,1.33,1.37,87,3575
2025-12-05,AAPL,2025-12-30,P,119.06,135.3,0.260542,-0.1,1.39,1.43,367,4265
2025-12-05,AAPL,2026-01-06,C,151.53,135.3,0.186497,0.1,0.98,1.04,152,4363
2025-12-05,AAPL,2026-01-06,C,143.41,135.3,0.195035,0.25,1.03,1.08,362,3786
2025-12-05,AAPL,2026-01-06,C,135.3,135.3,0.223496,0.5,1.18,1.24,52,3110
2025-12-05,AAPL,2026-01-06,P,135.3,135.3,0.223496,-0.5,1.18,1.24,10,234
2025-12-05,AAPL,2026-01-06,P,127.18,135.3,0.251958,-0.25,1.33,1.39,90,241
2025-12-05,AAPL,2026-01-06,P,119.06,135.3,0.263342,-0.1,1.4,1.45,491,4630
2025-12-05,AAPL,2026-02-03,C,151.53,135.3,0.197697,0.1,1.04,1.1,115,4959
2025-12-05,AAPL,2026-02-03,C,143.41,135.3,0.206235,0.25,1.09,1.14,26,895
2025-12-05,AAPL,2026-02-03,C,135.3,135.3,0.234696,0.5,1.25,1.3,95,520
2025-12-05,AAPL,2026-02-03,P,135.3,135.3,0.234696,-0.5,1.24,1.3,35,2807
2025-12-05,AAPL,2026-02-03,P,127.18,135.3,0.263158,-0.25,1.4,1.45,92,406
2025-12-05,AAPL,2026-02-03,P,119.06,135.3,0.274542,-0.1,1.46,1.51,53,4332
2025-12-08,AAPL,2026-01-02,C,149.17,133.19,0.192675,0.1,1.01,1.05,110,807
2025-12-08,AAPL,2026-01-02,C,141.18,133.19,0.200771,0.25,1.05,1.09,382,515
2025-12-08,AAPL,2026-01-02,C,133.19,133.19,0.227757,0.5,1.18,1.24,66,3264
2025-12-08,AAPL,2026-01-02,P,133.19,133.19,0.227757,-0.5,1.19,1.23,147,3942
2025-12-08,AAPL,2026-01-02,P,125.2,133.19,0.254743,-0.25,1.33,1.38,54,1231
2025-12-08,AAPL,2026-01-02,P,117.2,133.19,0.265538,-0.1,1.39,1.44,215,76
2025-12-08,AAPL,2026-01-09,C,149.17,133.19,0.195475,0.1,1.02,1.07,273,4220
2025-12-08,AAPL,2026-01-09,C,141.18,133.19,0.203571,0.25,1.06,1.11,280,1719
2025-12-08,AAPL,2026-01-09,C,133.19,133.19,0.230557,0.5,1.2,1.25,380,1141
2025-12-08,AAPL,2026-01-09,P,133.19,133.19,0.230557,-0.5,1.2,1.25,53,1277
2025-12-08,AAPL,2026-01-09,P,125.2,133.19,0.257543,-0.25,1.35,1.4,387,866
2025-12-08,AAPL,2026-01-09,P,117.2,133.19,0.268338,-0.1,1.4,1.46,210,4435
2025-12-08,AAPL,2026-02-06,C,149.17,133.19,0.206675,0.1,1.08,1.12,474,3885
2025-12-08,AAPL,2026-02-06,C,141.18,133.19,0.214771,0.25,1.12,1.17,64,3704
2025-12-08,AAPL,2026-02-06,C,133.19,133.19,0.241757,0.5,1.27,1.31,217,686
2025-12-08,AAPL,2026-02-06,P,133.19,133.19,0.241757,-0.5,1.26,1.31,486,2354
2025-12-08,AAPL,2026-02-06,P,125.2,133.19,0.268743,-0.25,1.41,1.46,233,2607
2025-12-08,AAPL,2026-02-06,P,117.2,133.19,0.279538,-0.1,1.47,1.51,257,266
2025-12-09,AAPL,2026-01-03,C,147.2,131.43,0.181464,0.1,0.93,0.98,218,245
2025-12-09,AAPL,2026-01-03,C,139.31,131.43,0.18994,0.25,0.97,1.02,12,3068
2025-12-09,AAPL,2026-01-03,C,131.43,131.43,0.218192,0.5,1.12,1.17,82,4143
2025-12-09,AAPL,2026-01-03,P,131.43,131.43,0.218192,-0.5,1.12,1.17,402,2745
2025-12-09,AAPL,2026-01-03,P,123.54,131.43,0.246445,-0.25,1.27,1.32,323,1567
2025-12-09,AAPL,2026-01-03,P,115.66,131.43,0.257746,-0.1,1.33,1.38,423,31
2025-12-09,AAPL,2026-01-10,C,147.2,131.43,0.184264,0.1,0.94,1.0,176,1009
2025-12-09,AAPL,2026-01-10,C,139.31,131.43,0.19274,0.25,0.99,1.04,8,2889
2025-12-09,AAPL,2026-01-10,C,131.43,131.43,0.220992,0.5,1.14,1.19,152,4169
2025-12-09,AAPL,2026-01-10,P,131.43,131.43,0.220992,-0.5,1.13,1.19,367,123
2025-12-09,AAPL,2026-01-10,P,123.54,131.43,0.249245,-0.25,1.28,1.34,214,2539
2025-12-09,AAPL,2026-01-10,P,115.66,131.43,0.260546,-0.1,1.35,1.39,341,3637
2025-12-09,AAPL,2026-02-07,C,147.2,131.43,0.195464,0.1,1.0,1.05,85,1559
2025-12-09,AAPL,2026-02-07,C,139.31,131.43,0.20394,0.25,1.04,1.1,33,3247
2025-12-09,AAPL,2026-02-07,C,131.43,131.43,0.232192,0.5,1.19,1.25,393,358
2025-12-09,AAPL,2026-02-07,P,131.43,131.43,0.232192,-0.5,1.2,1.24,77,2240
2025-12-09,AAPL,2026-02-07,P,123.54,131.43,0.260445,-0.25,1.34,1.4,283,2568
2025-12-09,AAPL,2026-02-07,P,115.66,131.43,0.271746,-0.1,1.4,1.46,18,1320
2025-12-10,AAPL,2026-01-04,C,150.06,133.98,0.190307,0.1,0.99,1.05,467,3827
2025-12-10,AAPL,2026-01-04,C,142.02,133.98,0.197565,0.25,1.03,1.09,103,4443
2025-12-10,AAPL,2026-01-04,C,133.98,133.98,0.22176,0.5,1.17,1.21,50,3488
2025-12-10,AAPL,2026-01-04,P,133.98,133.98,0.22176,-0.5,1.16,1.22,270,2872
2025-12-10,AAPL,2026-01-04,P,125.94,133.98,0.245955,-0.25,1.3,1.34,278,4993
2025-12-10,AAPL,2026-01-04,P,117.9,133.98,0.255633,-0.1,1.35,1.39,73,1684
2025-12-10,AAPL,2026-01-11,C,150.06,133.98,0.193107,0.1,1.01,1.06,426,2327
2025-12-10,AAPL,2026-01-11,C,142.02,133.98,0.200365,0.25,1.05,1.1,485,2461
2025-12-10,AAPL,2026-01-11,C,133.98,133.98,0.22456,0.5,1.17,1.23,19,2396
2025-12-10,AAPL,2026-01-11,P,133.98,133.98,0.22456,-0.5,1.18,1.23,434,4434
2025-12-10,AAPL,2026-01-11,P,125.94,133.98,0.248755,-0.25,1.3,1.36,122,1206
2025-12-10,AAPL,2026-01-11,P,117.9,133.98,0.258433,-0.1,1.36,1.41,177,3151
2025-12-10,AAPL,2026-02-08,C,150.06,133.98,0.204307,0.1,1.07,1.12,126,2768
2025-12-10,AAPL,2026-02-08,C,142.02,133.98,0.211565,0.25,1.11,1.16,87,3709
2025-12-10,AAPL,2026-02-08,C,133.98,133.98,0.23576,0.5,1.24,1.29,173,2829
2025-12-10,AAPL,2026-02-08,P,133.98,133.98,0.23576,-0.5,1.23,1.29,6,3923
2025-12-10,AAPL,2026-02-08,P,125.94,133.98,0.259955,-0.25,1.37,1.42,94,3327
2025-12-10,AAPL,2026-02-08,P,117.9,133.98,0.269633,-0.1,1.42,1.47,214,2630
2025-12-11,AAPL,2026-01-05,C,148.33,132.44,0.222333,0.1,1.15,1.2,152,3056
2025-12-11,AAPL,2026-01-05,C,140.38,132.44,0.228982,0.25,1.19,1.24,357,642
2025-12-11,AAPL,2026-01-05,C,132.44,132.44,0.251146,0.5,1.3,1.36,447,3233
2025-12-11,AAPL,2026-01-05,P,132.44,132.44,0.251146,-0.5,1.31,1.35,350,1788
2025-12-11,AAPL,2026-01-05,P,124.49,132.44,0.27331,-0.25,1.43,1.47,305,4809
2025-12-11,AAPL,2026-01-05,P,116.54,132.44,0.282175,-0.1,1.47,1.52,389,2809
2025-12-11,AAPL,2026-01-12,C,148.33,132.44,0.225133,0.1,1.17,1.22,221,3686
2025-12-11,AAPL,2026-01-12,C,140.38,132.44,0.231782,0.25,1.2,1.25,217,4879
2025-12-11,AAPL,2026-01-12,C,132.44,132.44,0.253946,0.5,1.32,1.37,240,181
2025-12-11,AAPL,2026-01-12,P,132.44,132.44,0.253946,-0.5,1.32,1.37,203,1024
2025-12-11,AAPL,2026-01-12,P,124.49,132.44,0.27611,-0.25,1.44,1.49,475,3909
2025-12-11,AAPL,2026-01-12,P,116.54,132.44,0.284975,-0.1,1.49,1.53,122,2208
2025-12-11,AAPL,2026-02-09,C,148.33,132.44,0.236333,0.1,1.23,1.28,183,4170
2025-12-11,AAPL,2026-02-09,C,140.38,132.44,0.242982,0.25,1.26,1.31,357,1038
2025-12-11,AAPL,2026-02-09,C,132.44,132.44,0.265146,0.5,1.38,1.43,324,2278
2025-12-11,AAPL,2026-02-09,P,132.44,132.44,0.265146,-0.5,1.38,1.43,96,2782
2025-12-11,AAPL,2026-02-09,P,124.49,132.44,0.28731,-0.25,1.5,1.54,268,3774
2025-12-11,AAPL,2026-02-09,P,116.54,132.44,0.296175,-0.1,1.54,1.59,276,895
2025-12-12,AAPL,2026-01-06,C,146.85,131.12,0.207696,0.1,1.06,1.12,262,3530
2025-12-12,AAPL,2026-01-06,C,138.99,131.12,0.213879,0.25,1.1,1.14,243,3557
2025-12-12,AAPL,2026-01-06,C,131.12,131.12,0.234491,0.5,1.21,1.25,72,2718
2025-12-12,AAPL,2026-01-06,P,131.12,131.12,0.234491,-0.5,1.2,1.26,128,1244
2025-12-12,AAPL,2026-01-06,P,123.25,131.12,0.255103,-0.25,1.31,1.36,102,4711
2025-12-12,AAPL,2026-01-06,P,115.39,131.12,0.263347,-0.1,1.36,1.4,303,4007
2025-12-12,AAPL,2026-01-13,C,146.85,131.12,0.210496,0.1,1.08,1.13,48,2667
2025-12-12,AAPL,2026-01-13,C,138.99,131.12,0.216679,0.25,1.12,1.16,296,1030
2025-12-12,AAPL,2026-01-13,C,131.12,131.12,0.237291,0.5,1.22,1.27,386,2938
2025-12-12,AAPL,2026-01-13,P,131.12,131.12,0.237291,-0.5,1.21,1.27,193,4387
2025-12-12,AAPL,2026-01-13,P,123.25,131.12,0.257903,-0.25,1.33,1.37,56,1375
2025-12-12,AAPL,2026-01-13,P,115.39,131.12,0.266147,-0.1,1.37,1.42,192,4878
2025-12-12,AAPL,2026-02-10,C,146.85,131.12,0.221696,0.1,1.14,1.19,497,1014
2025-12-12,AAPL,2026-02-10,C,138.99,131.12,0.227879,0.25,1.17,1.22,463,2785
2025-12-12,AAPL,2026-02-10,C,131.12,131.12,0.248491,0.5,1.28,1.33,287,3355
2025-12-12,AAPL,2026-02-10,P,131.12,131.12,0.248491,-0.5,1.28,1.32,79,106
2025-12-12,AAPL,2026-02-10,P,123.25,131.12,0.269103,-0.25,1.39,1.43,457,1830
2025-12-12,AAPL,2026-02-10,P,115.39,131.12,0.277347,-0.1,1.42,1.48,360,2740
2025-12-15,AAPL,2026-01-09,C,149.32,133.32,0.216399,0.1,1.13,1.18,493,3599
2025-12-15,AAPL,2026-01-09,C,141.32,133.32,0.221528,0.25,1.15,1.21,275,1795
2025-12-15,AAPL,2026-01-09,C,133.32,133.32,0.238626,0.5,1.24,1.3,61,3195
2025-12-15,AAPL,2026-01-09,P,133.32,133.32,0.238626,-0.5,1.25,1.3,487,1268
2025-12-15,AAPL,2026-01-09,P,125.33,133.32,0.255724,-0.25,1.34,1.39,42,2559
2025-12-15,AAPL,2026-01-09,P,117.33,133.32,0.262563,-0.1,1.37,1.43,381,4524
2025-12-15,AAPL,2026-01-16,C,149.32,133.32,0.219199,0.1,1.15,1.19,214,4734
2025-12-15,AAPL,2026-01-16,C,141.32,133.32,0.224328,0.25,1.17,1.23,211,2956
2025-12-15,AAPL,2026-01-16,C,133.32,133.32,0.241426,0.5,1.27,1.31,75,812
2025-12-15,AAPL,2026-01-16,P,133.32,133.32,0.241426,-0.5,1.27,1.31,305,548
2025-12-15,AAPL,2026-01-16,P,125.33,133.32,0.258524,-0.25,1.35,1.41,207,1068
2025-12-15,AAPL,2026-01-16,P,117.33,133.32,0.265363,-0.1,1.39,1.44,363,3186
2025-12-15,AAPL,2026-02-13,C,149.32,133.32,0.230399,0.1,1.2,1.26,109,1041
2025-12-15,AAPL,2026-02-13,C,141.32,133.32,0.235528,0.25,1.23,1.28,430,3131
2025-12-15,AAPL,2026-02-13,C,133.32,133.32,0.252626,0.5,1.32,1.37,346,938
2025-12-15,AAPL,2026-02-13,P,133.32,133.32,0.252626,-0.5,1.32,1.37,44,375
2025-12-15,AAPL,2026-02-13,P,125.33,133.32,0.269724,-0.25,1.41,1.46,119,2186
2025-12-15,AAPL,2026-02-13,P,117.33,133.32,0.276563,-0.1,1.45,1.5,9,4038
2025-12-16,AAPL,2026-01-10,C,153.23,136.81,0.201366,0.1,1.07,1.13,412,4423
2025-12-16,AAPL,2026-01-10,C,145.02,136.81,0.206636,0.25,1.11,1.15,158,1532
2025-12-16,AAPL,2026-01-10,C,136.81,136.81,0.2242,0.5,1.21,1.25,425,4582
2025-12-16,AAPL,2026-01-10,P,136.81,136.81,0.2242,-0.5,1.2,1.25,427,168
2025-12-16,AAPL,2026-01-10,P,128.6,136.81,0.241765,-0.25,1.3,1.35,479,438
2025-12-16,AAPL,2026-01-10,P,120.39,136.81,0.248791,-0.1,1.34,1.39,52,2549
2025-12-16,AAPL,2026-01-17,C,153.23,136.81,0.204166,0.1,1.1,1.14,266,4081
2025-12-16,AAPL,2026-01-17,C,145.02,136.81,0.209436,0.25,1.12,1.17,196,2712
2025-12-16,AAPL,2026-01-17,C,136.81,136.81,0.227,0.5,1.22,1.27,249,4811
2025-12-16,AAPL,2026-01-17,P,136.81,136.81,0.227,-0.5,1.22,1.27,41,4587
2025-12-16,AAPL,2026-01-17,P,128.6,136.81,0.244565,-0.25,1.31,1.36,230,4288
2025-12-16,AAPL,2026-01-17,P,120.39,136.81,0.251591,-0.1,1.35,1.4,121,3540
2025-12-16,AAPL,2026-02-14,C,153.23,136.81,0.215366,0.1,1.16,1.2,83,4930
2025-12-16,AAPL,2026-02-14,C,145.02,136.81,0.220636,0.25,1.18,1.24,139,2216
2025-12-16,AAPL,2026-02-14,C,136.81,136.81,0.2382,0.5,1.28,1.33,14,2992
2025-12-16,AAPL,2026-02-14,P,136.81,136.81,0.2382,-0.5,1.28,1.33,146,3375
2025-12-16,AAPL,2026-02-14,P,128.6,136.81,0.255765,-0.25,1.37,1.43,218,2630
2025-12-16,AAPL,2026-02-14,P,120.39,136.81,0.262791,-0.1,1.42,1.46,478,4596
2025-12-17,AAPL,2026-01-11,C,151.65,135.4,0.181529,0.1,0.96,1.01,15,524
2025-12-17,AAPL,2026-01-11,C,143.53,135.4,0.187859,0.25,1.0,1.04,35,112
2025-12-17,AAPL,2026-01-11,C,135.4,135.4,0.208961,0.5,1.11,1.16,142,3201
2025-12-17,AAPL,2026-01-11,P,135.4,135.4,0.208961,-0.5,1.11,1.16,242,3375
2025-12-17,AAPL,2026-01-11,P,127.28,135.4,0.230062,-0.25,1.22,1.27,107,709
2025-12-17,AAPL,2026-01-11,P,119.16,135.4,0.238503,-0.1,1.27,1.31,227,3130
2025-12-17,AAPL,2026-01-18,C,151.65,135.4,0.184329,0.1,0.97,1.02,497,2787
2025-12-17,AAPL,2026-01-18,C,143.53,135.4,0.190659,0.25,1.01,1.06,336,4055
2025-12-17,AAPL,2026-01-18,C,135.4,135.4,0.211761,0.5,1.13,1.17,6,3165
2025-12-17,AAPL,2026-01-18,P,135.4,135.4,0.211761,-0.5,1.13,1.17,12,3275
2025-12-17,AAPL,2026-01-18,P,127.28,135.4,0.232862,-0.25,1.24,1.29,131,3593
2025-12-17,AAPL,2026-01-18,P,119.16,135.4,0.241303,-0.1,1.29,1.33,45,2779
2025-12-17,AAPL,2026-02-15,C,151.65,135.4,0.195529,0.1,1.04,1.08,79,3415
2025-12-17,AAPL,2026-02-15,C,143.53,135.4,0.201859,0.25,1.07,1.11,305,377
2025-12-17,AAPL,2026-02-15,C,135.4,135.4,0.222961,0.5,1.18,1.23,111,327
2025-12-17,AAPL,2026-02-15,P,135.4,135.4,0.222961,-0.5,1.19,1.23,257,4125
2025-12-17,AAPL,2026-02-15,P,127.28,135.4,0.244062,-0.25,1.29,1.35,170,4272
2025-12-17,AAPL,2026-02-15,P,119.16,135.4,0.252503,-0.1,1.34,1.39,100,2644
2025-12-18,AAPL,2026-01-12,C,151.16,134.96,0.206435,0.1,1.09,1.14,376,3624
2025-12-18,AAPL,2026-01-12,C,143.06,134.96,0.212818,0.25,1.13,1.17,53,4567
2025-12-18,AAPL,2026-01-12,C,134.96,134.96,0.234093,0.5,1.24,1.29,472,2471
2025-12-18,AAPL,2026-01-12,P,134.96,134.96,0.234093,-0.5,1.24,1.29,115,914
2025-12-18,AAPL,2026-01-12,P,126.87,134.96,0.255369,-0.25,1.36,1.4,342,3638
2025-12-18,AAPL,2026-01-12,P,118.77,134.96,0.263879,-0.1,1.4,1.45,91,2651
2025-12-18,AAPL,2026-01-19,C,151.16,134.96,0.209235,0.1,1.11,1.15,116,3454
2025-12-18,AAPL,2026-01-19,C,143.06,134.96,0.215618,0.25,1.14,1.19,414,921
2025-12-18,AAPL,2026-01-19,C,134.96,134.96,0.236893,0.5,1.25,1.31,221,2538
2025-12-18,AAPL,2026-01-19,P,134.96,134.96,0.236893,-0.5,1.25,1.3,293,4907
2025-12-18,AAPL,2026-01-19,P,126.87,134.96,0.258169,-0.25,1.37,1.42,323,4715
2025-12-18,AAPL,2026-01-19,P,118.77,134.96,0.266679,-0.1,1.41,1.47,439,3169
2025-12-18,AAPL,2026-02-16,C,151.16,134.96,0.220435,0.1,1.17,1.21,144,268
2025-12-18,AAPL,2026-02-16,C,143.06,134.96,0.226818,0.25,1.2,1.25,71,60
2025-12-18,AAPL,2026-02-16,C,134.96,134.96,0.248093,0.5,1.32,1.36,71,2980
2025-12-18,AAPL,2026-02-16,P,134.96,134.96,0.248093,-0.5,1.31,1.37,17,848
2025-12-18,AAPL,2026-02-16,P,126.87,134.96,0.269369,-0.25,1.43,1.48,196,4749
2025-12-18,AAPL,2026-02-16,P,118.77,134.96,0.277879,-0.1,1.47,1.53,374,3925
2025-12-19,AAPL,2026-01-13,C,151.62,135.37,0.184519,0.1,0.98,1.02,8,1810
2025-12-19,AAPL,2026-01-13,C,143.5,135.37,0.191431,0.25,1.01,1.07,223,3309
2025-12-19,AAPL,2026-01-13,C,135.37,135.37,0.214472,0.5,1.13,1.19,374,4843
2025-12-19,AAPL,2026-01-13,P,135.37,135.37,0.214472,-0.5,1.14,1.18,363,1615
2025-12-19,AAPL,2026-01-13,P,127.25,135.37,0.237514,-0.25,1.26,1.31,158,131
2025-12-19,AAPL,2026-01-13,P,119.13,135.37,0.24673,-0.1,1.31,1.36,335,4045
2025-12-19,AAPL,2026-01-20,C,151.62,135.37,0.187319,0.1,0.99,1.04,396,1484
2025-12-19,AAPL,2026-01-20,C,143.5,135.37,0.194231,0.25,1.02,1.08,91,738
2025-12-19,AAPL,2026-01-20,C,135.37,135.37,0.217272,0.5,1.15,1.21,496,513
2025-12-19,AAPL,2026-01-20,P,135.37,135.37,0.217272,-0.5,1.15,1.21,384,2494
2025-12-19,AAPL,2026-01-20,P,127.25,135.37,0.240314,-0.25,1.28,1.33,15,2508
2025-12-19,AAPL,2026-01-20,P,119.13,135.37,0.24953,-0.1,1.33,1.37,28,2293
2025-12-19,AAPL,2026-02-17,C,151.62,135.37,0.198519,0.1,1.05,1.1,444,4006
2025-12-19,AAPL,2026-02-17,C,143.5,135.37,0.205431,0.25,1.09,1.13,252,3370
2025-12-19,AAPL,2026-02-17,C,135.37,135.37,0.228472,0.5,1.21,1.27,219,4100
2025-12-19,AAPL,2026-02-17,P,135.37,135.37,0.228472,-0.5,1.21,1.26,229,249
2025-12-19,AAPL,2026-02-17,P,127.25,135.37,0.251514,-0.25,1.33,1.39,270,1985
2025-12-19,AAPL,2026-02-17,P,119.13,135.37,0.26073,-0.1,1.39,1.44,180,3799
2025-12-22,AAPL,2026-01-16,C,153.94,137.45,0.201627,0.1,1.08,1.14,264,389
2025-12-22,AAPL,2026-01-16,C,145.69,137.45,0.209675,0.25,1.13,1.18,134,4829
2025-12-22,AAPL,2026-01-16,C,137.45,137.45,0.236505,0.5,1.27,1.33,189,4619
2025-12-22,AAPL,2026-01-16,P,137.45,137.45,0.236505,-0.5,1.27,1.33,273,1401
2025-12-22,AAPL,2026-01-16,P,129.2,137.45,0.263334,-0.25,1.42,1.48,251,4640
2025-12-22,AAPL,2026-01-16,P,120.95,137.45,0.274066,-0.1,1.48,1.53,37,2016
2025-12-22,AAPL,2026-01-23,C,153.94,137.45,0.204427,0.1,1.1,1.15,81,2957
2025-12-22,AAPL,2026-01-23,C,145.69,137.45,0.212475,0.25,1.14,1.2,230,2025
2025-12-22,AAPL,2026-01-23,C,137.45,137.45,0.239305,0.5,1.29,1.34,271,2870
2025-12-22,AAPL,2026-01-23,P,137.45,137.45,0.239305,-0.5,1.3,1.34,467,4789
2025-12-22,AAPL,2026-01-23,P,129.2,137.45,0.266134,-0.25,1.44,1.49,301,713
2025-12-22,AAPL,2026-01-23,P,120.95,137.45,0.276866,-0.1,1.5,1.54,235,4285
2025-12-22,AAPL,2026-02-20,C,153.94,137.45,0.215627,0.1,1.16,1.21,248,485
2025-12-22,AAPL,2026-02-20,C,145.69,137.45,0.223675,0.25,1.21,1.25,29,2245
2025-12-22,AAPL,2026-02-20,C,137.45,137.45,0.250505,0.5,1.36,1.4,210,3681
2025-12-22,AAPL,2026-02-20,P,137.45,137.45,0.250505,-0.5,1.36,1.4,451,2753
2025-12-22,AAPL,2026-02-20,P,129.2,137.45,0.277334,-0.25,1.5,1.55,424,2330
2025-12-22,AAPL,2026-02-20,P,120.95,137.45,0.288066,-0.1,1.56,1.61,35,774
2025-12-23,AAPL,2026-01-17,C,152.61,136.26,0.181713,0.1,0.97,1.01,305,585
2025-12-23,AAPL,2026-01-17,C,144.44,136.26,0.190191,0.25,1.01,1.07,3,1406
2025-12-23,AAPL,2026-01-17,C,136.26,136.26,0.21845,0.5,1.17,1.21,160,644
2025-12-23,AAPL,2026-01-17,P,136.26,136.26,0.21845,-0.5,1.16,1.22,294,4621
2025-12-23,AAPL,2026-01-17,P,128.09,136.26,0.246708,-0.25,1.32,1.37,216,3066
2025-12-23,AAPL,2026-01-17,P,119.91,136.26,0.258012,-0.1,1.38,1.43,251,2027
2025-12-23,AAPL,2026-01-24,C,152.61,136.26,0.184513,0.1,0.98,1.03,218,3994
2025-12-23,AAPL,2026-01-24,C,144.44,136.26,0.192991,0.25,1.03,1.07,326,2444
2025-12-23,AAPL,2026-01-24,C,136.26,136.26,0.22125,0.5,1.18,1.23,319,440
2025-12-23,AAPL,2026-01-24,P,136.26,136.26,0.22125,-0.5,1.18,1.23,44,49
2025-12-23,AAPL,2026-01-24,P,128.09,136.26,0.249508,-0.25,1.33,1.39,424,4941
2025-12-23,AAPL,2026-01-24,P,119.91,136.26,0.260812,-0.1,1.4,1.45,25,1862
2025-12-23,AAPL,2026-02-21,C,152.61,136.26,0.195713,0.1,1.04,1.09,454,4025
2025-12-23,AAPL,2026-02-21,C,144.44,136.26,0.204191,0.25,1.09,1.14,138,1261
2025-12-23,AAPL,2026-02-21,C,136.26,136.26,0.23245,0.5,1.24,1.29,370,4700
2025-12-23,AAPL,2026-02-21,P,136.26,136.26,0.23245,-0.5,1.24,1.29,92,1890
2025-12-23,AAPL,2026-02-21,P,128.09,136.26,0.260708,-0.25,1.39,1.45,196,889
2025-12-23,AAPL,2026-02-21,P,119.91,136.26,0.272012,-0.1,1.46,1.5,318,2952
2025-12-24,AAPL,2026-01-18,C,152.28,135.97,0.198025,0.1,1.06,1.1,168,3114
2025-12-24,AAPL,2026-01-18,C,144.13,135.97,0.206236,0.25,1.1,1.15,145,2557
2025-12-24,AAPL,2026-01-18,C,135.97,135.97,0.233608,0.5,1.25,1.29,63,2885
2025-12-24,AAPL,2026-01-18,P,135.97,135.97,0.233608,-0.5,1.24,1.3,373,4019
2025-12-24,AAPL,2026-01-18,P,127.81,135.97,0.260979,-0.25,1.39,1.45,121,3327
2025-12-24,AAPL,2026-01-18,P,119.65,135.97,0.271928,-0.1,1.45,1.51,207,4191
2025-12-24,AAPL,2026-01-25,C,152.28,135.97,0.200825,0.1,1.07,1.11,120,4783
2025-12-24,AAPL,2026-01-25,C,144.13,135.97,0.209036,0.25,1.11,1.17,192,1611
2025-12-24,AAPL,2026-01-25,C,135.97,135.97,0.236408,0.5,1.27,1.31,448,3023
2025-12-24,AAPL,2026-01-25,P,135.97,135.97,0.236408,-0.5,1.26,1.31,489,3750
2025-12-24,AAPL,2026-01-25,P,127.81,135.97,0.263779,-0.25,1.41,1.46,429,391
2025-12-24,AAPL,2026-01-25,P,119.65,135.97,0.274728,-0.1,1.47,1.52,253,4413
2025-12-24,AAPL,2026-02-22,C,152.28,135.97,0.212025,0.1,1.13,1.17,11,3685
2025-12-24,AAPL,2026-02-22,C,144.13,135.97,0.220236,0.25,1.17,1.22,467,2268
2025-12-24,AAPL,2026-02-22,C,135.97,135.97,0.247608,0.5,1.32,1.37,486,1257
2025-12-24,AAPL,2026-02-22,P,135.97,135.97,0.247608,-0.5,1.32,1.37,198,3470
2025-12-24,AAPL,2026-02-22,P,127.81,135.97,0.274979,-0.25,1.47,1.52,435,1875
2025-12-24,AAPL,2026-02-22,P,119.65,135.97,0.285928,-0.1,1.53,1.58,42,3610
2025-12-25,AAPL,2026-01-19,C,153.33,136.9,0.201519,0.1,1.08,1.13,94,547
2025-12-25,AAPL,2026-01-19,C,145.12,136.9,0.208332,0.25,1.12,1.16,122,3290
2025-12-25,AAPL,2026-01-19,C,136.9,136.9,0.23104,0.5,1.24,1.29,159,4074
2025-12-25,AAPL,2026-01-19,P,136.9,136.9,0.23104,-0.5,1.24,1.29,378,2588
2025-12-25,AAPL,2026-01-19,P,128.69,136.9,0.253748,-0.25,1.36,1.42,362,1126
2025-12-25,AAPL,2026-01-19,P,120.47,136.9,0.262832,-0.1,1.41,1.46,26,3195
2025-12-25,AAPL,2026-01-26,C,153.33,136.9,0.204319,0.1,1.1,1.14,299,1884
2025-12-25,AAPL,2026-01-26,C,145.12,136.9,0.211132,0.25,1.13,1.18,338,4515
2025-12-25,AAPL,2026-01-26,C,136.9,136.9,0.23384,0.5,1.26,1.3,416,612
2025-12-25,AAPL,2026-01-26,P,136.9,136.9,0.23384,-0.5,1.26,1.3,424,234
2025-12-25,AAPL,2026-01-26,P,128.69,136.9,0.256548,-0.25,1.38,1.43,106,3044
2025-12-25,AAPL,2026-01-26,P,120.47,136.9,0.265632,-0.1,1.43,1.47,80,1440
2025-12-25,AAPL,2026-02-23,C,153.33,136.9,0.215519,0.1,1.16,1.2,90,2024
2025-12-25,AAPL,2026-02-23,C,145.12,136.9,0.222332,0.25,1.2,1.24,270,3041
2025-12-25,AAPL,2026-02-23,C,136.9,136.9,0.24504,0.5,1.31,1.37,29,3659
2025-12-25,AAPL,2026-02-23,P,136.9,136.9,0.24504,-0.5,1.32,1.36,98,4343
2025-12-25,AAPL,2026-02-23,P,128.69,136.9,0.267748,-0.25,1.44,1.49,102,292
2025-12-25,AAPL,2026-02-23,P,120.47,136.9,0.276832,-0.1,1.49,1.54,163,3841
2025-12-26,AAPL,2026-01-20,C,153.91,137.42,0.223194,0.1,1.2,1.25,337,3151
2025-12-26,AAPL,2026-01-20,C,145.67,137.42,0.230321,0.25,1.25,1.29,169,4835
2025-12-26,AAPL,2026-01-20,C,137.42,137.42,0.254078,0.5,1.37,1.42,100,143
2025-12-26,AAPL,2026-01-20,P,137.42,137.42,0.254078,-0.5,1.38,1.42,298,2003
2025-12-26,AAPL,2026-01-20,P,129.18,137.42,0.277835,-0.25,1.5,1.56,371,4100
2025-12-26,AAPL,2026-01-20,P,120.93,137.42,0.287337,-0.1,1.55,1.61,350,2673
2025-12-26,AAPL,2026-01-27,C,153.91,137.42,0.225994,0.1,1.22,1.27,91,1935
2025-12-26,AAPL,2026-01-27,C,145.67,137.42,0.233121,0.25,1.26,1.3,423,4548
2025-12-26,AAPL,2026-01-27,C,137.42,137.42,0.256878,0.5,1.39,1.44,420,2280
2025-12-26,AAPL,2026-01-27,P,137.42,137.42,0.256878,-0.5,1.39,1.44,136,3972
2025-12-26,AAPL,2026-01-27,P,129.18,137.42,0.280635,-0.25,1.52,1.56,346,3552
2025-12-26,AAPL,2026-01-27,P,120.93,137.42,0.290137,-0.1,1.57,1.62,13,4249
2025-12-26,AAPL,2026-02-24,C,153.91,137.42,0.237194,0.1,1.28,1.32,289,860
2025-12-26,AAPL,2026-02-24,C,145.67,137.42,0.244321,0.25,1.32,1.37,38,4254
2025-12-26,AAPL,2026-02-24,C,137.42,137.42,0.268078,0.5,1.44,1.5,232,2978
2025-12-26,AAPL,2026-02-24,P,137.42,137.42,0.268078,-0.5,1.45,1.5,454,931
2025-12-26,AAPL,2026-02-24,P,129.18,137.42,0.291835,-0.25,1.58,1.63,259,1058
2025-12-26,AAPL,2026-02-24,P,120.93,137.42,0.301337,-0.1,1.63,1.68,491,4175
2025-12-29,AAPL,2026-01-23,C,153.41,136.97,0.211134,0.1,1.13,1.18,7,190
2025-12-29,AAPL,2026-01-23,C,145.19,136.97,0.218066,0.25,1.17,1.22,206,3493
2025-12-29,AAPL,2026-01-23,C,136.97,136.97,0.241173,0.5,1.3,1.34,376,799
2025-12-29,AAPL,2026-01-23,P,136.97,136.97,0.241173,-0.5,1.3,1.34,266,484
2025-12-29,AAPL,2026-01-23,P,128.75,136.97,0.264279,-0.25,1.42,1.47,123,3066
2025-12-29,AAPL,2026-01-23,P,120.54,136.97,0.273522,-0.1,1.47,1.52,84,2506
2025-12-29,AAPL,2026-01-30,C,153.41,136.97,0.213934,0.1,1.15,1.19,292,2508
2025-12-29,AAPL,2026-01-30,C,145.19,136.97,0.220866,0.25,1.19,1.23,212,4630
2025-12-29,AAPL,2026-01-30,C,136.97,136.97,0.243973,0.5,1.32,1.36,469,2123
2025-12-29,AAPL,2026-01-30,P,136.97,136.97,0.243973,-0.5,1.32,1.36,155,3932
2025-12-29,AAPL,2026-01-30,P,128.75,136.97,0.267079,-0.25,1.44,1.48,46,4625
2025-12-29,AAPL,2026-01-30,P,120.54,136.97,0.276322,-0.1,1.49,1.53,462,4105
2025-12-29,AAPL,2026-02-27,C,153.41,136.97,0.225134,0.1,1.21,1.26,129,1256
2025-12-29,AAPL,2026-02-27,C,145.19,136.97,0.232066,0.25,1.25,1.29,178,1794
2025-12-29,AAPL,2026-02-27,C,136.97,136.97,0.255173,0.5,1.37,1.43,337,4311
2025-12-29,AAPL,2026-02-27,P,136.97,136.97,0.255173,-0.5,1.38,1.42,140,1773
2025-12-29,AAPL,2026-02-27,P,128.75,136.97,0.278279,-0.25,1.5,1.55,346,621
2025-12-29,AAPL,2026-02-27,P,120.54,136.97,0.287522,-0.1,1.55,1.6,215,1735
2025-12-30,AAPL,2026-01-24,C,153.23,136.81,0.219828,0.1,1.17,1.23,121,3744
2025-12-30,AAPL,2026-01-24,C,145.02,136.81,0.226475,0.25,1.21,1.27,385,205
2025-12-30,AAPL,2026-01-24,C,136.81,136.81,0.248632,0.5,1.33,1.39,78,2877
2025-12-30,AAPL,2026-01-24,P,136.81,136.81,0.248632,-0.5,1.34,1.39,4,62
2025-12-30,AAPL,2026-01-24,P,128.6,136.81,0.270789,-0.25,1.45,1.51,172,2724
2025-12-30,AAPL,2026-01-24,P,120.39,136.81,0.279652,-0.1,1.5,1.56,270,3280
2025-12-30,AAPL,2026-01-31,C,153.23,136.81,0.222628,0.1,1.19,1.25,208,3467
2025-12-30,AAPL,2026-01-31,C,145.02,136.81,0.229275,0.25,1.23,1.28,47,1135
2025-12-30,AAPL,2026-01-31,C,136.81,136.81,0.251432,0.5,1.35,1.4,297,3565
2025-12-30,AAPL,2026-01-31,P,136.81,136.81,0.251432,-0.5,1.35,1.4,311,2999
2025-12-30,AAPL,2026-01-31,P,128.6,136.81,0.273589,-0.25,1.47,1.52,12,2741
2025-12-30,AAPL,2026-01-31,P,120.39,136.81,0.282452,-0.1,1.52,1.57,253,1601
2025-12-30,AAPL,2026-02-28,C,153.23,136.81,0.233828,0.1,1.25,1.31,184,547
2025-12-30,AAPL,2026-02-28,C,145.02,136.81,0.240475,0.25,1.29,1.34,467,4451
2025-12-30,AAPL,2026-02-28,C,136.81,136.81,0.262632,0.5,1.41,1.46,498,1640
2025-12-30,AAPL,2026-02-28,P,136.81,136.81,0.262632,-0.5,1.41,1.46,197,2825
2025-12-30,AAPL,2026-02-28,P,128.6,136.81,0.284789,-0.25,1.53,1.58,176,548
2025-12-30,AAPL,2026-02-28,P,120.39,136.81,0.293652,-0.1,1.58,1.64,246,1031
2025-12-31,AAPL,2026-01-25,C,151.38,135.16,0.215295,0.1,1.14,1.19,359,213
2025-12-31,AAPL,2026-01-25,C,143.27,135.16,0.222539,0.25,1.18,1.22,78,4858
2025-12-31,AAPL,2026-01-25,C,135.16,135.16,0.246686,0.5,1.31,1.36,349,177
2025-12-31,AAPL,2026-01-25,P,135.16,135.16,0.246686,-0.5,1.31,1.36,231,2547
2025-12-31,AAPL,2026-01-25,P,127.05,135.16,0.270834,-0.25,1.44,1.49,399,3406
2025-12-31,AAPL,2026-01-25,P,118.94,135.16,0.280493,-0.1,1.49,1.54,38,1032
2025-12-31,AAPL,2026-02-01,C,151.38,135.16,0.218095,0.1,1.15,1.21,57,1463
2025-12-31,AAPL,2026-02-01,C,143.27,135.16,0.225339,0.25,1.2,1.24,6,1371
2025-12-31,AAPL,2026-02-01,C,135.16,135.16,0.249486,0.5,1.32,1.38,190,3533
2025-12-31,AAPL,2026-02-01,P,135.16,135.16,0.249486,-0.5,1.32,1.38,402,1154
2025-12-31,AAPL,2026-02-01,P,127.05,135.16,0.273634,-0.25,1.45,1.51,153,2869
2025-12-31,AAPL,2026-02-01,P,118.94,135.16,0.283293,-0.1,1.51,1.55,100,186
2025-12-31,AAPL,2026-03-01,C,151.38,135.16,0.229295,0.1,1.21,1.27,326,1212
2025-12-31,AAPL,2026-03-01,C,143.27,135.16,0.236539,0.25,1.25,1.31,100,2748
2025-12-31,AAPL,2026-03-01,C,135.16,135.16,0.260686,0.5,1.39,1.43,289,4971
2025-12-31,AAPL,2026-03-01,P,135.16,135.16,0.260686,-0.5,1.38,1.44,414,2437
2025-12-31,AAPL,2026-03-01,P,127.05,135.16,0.284834,-0.25,1.51,1.57,310,2388
2025-12-31,AAPL,2026-03-01,P,118.94,135.16,0.294493,-0.1,1.56,1.62,106,680
2026-01-01,AAPL,2026-01-26,C,151.06,134.88,0.223121,0.1,1.18,1.23,121,2303
2026-01-01,AAPL,2026-01-26,C,142.97,134.88,0.230815,0.25,1.22,1.27,278,724
2026-01-01,AAPL,2026-01-26,C,134.88,134.88,0.256458,0.5,1.35,1.41,310,87
2026-01-01,AAPL,2026-01-26,P,134.88,134.88,0.256458,-0.5,1.36,1.4,39,1873
2026-01-01,AAPL,2026-01-26,P,126.78,134.88,0.282102,-0.25,1.5,1.55,395,906
2026-01-01,AAPL,2026-01-26,P,118.69,134.88,0.29236,-0.1,1.55,1.6,434,3616
2026-01-01,AAPL,2026-02-02,C,151.06,134.88,0.225921,0.1,1.2,1.24,439,4922
2026-01-01,AAPL,2026-02-02,C,142.97,134.88,0.233615,0.25,1.24,1.28,331,3215
2026-01-01,AAPL,2026-02-02,C,134.88,134.88,0.259258,0.5,1.38,1.42,258,3550
2026-01-01,AAPL,2026-02-02,P,134.88,134.88,0.259258,-0.5,1.37,1.43,33,535
2026-01-01,AAPL,2026-02-02,P,126.78,134.88,0.284902,-0.25,1.52,1.56,209,1412
2026-01-01,AAPL,2026-02-02,P,118.69,134.88,0.29516,-0.1,1.57,1.61,179,4930
2026-01-01,AAPL,2026-03-02,C,151.06,134.88,0.237121,0.1,1.25,1.31,494,3041
2026-01-01,AAPL,2026-03-02,C,142.97,134.88,0.244815,0.25,1.29,1.35,308,4161
2026-01-01,AAPL,2026-03-02,C,134.88,134.88,0.270458,0.5,1.43,1.49,321,1704
2026-01-01,AAPL,2026-03-02,P,134.88,134.88,0.270458,-0.5,1.44,1.48,199,1465
2026-01-01,AAPL,2026-03-02,P,126.78,134.88,0.296102,-0.25,1.57,1.62,313,1853
2026-01-01,AAPL,2026-03-02,P,118.69,134.88,0.30636,-0.1,1.63,1.67,193,1786
2026-01-02,AAPL,2026-01-27,C,150.7,134.56,0.223405,0.1,1.18,1.23,364,835
2026-01-02,AAPL,2026-01-27,C,142.63,134.56,0.229973,0.25,1.21,1.26,179,2409
2026-01-02,AAPL,2026-01-27,C,134.56,134.56,0.251868,0.5,1.33,1.38,107,3559
2026-01-02,AAPL,2026-01-27,P,134.56,134.56,0.251868,-0.5,1.33,1.38,235,192
2026-01-02,AAPL,2026-01-27,P,126.48,134.56,0.273762,-0.25,1.45,1.5,192,794
2026-01-02,AAPL,2026-01-27,P,118.41,134.56,0.28252,-0.1,1.5,1.54,113,4896
2026-01-02,AAPL,2026-02-03,C,150.7,134.56,0.226205,0.1,1.2,1.24,274,1601
2026-01-02,AAPL,2026-02-03,C,142.63,134.56,0.232773,0.25,1.23,1.28,40,2550
2026-01-02,AAPL,2026-02-03,C,134.56,134.56,0.254668,0.5,1.35,1.39,47,816
2026-01-02,AAPL,2026-02-03,P,134.56,134.56,0.254668,-0.5,1.34,1.4,453,524
2026-01-02,AAPL,2026-02-03,P,126.48,134.56,0.276562,-0.25,1.46,1.51,277,3963
2026-01-02,AAPL,2026-02-03,P,118.41,134.56,0.28532,-0.1,1.51,1.56,265,3628
2026-01-02,AAPL,2026-03-03,C,150.7,134.56,0.237405,0.1,1.26,1.3,469,1430
2026-01-02,AAPL,2026-03-03,C,142.63,134.56,0.243973,0.25,1.29,1.34,32,4982
2026-01-02,AAPL,2026-03-03,C,134.56,134.56,0.265868,0.5,1.41,1.45,1,654
2026-01-02,AAPL,2026-03-03,P,134.56,134.56,0.265868,-0.5,1.4,1.46,89,818
2026-01-02,AAPL,2026-03-03,P,126.48,134.56,0.287762,-0.25,1.52,1.58,105,3255
2026-01-02,AAPL,2026-03-03,P,118.41,134.56,0.29652,-0.1,1.57,1.62,156,3759
2026-01-05,AAPL,2026-01-30,C,151.01,134.83,0.188368,0.1,0.99,1.04,328,4997
2026-01-05,AAPL,2026-01-30,C,142.92,134.83,0.19518,0.25,1.02,1.08,174,4483
2026-01-05,AAPL,2026-01-30,C,134.83,134.83,0.217884,0.5,1.15,1.2,352,2618
2026-01-05,AAPL,2026-01-30,P,134.83,134.83,0.217884,-0.5,1.15,1.2,481,84
2026-01-05,AAPL,2026-01-30,P,126.74,134.83,0.240589,-0.25,1.27,1.32,170,3122
2026-01-05,AAPL,2026-01-30,P,118.65,134.83,0.24967,-0.1,1.32,1.37,54,1667
2026-01-05,AAPL,2026-02-06,C,151.01,134.83,0.191168,0.1,1.01,1.06,357,3185
2026-01-05,AAPL,2026-02-06,C,142.92,134.83,0.19798,0.25,1.04,1.09,482,4811
2026-01-05,AAPL,2026-02-06,C,134.83,134.83,0.220684,0.5,1.16,1.22,245,16
2026-01-05,AAPL,2026-02-06,P,134.83,134.83,0.220684,-0.5,1.17,1.21,160,3454
2026-01-05,AAPL,2026-02-06,P,126.74,134.83,0.243389,-0.25,1.29,1.34,404,4198
2026-01-05,AAPL,2026-02-06,P,118.65,134.83,0.25247,-0.1,1.34,1.38,329,78
2026-01-05,AAPL,2026-03-06,C,151.01,134.83,0.202368,0.1,1.07,1.12,380,3682
2026-01-05,AAPL,2026-03-06,C,142.92,134.83,0.20918,0.25,1.1,1.16,398,4419
2026-01-05,AAPL,2026-03-06,C,134.83,134.83,0.231884,0.5,1.23,1.28,476,4065
2026-01-05,AAPL,2026-03-06,P,134.83,134.83,0.231884,-0.5,1.23,1.27,141,2865
2026-01-05,AAPL,2026-03-06,P,126.74,134.83,0.254589,-0.25,1.34,1.4,47,1987
2026-01-05,AAPL,2026-03-06,P,118.65,134.83,0.26367,-0.1,1.39,1.45,83,1111
2026-01-06,AAPL,2026-01-31,C,150.27,134.17,0.199489,0.1,1.05,1.1,279,4537
2026-01-06,AAPL,2026-01-31,C,142.22,134.17,0.206119,0.25,1.08,1.13,188,4002
2026-01-06,AAPL,2026-01-31,C,134.17,134.17,0.228218,0.5,1.2,1.25,345,3730
2026-01-06,AAPL,2026-01-31,P,134.17,134.17,0.228218,-0.5,1.2,1.25,282,883
2026-01-06,AAPL,2026-01-31,P,126.12,134.17,0.250318,-0.25,1.32,1.37,308,3571
2026-01-06,AAPL,2026-01-31,P,118.07,134.17,0.259158,-0.1,1.37,1.42,490,1135
2026-01-06,AAPL,2026-02-07,C,150.27,134.17,0.202289,0.1,1.06,1.11,33,4786
2026-01-06,AAPL,2026-02-07,C,142.22,134.17,0.208919,0.25,1.09,1.15,257,4048
2026-01-06,AAPL,2026-02-07,C,134.17,134.17,0.231018,0.5,1.21,1.27,447,4149
2026-01-06,AAPL,2026-02-07,P,134.17,134.17,0.231018,-0.5,1.22,1.26,85,2489
2026-01-06,AAPL,2026-02-07,P,126.12,134.17,0.253118,-0.25,1.33,1.39,393,525
2026-01-06,AAPL,2026-02-07,P,118.07,134.17,0.261958,-0.1,1.38,1.43,270,3173
2026-01-06,AAPL,2026-03-07,C,150.27,134.17,0.213489,0.1,1.12,1.17,152,3305
2026-01-06,AAPL,2026-03-07,C,142.22,134.17,0.220119,0.25,1.16,1.2,432,4852
2026-01-06,AAPL,2026-03-07,C,134.17,134.17,0.242218,0.5,1.28,1.32,196,1170
2026-01-06,AAPL,2026-03-07,P,134.17,134.17,0.242218,-0.5,1.27,1.33,381,3857
2026-01-06,AAPL,2026-03-07,P,126.12,134.17,0.264318,-0.25,1.39,1.45,460,4035
2026-01-06,AAPL,2026-03-07,P,118.07,134.17,0.273158,-0.1,1.44,1.49,48,1429
2026-01-07,AAPL,2026-02-01,C,150.9,134.73,0.198945,0.1,1.04,1.1,244,4304
2026-01-07,AAPL,2026-02-01,C,142.82,134.73,0.206269,0.25,1.09,1.14,172,1872
2026-01-07,AAPL,2026-02-01,C,134.73,134.73,0.230681,0.5,1.22,1.27,407,1637
2026-01-07,AAPL,2026-02-01,P,134.73,134.73,0.230681,-0.5,1.21,1.27,219,62
2026-01-07,AAPL,2026-02-01,P,126.65,134.73,0.255093,-0.25,1.35,1.4,324,4714
2026-01-07,AAPL,2026-02-01,P,118.57,134.73,0.264857,-0.1,1.4,1.45,145,2257
2026-01-07,AAPL,2026-02-08,C,150.9,134.73,0.201745,0.1,1.06,1.11,10,378
2026-01-07,AAPL,2026-02-08,C,142.82,134.73,0.209069,0.25,1.1,1.15,164,461
2026-01-07,AAPL,2026-02-08,C,134.73,134.73,0.233481,0.5,1.24,1.28,189,825
2026-01-07,AAPL,2026-02-08,P,134.73,134.73,0.233481,-0.5,1.24,1.28,146,64
2026-01-07,AAPL,2026-02-08,P,126.65,134.73,0.257893,-0.25,1.36,1.42,334,627
2026-01-07,AAPL,2026-02-08,P,118.57,134.73,0.267657,-0.1,1.42,1.47,452,4398
2026-01-07,AAPL,2026-03-08,C,150.9,134.73,0.212945,0.1,1.13,1.17,245,2423
2026-01-07,AAPL,2026-03-08,C,142.82,134.73,0.220269,0.25,1.16,1.22,161,2789
2026-01-07,AAPL,2026-03-08,C,134.73,134.73,0.244681,0.5,1.3,1.34,157,3680
2026-01-07,AAPL,2026-03-08,P,134.73,134.73,0.244681,-0.5,1.29,1.35,345,1817
2026-01-07,AAPL,2026-03-08,P,126.65,134.73,0.269093,-0.25,1.43,1.47,448,49
2026-01-07,AAPL,2026-03-08,P,118.57,134.73,0.278857,-0.1,1.47,1.53,342,1614
2026-01-08,AAPL,2026-02-02,C,152.26,135.95,0.202469,0.1,1.08,1.13,104,4604
2026-01-08,AAPL,2026-02-02,C,144.11,135.95,0.209821,0.25,1.12,1.16,44,290
2026-01-08,AAPL,2026-02-02,C,135.95,135.95,0.234329,0.5,1.25,1.3,362,3383
2026-01-08,AAPL,2026-02-02,P,135.95,135.95,0.234329,-0.5,1.25,1.3,392,4488
2026-01-08,AAPL,2026-02-02,P,127.79,135.95,0.258836,-0.25,1.39,1.43,77,1707
2026-01-08,AAPL,2026-02-02,P,119.64,135.95,0.268639,-0.1,1.44,1.48,46,1707
2026-01-08,AAPL,2026-02-09,C,152.26,135.95,0.205269,0.1,1.09,1.14,40,3954
2026-01-08,AAPL,2026-02-09,C,144.11,135.95,0.212621,0.25,1.13,1.18,453,3724
2026-01-08,AAPL,2026-02-09,C,135.95,135.95,0.237129,0.5,1.27,1.31,2,2808
2026-01-08,AAPL,2026-02-09,P,135.95,135.95,0.237129,-0.5,1.27,1.31,255,2700
2026-01-08,AAPL,2026-02-09,P,127.79,135.95,0.261636,-0.25,1.4,1.44,394,4767
2026-01-08,AAPL,2026-02-09,P,119.64,135.95,0.271439,-0.1,1.45,1.51,232,4133
2026-01-08,AAPL,2026-03-09,C,152.26,135.95,0.216469,0.1,1.15,1.21,75,741
2026-01-08,AAPL,2026-03-09,C,144.11,135.95,0.223821,0.25,1.19,1.24,479,1596
2026-01-08,AAPL,2026-03-09,C,135.95,135.95,0.248329,0.5,1.32,1.38,482,955
2026-01-08,AAPL,2026-03-09,P,135.95,135.95,0.248329,-0.5,1.33,1.37,367,3436
2026-01-08,AAPL,2026-03-09,P,127.79,135.95,0.272836,-0.25,1.46,1.5,260,3664
2026-01-08,AAPL,2026-03-09,P,119.64,135.95,0.282639,-0.1,1.51,1.56,296,3308
2026-01-09,AAPL,2026-02-03,C,152.47,136.14,0.170998,0.1,0.91,0.96,427,1071
2026-01-09,AAPL,2026-02-03,C,144.3,136.14,0.179078,0.25,0.95,1.0,188,232
2026-01-09,AAPL,2026-02-03,C,136.14,136.14,0.20601,0.5,1.1,1.14,346,2903
2026-01-09,AAPL,2026-02-03,P,136.14,136.14,0.20601,-0.5,1.1,1.15,173,1223
2026-01-09,AAPL,2026-02-03,P,127.97,136.14,0.232942,-0.25,1.25,1.29,57,4743
2026-01-09,AAPL,2026-02-03,P,119.8,136.14,0.243714,-0.1,1.31,1.35,309,1531
2026-01-09,AAPL,2026-02-10,C,152.47,136.14,0.173798,0.1,0.92,0.97,394,12
2026-01-09,AAPL,2026-02-10,C,144.3,136.14,0.181878,0.25,0.96,1.02,197,504
2026-01-09,AAPL,2026-02-10,C,136.14,136.14,0.20881,0.5,1.11,1.16,498,3148
2026-01-09,AAPL,2026-02-10,P,136.14,136.14,0.20881,-0.5,1.11,1.17,390,3260
2026-01-09,AAPL,2026-02-10,P,127.97,136.14,0.235742,-0.25,1.26,1.31,116,2112
2026-01-09,AAPL,2026-02-10,P,119.8,136.14,0.246514,-0.1,1.32,1.37,319,3511
2026-01-09,AAPL,2026-03-10,C,152.47,136.14,0.184998,0.1,0.98,1.03,20,2562
2026-01-09,AAPL,2026-03-10,C,144.3,136.14,0.193078,0.25,1.03,1.07,495,1297
2026-01-09,AAPL,2026-03-10,C,136.14,136.14,0.22001,0.5,1.17,1.22,378,56
2026-01-09,AAPL,2026-03-10,P,136.14,136.14,0.22001,-0.5,1.17,1.22,433,23
2026-01-09,AAPL,2026-03-10,P,127.97,136.14,0.246942,-0.25,1.32,1.37,90,3523
2026-01-09,AAPL,2026-03-10,P,119.8,136.14,0.257714,-0.1,1.38,1.43,19,3470
2026-01-12,AAPL,2026-02-06,C,152.94,136.56,0.205009,0.1,1.1,1.14,23,3495
2026-01-12,AAPL,2026-02-06,C,144.75,136.56,0.212624,0.25,1.13,1.19,129,3591
2026-01-12,AAPL,2026-02-06,C,136.56,136.56,0.238005,0.5,1.27,1.33,414,3539
2026-01-12,AAPL,2026-02-06,P,136.56,136.56,0.238005,-0.5,1.27,1.33,224,3624
2026-01-12,AAPL,2026-02-06,P,128.36,136.56,0.263386,-0.25,1.41,1.47,304,379
2026-01-12,AAPL,2026-02-06,P,120.17,136.56,0.273539,-0.1,1.47,1.51,52,1811
2026-01-12,AAPL,2026-02-13,C,152.94,136.56,0.207809,0.1,1.11,1.16,450,3815
2026-01-12,AAPL,2026-02-13,C,144.75,136.56,0.215424,0.25,1.15,1.2,356,1382
2026-01-12,AAPL,2026-02-13,C,136.56,136.56,0.240805,0.5,1.29,1.34,341,1254
2026-01-12,AAPL,2026-02-13,P,136.56,136.56,0.240805,-0.5,1.29,1.34,36,893
2026-01-12,AAPL,2026-02-13,P,128.36,136.56,0.266186,-0.25,1.43,1.48,355,2011
2026-01-12,AAPL,2026-02-13,P,120.17,136.56,0.276339,-0.1,1.49,1.53,180,26
2026-01-12,AAPL,2026-03-13,C,152.94,136.56,0.219009,0.1,1.17,1.22,381,1694
2026-01-12,AAPL,2026-03-13,C,144.75,136.56,0.226624,0.25,1.21,1.26,281,3929
2026-01-12,AAPL,2026-03-13,C,136.56,136.56,0.252005,0.5,1.36,1.4,420,1950
2026-01-12,AAPL,2026-03-13,P,136.56,136.56,0.252005,-0.5,1.36,1.4,313,4653
2026-01-12,AAPL,2026-03-13,P,128.36,136.56,0.277386,-0.25,1.49,1.54,58,4910
2026-01-12,AAPL,2026-03-13,P,120.17,136.56,0.287539,-0.1,1.54,1.6,448,1585
2026-01-13,AAPL,2026-02-07,C,153.02,136.62,0.18863,0.1,1.01,1.05,50,4442
2026-01-13,AAPL,2026-02-07,C,144.82,136.62,0.195987,0.25,1.05,1.1,226,1885
2026-01-13,AAPL,2026-02-07,C,136.62,136.62,0.220511,0.5,1.18,1.23,286,4185
2026-01-13,AAPL,2026-02-07,P,136.62,136.62,0.220511,-0.5,1.18,1.23,58,341
2026-01-13,AAPL,2026-02-07,P,128.42,136.62,0.245034,-0.25,1.32,1.36,418,1511
2026-01-13,AAPL,2026-02-07,P,120.23,136.62,0.254843,-0.1,1.37,1.42,52,2370
2026-01-13,AAPL,2026-02-14,C,153.02,136.62,0.19143,0.1,1.02,1.07,259,3954
2026-01-13,AAPL,2026-02-14,C,144.82,136.62,0.198787,0.25,1.06,1.11,359,3485
2026-01-13,AAPL,2026-02-14,C,136.62,136.62,0.223311,0.5,1.19,1.25,421,3022
2026-01-13,AAPL,2026-02-14,P,136.62,136.62,0.223311,-0.5,1.2,1.24,220,947
2026-01-13,AAPL,2026-02-14,P,128.42,136.62,0.247834,-0.25,1.33,1.38,78,3723
2026-01-13,AAPL,2026-02-14,P,120.23,136.62,0.257643,-0.1,1.38,1.43,215,241
2026-01-13,AAPL,2026-03-14,C,153.02,136.62,0.20263,0.1,1.08,1.14,319,3359
2026-01-13,AAPL,2026-03-14,C,144.82,136.62,0.209987,0.25,1.12,1.18,392,2196
2026-01-13,AAPL,2026-03-14,C,136.62,136.62,0.234511,0.5,1.25,1.31,301,1005
2026-01-13,AAPL,2026-03-14,P,136.62,136.62,0.234511,-0.5,1.26,1.3,166,4452
2026-01-13,AAPL,2026-03-14,P,128.42,136.62,0.259034,-0.25,1.39,1.44,143,2500
2026-01-13,AAPL,2026-03-14,P,120.23,136.62,0.268843,-0.1,1.45,1.49,92,1533
2026-01-14,AAPL,2026-02-08,C,153.02,136.62,0.207963,0.1,1.11,1.16,431,1744
2026-01-14,AAPL,2026-02-08,C,144.82,136.62,0.214964,0.25,1.15,1.2,215,3331
2026-01-14,AAPL,2026-02-08,C,136.62,136.62,0.2383,0.5,1.27,1.33,429,2125
2026-01-14,AAPL,2026-02-08,P,136.62,136.62,0.2383,-0.5,1.28,1.33,434,4936
2026-01-14,AAPL,2026-02-08,P,128.42,136.62,0.261635,-0.25,1.41,1.45,103,2869
2026-01-14,AAPL,2026-02-08,P,120.23,136.62,0.270969,-0.1,1.45,1.51,461,2750
2026-01-14,AAPL,2026-02-15,C,153.02,136.62,0.210763,0.1,1.12,1.18,220,3028
2026-01-14,AAPL,2026-02-15,C,144.82,136.62,0.217764,0.25,1.16,1.22,213,623
2026-01-14,AAPL,2026-02-15,C,136.62,136.62,0.2411,0.5,1.29,1.34,91,669
2026-01-14,AAPL,2026-02-15,P,136.62,136.62,0.2411,-0.5,1.3,1.34,217,2447
2026-01-14,AAPL,2026-02-15,P,128.42,136.62,0.264435,-0.25,1.42,1.47,268,4995
2026-01-14,AAPL,2026-02-15,P,120.23,136.62,0.273769,-0.1,1.47,1.52,40,4244
2026-01-14,AAPL,2026-03-15,C,153.02,136.62,0.221963,0.1,1.19,1.24,68,2549
2026-01-14,AAPL,2026-03-15,C,144.82,136.62,0.228964,0.25,1.22,1.28,89,2092
2026-01-14,AAPL,2026-03-15,C,136.62,136.62,0.2523,0.5,1.35,1.41,382,2634
2026-01-14,AAPL,2026-03-15,P,136.62,136.62,0.2523,-0.5,1.36,1.4,405,2906
2026-01-14,AAPL,2026-03-15,P,128.42,136.62,0.275635,-0.25,1.48,1.53,261,25
2026-01-14,AAPL,2026-03-15,P,120.23,136.62,0.284969,-0.1,1.53,1.58,195,973
2026-01-15,AAPL,2026-02-09,C,152.05,135.76,0.188848,0.1,1.0,1.05,379,1945
2026-01-15,AAPL,2026-02-09,C,143.9,135.76,0.195769,0.25,1.03,1.09,348,2782
2026-01-15,AAPL,2026-02-09,C,135.76,135.76,0.218837,0.5,1.17,1.21,237,951
2026-01-15,AAPL,2026-02-09,P,135.76,135.76,0.218837,-0.5,1.16,1.22,265,3024
2026-01-15,AAPL,2026-02-09,P,127.61,135.76,0.241905,-0.25,1.28,1.34,20,1557
2026-01-15,AAPL,2026-02-09,P,119.47,135.76,0.251133,-0.1,1.34,1.39,224,3862
2026-01-15,AAPL,2026-02-16,C,152.05,135.76,0.191648,0.1,1.01,1.07,383,100
2026-01-15,AAPL,2026-02-16,C,143.9,135.76,0.198569,0.25,1.05,1.11,22,1964
2026-01-15,AAPL,2026-02-16,C,135.76,135.76,0.221637,0.5,1.18,1.23,234,2728
2026-01-15,AAPL,2026-02-16,P,135.76,135.76,0.221637,-0.5,1.18,1.23,333,1803
2026-01-15,AAPL,2026-02-16,P,127.61,135.76,0.244705,-0.25,1.3,1.36,224,1327
2026-01-15,AAPL,2026-02-16,P,119.47,135.76,0.253933,-0.1,1.35,1.4,130,2805
2026-01-15,AAPL,2026-03-16,C,152.05,135.76,0.202848,0.1,1.07,1.13,116,2363
2026-01-15,AAPL,2026-03-16,C,143.9,135.76,0.209769,0.25,1.11,1.17,378,2431
2026-01-15,AAPL,2026-03-16,C,135.76,135.76,0.232837,0.5,1.24,1.29,63,3373
2026-01-15,AAPL,2026-03-16,P,135.76,135.76,0.232837,-0.5,1.24,1.29,217,4118
2026-01-15,AAPL,2026-03-16,P,127.61,135.76,0.255905,-0.25,1.36,1.42,426,974
2026-01-15,AAPL,2026-03-16,P,119.47,135.76,0.265133,-0.1,1.41,1.47,264,394
2026-01-16,AAPL,2026-02-10,C,152.47,136.14,0.188427,0.1,1.0,1.05,182,2181
2026-01-16,AAPL,2026-02-10,C,144.3,136.14,0.195225,0.25,1.04,1.09,29,4937
2026-01-16,AAPL,2026-02-10,C,136.14,136.14,0.217886,0.5,1.16,1.21,402,107
2026-01-16,AAPL,2026-02-10,P,136.14,136.14,0.217886,-0.5,1.17,1.21,28,1230
2026-01-16,AAPL,2026-02-10,P,127.97,136.14,0.240546,-0.25,1.28,1.34,445,3881
2026-01-16,AAPL,2026-02-10,P,119.8,136.14,0.24961,-0.1,1.33,1.38,186,1282
2026-01-16,AAPL,2026-02-17,C,152.47,136.14,0.191227,0.1,1.02,1.07,282,84
2026-01-16,AAPL,2026-02-17,C,144.3,136.14,0.198025,0.25,1.05,1.11,248,3075
2026-01-16,AAPL,2026-02-17,C,136.14,136.14,0.220686,0.5,1.18,1.22,452,4086
2026-01-16,AAPL,2026-02-17,P,136.14,136.14,0.220686,-0.5,1.17,1.23,34,1548
2026-01-16,AAPL,2026-02-17,P,127.97,136.14,0.243346,-0.25,1.3,1.35,428,3011
2026-01-16,AAPL,2026-02-17,P,119.8,136.14,0.25241,-0.1,1.35,1.4,467,974
2026-01-16,AAPL,2026-03-17,C,152.47,136.14,0.202427,0.1,1.08,1.13,428,4668
2026-01-16,AAPL,2026-03-17,C,144.3,136.14,0.209225,0.25,1.11,1.17,209,2843
2026-01-16,AAPL,2026-03-17,C,136.14,136.14,0.231886,0.5,1.24,1.29,296,2208
2026-01-16,AAPL,2026-03-17,P,136.14,136.14,0.231886,-0.5,1.24,1.28,210,1988
2026-01-16,AAPL,2026-03-17,P,127.97,136.14,0.254546,-0.25,1.36,1.42,351,4026
2026-01-16,AAPL,2026-03-17,P,119.8,136.14,0.26361,-0.1,1.41,1.46,469,772
2026-01-19,AAPL,2026-02-13,C,152.34,136.02,0.203676,0.1,1.08,1.13,8,1057
2026-01-19,AAPL,2026-02-13,C,144.18,136.02,0.211413,0.25,1.13,1.17,48,3912
2026-01-19,AAPL,2026-02-13,C,136.02,136.02,0.2372,0.5,1.26,1.32,499,3239
2026-01-19,AAPL,2026-02-13,P,136.02,136.02,0.2372,-0.5,1.27,1.31,377,2538
2026-01-19,AAPL,2026-02-13,P,127.86,136.02,0.262988,-0.25,1.41,1.45,82,658
2026-01-19,AAPL,2026-02-13,P,119.7,136.02,0.273303,-0.1,1.46,1.51,159,1555
2026-01-19,AAPL,2026-02-20,C,152.34,136.02,0.206476,0.1,1.09,1.15,497,2362
2026-01-19,AAPL,2026-02-20,C,144.18,136.02,0.214213,0.25,1.14,1.19,472,99
2026-01-19,AAPL,2026-02-20,C,136.02,136.02,0.24,0.5,1.28,1.33,484,865
2026-01-19,AAPL,2026-02-20,P,136.02,136.02,0.24,-0.5,1.28,1.33,26,2124
2026-01-19,AAPL,2026-02-20,P,127.86,136.02,0.265788,-0.25,1.42,1.47,486,3086
2026-01-19,AAPL,2026-02-20,P,119.7,136.02,0.276103,-0.1,1.48,1.53,232,566
2026-01-19,AAPL,2026-03-20,C,152.34,136.02,0.217676,0.1,1.16,1.21,211,2135
2026-01-19,AAPL,2026-03-20,C,144.18,136.02,0.225413,0.25,1.2,1.25,149,29
2026-01-19,AAPL,2026-03-20,C,136.02,136.02,0.2512,0.5,1.34,1.39,313,1421
2026-01-19,AAPL,2026-03-20,P,136.02,136.02,0.2512,-0.5,1.34,1.39,379,1495
2026-01-19,AAPL,2026-03-20,P,127.86,136.02,0.276988,-0.25,1.48,1.54,110,1161
2026-01-19,AAPL,2026-03-20,P,119.7,136.02,0.287303,-0.1,1.53,1.59,264,4590
2026-01-20,AAPL,2026-02-14,C,155.15,138.53,0.220536,0.1,1.2,1.25,272,1911
2026-01-20,AAPL,2026-02-14,C,146.84,138.53,0.22758,0.25,1.23,1.29,152,3097
2026-01-20,AAPL,2026-02-14,C,138.53,138.53,0.251062,0.5,1.37,1.42,347,189
2026-01-20,AAPL,2026-02-14,P,138.53,138.53,0.251062,-0.5,1.36,1.42,459,428
2026-01-20,AAPL,2026-02-14,P,130.22,138.53,0.274543,-0.25,1.5,1.54,459,1381
2026-01-20,AAPL,2026-02-14,P,121.91,138.53,0.283936,-0.1,1.55,1.6,344,4477
2026-01-20,AAPL,2026-02-21,C,155.15,138.53,0.223336,0.1,1.21,1.27,146,996
2026-01-20,AAPL,2026-02-21,C,146.84,138.53,0.23038,0.25,1.25,1.3,280,3903
2026-01-20,AAPL,2026-02-21,C,138.53,138.53,0.253862,0.5,1.38,1.43,205,880
2026-01-20,AAPL,2026-02-21,P,138.53,138.53,0.253862,-0.5,1.38,1.43,382,3133
2026-01-20,AAPL,2026-02-21,P,130.22,138.53,0.277343,-0.25,1.51,1.57,353,3312
2026-01-20,AAPL,2026-02-21,P,121.91,138.53,0.286736,-0.1,1.57,1.61,273,3527
2026-01-20,AAPL,2026-03-21,C,155.15,138.53,0.234536,0.1,1.28,1.32,252,4312
2026-01-20,AAPL,2026-03-21,C,146.84,138.53,0.24158,0.25,1.31,1.36,472,1006
2026-01-20,AAPL,2026-03-21,C,138.53,138.53,0.265062,0.5,1.44,1.49,344,1283
2026-01-20,AAPL,2026-03-21,P,138.53,138.53,0.265062,-0.5,1.45,1.49,184,2870
2026-01-20,AAPL,2026-03-21,P,130.22,138.53,0.288543,-0.25,1.57,1.63,334,4176
2026-01-20,AAPL,2026-03-21,P,121.91,138.53,0.297936,-0.1,1.63,1.67,449,343
2026-01-21,AAPL,2026-02-15,C,157.27,140.42,0.222168,0.1,1.22,1.27,373,992
2026-01-21,AAPL,2026-02-15,C,148.84,140.42,0.229327,0.25,1.26,1.32,90,4870
2026-01-21,AAPL,2026-02-15,C,140.42,140.42,0.253192,0.5,1.4,1.44,199,3980
2026-01-21,AAPL,2026-02-15,P,140.42,140.42,0.253192,-0.5,1.4,1.45,405,1314
2026-01-21,AAPL,2026-02-15,P,131.99,140.42,0.277057,-0.25,1.53,1.58,67,651
2026-01-21,AAPL,2026-02-15,P,123.57,140.42,0.286603,-0.1,1.59,1.63,142,4967
2026-01-21,AAPL,2026-02-22,C,157.27,140.42,0.224968,0.1,1.24,1.29,488,1273
2026-01-21,AAPL,2026-02-22,C,148.84,140.42,0.232127,0.25,1.28,1.33,143,4750
2026-01-21,AAPL,2026-02-22,C,140.42,140.42,0.255992,0.5,1.41,1.46,406,4503
2026-01-21,AAPL,2026-02-22,P,140.42,140.42,0.255992,-0.5,1.41,1.47,161,1727
2026-01-21,AAPL,2026-02-22,P,131.99,140.42,0.279857,-0.25,1.54,1.6,401,3305
2026-01-21,AAPL,2026-02-22,P,123.57,140.42,0.289403,-0.1,1.6,1.65,91,1835
2026-01-21,AAPL,2026-03-22,C,157.27,140.42,0.236168,0.1,1.31,1.35,455,863
2026-01-21,AAPL,2026-03-22,C,148.84,140.42,0.243327,0.25,1.34,1.39,423,3877
2026-01-21,AAPL,2026-03-22,C,140.42,140.42,0.267192,0.5,1.47,1.53,173,2922
2026-01-21,AAPL,2026-03-22,P,140.42,140.42,0.267192,-0.5,1.48,1.52,178,96
2026-01-21,AAPL,2026-03-22,P,131.99,140.42,0.291057,-0.25,1.61,1.66,20,2751
2026-01-21,AAPL,2026-03-22,P,123.57,140.42,0.300603,-0.1,1.66,1.72,110,822
2026-01-22,AAPL,2026-02-16,C,157.79,140.88,0.203027,0.1,1.11,1.17,233,866
2026-01-22,AAPL,2026-02-16,C,149.33,140.88,0.209374,0.25,1.16,1.2,173,3270
2026-01-22,AAPL,2026-02-16,C,140.88,140.88,0.230531,0.5,1.27,1.33,227,4760
2026-01-22,AAPL,2026-02-16,P,140.88,140.88,0.230531,-0.5,1.27,1.33,313,3749
2026-01-22,AAPL,2026-02-16,P,132.43,140.88,0.251689,-0.25,1.4,1.44,365,2407
2026-01-22,AAPL,2026-02-16,P,123.98,140.88,0.260151,-0.1,1.44,1.49,163,2173
2026-01-22,AAPL,2026-02-23,C,157.79,140.88,0.205827,0.1,1.13,1.19,449,3265
2026-01-22,AAPL,2026-02-23,C,149.33,140.88,0.212174,0.25,1.17,1.22,346,2551
2026-01-22,AAPL,2026-02-23,C,140.88,140.88,0.233331,0.5,1.29,1.34,471,336
2026-01-22,AAPL,2026-02-23,P,140.88,140.88,0.233331,-0.5,1.29,1.34,199,3588
2026-01-22,AAPL,2026-02-23,P,132.43,140.88,0.254489,-0.25,1.41,1.46,481,1748
2026-01-22,AAPL,2026-02-23,P,123.98,140.88,0.262951,-0.1,1.45,1.51,109,3879
2026-01-22,AAPL,2026-03-23,C,157.79,140.88,0.217027,0.1,1.2,1.25,202,4784
2026-01-22,AAPL,2026-03-23,C,149.33,140.88,0.223374,0.25,1.23,1.29,125,2372
2026-01-22,AAPL,2026-03-23,C,140.88,140.88,0.244531,0.5,1.36,1.4,463,3866
2026-01-22,AAPL,2026-03-23,P,140.88,140.88,0.244531,-0.5,1.36,1.4,409,4215
2026-01-22,AAPL,2026-03-23,P,132.43,140.88,0.265689,-0.25,1.47,1.52,31,1976
2026-01-22,AAPL,2026-03-23,P,123.98,140.88,0.274151,-0.1,1.52,1.57,274,2668
2026-01-23,AAPL,2026-02-17,C,156.76,139.97,0.206879,0.1,1.14,1.18,108,4641
2026-01-23,AAPL,2026-02-17,C,148.36,139.97,0.212233,0.25,1.17,1.21,81,3848
2026-01-23,AAPL,2026-02-17,C,139.97,139.97,0.230078,0.5,1.26,1.32,102,1976
2026-01-23,AAPL,2026-02-17,P,139.97,139.97,0.230078,-0.5,1.27,1.31,459,4025
2026-01-23,AAPL,2026-02-17,P,131.57,139.97,0.247924,-0.25,1.36,1.42,224,1687
2026-01-23,AAPL,2026-02-17,P,123.17,139.97,0.255062,-0.1,1.4,1.45,114,4049
2026-01-23,AAPL,2026-02-24,C,156.76,139.97,0.209679,0.1,1.15,1.2,339,3148
2026-01-23,AAPL,2026-02-24,C,148.36,139.97,0.215033,0.25,1.18,1.23,419,880
2026-01-23,AAPL,2026-02-24,C,139.97,139.97,0.232878,0.5,1.28,1.33,468,1630
2026-01-23,AAPL,2026-02-24,P,139.97,139.97,0.232878,-0.5,1.27,1.33,231,2848
2026-01-23,AAPL,2026-02-24,P,131.57,139.97,0.250724,-0.25,1.38,1.43,312,2122
2026-01-23,AAPL,2026-02-24,P,123.17,139.97,0.257862,-0.1,1.42,1.47,328,4091
2026-01-23,AAPL,2026-03-24,C,156.76,139.97,0.220879,0.1,1.21,1.26,207,3870
2026-01-23,AAPL,2026-03-24,C,148.36,139.97,0.226233,0.25,1.24,1.29,28,1314
2026-01-23,AAPL,2026-03-24,C,139.97,139.97,0.244078,0.5,1.35,1.39,112,3885
2026-01-23,AAPL,2026-03-24,P,139.97,139.97,0.244078,-0.5,1.34,1.39,204,2551
2026-01-23,AAPL,2026-03-24,P,131.57,139.97,0.261924,-0.25,1.44,1.49,87,2161
2026-01-23,AAPL,2026-03-24,P,123.17,139.97,0.269062,-0.1,1.48,1.53,72,3047
2026-01-26,AAPL,2026-02-20,C,155.27,138.63,0.195229,0.1,1.06,1.1,479,2871
2026-01-26,AAPL,2026-02-20,C,146.95,138.63,0.200243,0.25,1.09,1.13,94,4041
2026-01-26,AAPL,2026-02-20,C,138.63,138.63,0.216955,0.5,1.18,1.23,493,2147
2026-01-26,AAPL,2026-02-20,P,138.63,138.63,0.216955,-0.5,1.18,1.23,33,2280
2026-01-26,AAPL,2026-02-20,P,130.31,138.63,0.233667,-0.25,1.27,1.32,152,2367
2026-01-26,AAPL,2026-02-20,P,122.0,138.63,0.240352,-0.1,1.31,1.35,126,4490
2026-01-26,AAPL,2026-02-27,C,155.27,138.63,0.198029,0.1,1.07,1.13,213,3803
2026-01-26,AAPL,2026-02-27,C,146.95,138.63,0.203043,0.25,1.1,1.15,186,3959
2026-01-26,AAPL,2026-02-27,C,138.63,138.63,0.219755,0.5,1.19,1.24,333,601
2026-01-26,AAPL,2026-02-27,P,138.63,138.63,0.219755,-0.5,1.19,1.24,477,4671
2026-01-26,AAPL,2026-02-27,P,130.31,138.63,0.236467,-0.25,1.28,1.34,487,3841
2026-01-26,AAPL,2026-02-27,P,122.0,138.63,0.243152,-0.1,1.33,1.37,407,980
2026-01-26,AAPL,2026-03-27,C,155.27,138.63,0.209229,0.1,1.13,1.19,58,718
2026-01-26,AAPL,2026-03-27,C,146.95,138.63,0.214243,0.25,1.16,1.21,23,1897
2026-01-26,AAPL,2026-03-27,C,138.63,138.63,0.230955,0.5,1.26,1.3,91,3390
2026-01-26,AAPL,2026-03-27,P,138.63,138.63,0.230955,-0.5,1.25,1.31,5,3890
2026-01-26,AAPL,2026-03-27,P,130.31,138.63,0.247667,-0.25,1.35,1.4,349,2209
2026-01-26,AAPL,2026-03-27,P,122.0,138.63,0.254352,-0.1,1.38,1.44,265,2894
2026-01-27,AAPL,2026-02-21,C,156.87,140.06,0.234298,0.1,1.29,1.34,346,1193
2026-01-27,AAPL,2026-02-21,C,148.46,140.06,0.238307,0.25,1.31,1.36,160,4277
2026-01-27,AAPL,2026-02-21,C,140.06,140.06,0.251669,0.5,1.38,1.44,310,832
2026-01-27,AAPL,2026-02-21,P,140.06,140.06,0.251669,-0.5,1.39,1.43,393,4949
2026-01-27,AAPL,2026-02-21,P,131.66,140.06,0.265031,-0.25,1.46,1.51,22,3184
2026-01-27,AAPL,2026-02-21,P,123.25,140.06,0.270376,-0.1,1.49,1.54,336,4845
2026-01-27,AAPL,2026-02-28,C,156.87,140.06,0.237098,0.1,1.3,1.36,421,2743
2026-01-27,AAPL,2026-02-28,C,148.46,140.06,0.241107,0.25,1.33,1.37,360,3493
2026-01-27,AAPL,2026-02-28,C,140.06,140.06,0.254469,0.5,1.4,1.45,438,3932
2026-01-27,AAPL,2026-02-28,P,140.06,140.06,0.254469,-0.5,1.4,1.46,278,3187
2026-01-27,AAPL,2026-02-28,P,131.66,140.06,0.267831,-0.25,1.48,1.52,452,2494
2026-01-27,AAPL,2026-02-28,P,123.25,140.06,0.273176,-0.1,1.5,1.56,163,1334
2026-01-27,AAPL,2026-03-28,C,156.87,140.06,0.248298,0.1,1.37,1.41,256,3626
2026-01-27,AAPL,2026-03-28,C,148.46,140.06,0.252307,0.25,1.39,1.44,111,4084
2026-01-27,AAPL,2026-03-28,C,140.06,140.06,0.265669,0.5,1.47,1.51,305,1685
2026-01-27,AAPL,2026-03-28,P,140.06,140.06,0.265669,-0.5,1.47,1.51,432,3492
2026-01-27,AAPL,2026-03-28,P,131.66,140.06,0.279031,-0.25,1.54,1.59,360,2285
2026-01-27,AAPL,2026-03-28,P,123.25,140.06,0.284376,-0.1,1.57,1.62,304,668
2026-01-28,AAPL,2026-02-22,C,157.22,140.38,0.194766,0.1,1.06,1.12,109,3891
2026-01-28,AAPL,2026-02-22,C,148.8,140.38,0.19904,0.25,1.1,1.14,475,3119
2026-01-28,AAPL,2026-02-22,C,140.38,140.38,0.213287,0.5,1.17,1.22,440,160
2026-01-28,AAPL,2026-02-22,P,140.38,140.38,0.213287,-0.5,1.18,1.22,326,521
2026-01-28,AAPL,2026-02-22,P,131.95,140.38,0.227534,-0.25,1.26,1.3,338,3980
2026-01-28,AAPL,2026-02-22,P,123.53,140.38,0.233233,-0.1,1.29,1.33,38,3787
2026-01-28,AAPL,2026-03-01,C,157.22,140.38,0.197566,0.1,1.08,1.14,94,2875
2026-01-28,AAPL,2026-03-01,C,148.8,140.38,0.20184,0.25,1.11,1.16,1,3753
2026-01-28,AAPL,2026-03-01,C,140.38,140.38,0.216087,0.5,1.19,1.23,250,2146
2026-01-28,AAPL,2026-03-01,P,140.38,140.38,0.216087,-0.5,1.19,1.24,230,4156
2026-01-28,AAPL,2026-03-01,P,131.95,140.38,0.230334,-0.25,1.27,1.32,442,4242
2026-01-28,AAPL,2026-03-01,P,123.53,140.38,0.236033,-0.1,1.3,1.35,281,2657
2026-01-28,AAPL,2026-03-29,C,157.22,140.38,0.208766,0.1,1.14,1.2,346,4367
2026-01-28,AAPL,2026-03-29,C,148.8,140.38,0.21304,0.25,1.17,1.22,148,4928
2026-01-28,AAPL,2026-03-29,C,140.38,140.38,0.227287,0.5,1.25,1.3,292,2557
2026-01-28,AAPL,2026-03-29,P,140.38,140.38,0.227287,-0.5,1.26,1.3,353,1130
2026-01-28,AAPL,2026-03-29,P,131.95,140.38,0.241534,-0.25,1.33,1.38,310,564
2026-01-28,AAPL,2026-03-29,P,123.53,140.38,0.247233,-0.1,1.36,1.41,2,3028
2026-01-29,AAPL,2026-02-23,C,157.87,140.95,0.220986,0.1,1.22,1.27,4,3823
2026-01-29,AAPL,2026-02-23,C,149.41,140.95,0.224847,0.25,1.24,1.29,140,719
2026-01-29,AAPL,2026-02-23,C,140.95,140.95,0.237719,0.5,1.31,1.37,362,914
2026-01-29,AAPL,2026-02-23,P,140.95,140.95,0.237719,-0.5,1.31,1.37,290,4903
2026-01-29,AAPL,2026-02-23,P,132.49,140.95,0.25059,-0.25,1.39,1.44,296,3231
2026-01-29,AAPL,2026-02-23,P,124.04,140.95,0.255738,-0.1,1.42,1.47,98,4153
2026-01-29,AAPL,2026-03-02,C,157.87,140.95,0.223786,0.1,1.24,1.29,228,2492
2026-01-29,AAPL,2026-03-02,C,149.41,140.95,0.227647,0.25,1.26,1.31,171,3077
2026-01-29,AAPL,2026-03-02,C,140.95,140.95,0.240519,0.5,1.33,1.38,59,2543
2026-01-29,AAPL,2026-03-02,P,140.95,140.95,0.240519,-0.5,1.33,1.38,2,97
2026-01-29,AAPL,2026-03-02,P,132.49,140.95,0.25339,-0.25,1.4,1.45,2,875
2026-01-29,AAPL,2026-03-02,P,124.04,140.95,0.258538,-0.1,1.43,1.48,355,183
2026-01-29,AAPL,2026-03-30,C,157.87,140.95,0.234986,0.1,1.3,1.35,220,4933
2026-01-29,AAPL,2026-03-30,C,149.41,140.95,0.238847,0.25,1.32,1.38,10,3602
2026-01-29,AAPL,2026-03-30,C,140.95,140.95,0.251719,0.5,1.39,1.45,163,3887
2026-01-29,AAPL,2026-03-30,P,140.95,140.95,0.251719,-0.5,1.39,1.45,240,2601
2026-01-29,AAPL,2026-03-30,P,132.49,140.95,0.26459,-0.25,1.47,1.51,155,3549
2026-01-29,AAPL,2026-03-30,P,124.04,140.95,0.269738,-0.1,1.49,1.55,268,1297
2026-01-30,AAPL,2026-02-24,C,155.52,138.86,0.239245,0.1,1.31,1.35,434,1958
2026-01-30,AAPL,2026-02-24,C,147.19,138.86,0.242853,0.25,1.32,1.38,332,1898
2026-01-30,AAPL,2026-02-24,C,138.86,138.86,0.254879,0.5,1.39,1.45,462,3950
2026-01-30,AAPL,2026-02-24,P,138.86,138.86,0.254879,-0.5,1.4,1.44,256,4094
2026-01-30,AAPL,2026-02-24,P,130.53,138.86,0.266905,-0.25,1.45,1.51,493,2587
2026-01-30,AAPL,2026-02-24,P,122.2,138.86,0.271715,-0.1,1.48,1.53,160,4179
2026-01-30,AAPL,2026-03-03,C,155.52,138.86,0.242045,0.1,1.32,1.37,194,805
2026-01-30,AAPL,2026-03-03,C,147.19,138.86,0.245653,0.25,1.34,1.39,121,1333
2026-01-30,AAPL,2026-03-03,C,138.86,138.86,0.257679,0.5,1.4,1.46,276,902
2026-01-30,AAPL,2026-03-03,P,138.86,138.86,0.257679,-0.5,1.4,1.46,257,2335
2026-01-30,AAPL,2026-03-03,P,130.53,138.86,0.269705,-0.25,1.47,1.53,360,2430
2026-01-30,AAPL,2026-03-03,P,122.2,138.86,0.274515,-0.1,1.5,1.55,163,4503
2026-01-30,AAPL,2026-03-31,C,155.52,138.86,0.253245,0.1,1.38,1.43,483,3433
2026-01-30,AAPL,2026-03-31,C,147.19,138.86,0.256853,0.25,1.4,1.45,457,4118
2026-01-30,AAPL,2026-03-31,C,138.86,138.86,0.268879,0.5,1.47,1.52,58,1477
2026-01-30,AAPL,2026-03-31,P,138.86,138.86,0.268879,-0.5,1.47,1.52,256,2153
2026-01-30,AAPL,2026-03-31,P,130.53,138.86,0.280905,-0.25,1.53,1.59,78,3982
2026-01-30,AAPL,2026-03-31,P,122.2,138.86,0.285715,-0.1,1.57,1.61,223,1518
2026-02-02,AAPL,2026-02-27,C,156.77,139.97,0.227155,0.1,1.25,1.3,364,756
2026-02-02,AAPL,2026-02-27,C,148.37,139.97,0.231244,0.25,1.27,1.32,387,4429
2026-02-02,AAPL,2026-02-27,C,139.97,139.97,0.244874,0.5,1.35,1.4,198,3723
2026-02-02,AAPL,2026-02-27,P,139.97,139.97,0.244874,-0.5,1.35,1.4,425,2330
2026-02-02,AAPL,2026-02-27,P,131.57,139.97,0.258504,-0.25,1.42,1.47,299,1304
2026-02-02,AAPL,2026-02-27,P,123.17,139.97,0.263956,-0.1,1.46,1.5,465,4946
2026-02-02,AAPL,2026-03-06,C,156.77,139.97,0.229955,0.1,1.26,1.32,357,3691
2026-02-02,AAPL,2026-03-06,C,148.37,139.97,0.234044,0.25,1.29,1.33,35,160
2026-02-02,AAPL,2026-03-06,C,139.97,139.97,0.247674,0.5,1.36,1.41,4,4689
2026-02-02,AAPL,2026-03-06,P,139.97,139.97,0.247674,-0.5,1.36,1.41,480,2620
2026-02-02,AAPL,2026-03-06,P,131.57,139.97,0.261304,-0.25,1.43,1.49,73,741
2026-02-02,AAPL,2026-03-06,P,123.17,139.97,0.266756,-0.1,1.47,1.52,393,924
2026-02-02,AAPL,2026-04-03,C,156.77,139.97,0.241155,0.1,1.33,1.37,136,4701
2026-02-02,AAPL,2026-04-03,C,148.37,139.97,0.245244,0.25,1.34,1.4,28,517
2026-02-02,AAPL,2026-04-03,C,139.97,139.97,0.258874,0.5,1.43,1.47,42,2976
2026-02-02,AAPL,2026-04-03,P,139.97,139.97,0.258874,-0.5,1.43,1.47,203,2754
2026-02-02,AAPL,2026-04-03,P,131.57,139.97,0.272504,-0.25,1.5,1.55,12,1461
2026-02-02,AAPL,2026-04-03,P,123.17,139.97,0.277956,-0.1,1.53,1.58,279,1153
2026-02-03,AAPL,2026-02-28,C,157.38,140.52,0.20642,0.1,1.14,1.18,217,2930
2026-02-03,AAPL,2026-02-28,C,148.95,140.52,0.211792,0.25,1.17,1.21,20,3516
2026-02-03,AAPL,2026-02-28,C,140.52,140.52,0.229698,0.5,1.27,1.31,313,367
2026-02-03,AAPL,2026-02-28,P,140.52,140.52,0.229698,-0.5,1.26,1.32,8,3636
2026-02-03,AAPL,2026-02-28,P,132.09,140.52,0.247604,-0.25,1.37,1.41,352,1781
2026-02-03,AAPL,2026-02-28,P,123.65,140.52,0.254767,-0.1,1.4,1.46,493,530
2026-02-03,AAPL,2026-03-07,C,157.38,140.52,0.20922,0.1,1.15,1.2,293,2155
2026-02-03,AAPL,2026-03-07,C,148.95,140.52,0.214592,0.25,1.18,1.23,100,3248
2026-02-03,AAPL,2026-03-07,C,140.52,140.52,0.232498,0.5,1.28,1.33,156,2636
2026-02-03,AAPL,2026-03-07,P,140.52,140.52,0.232498,-0.5,1.28,1.33,466,2172
2026-02-03,AAPL,2026-03-07,P,132.09,140.52,0.250404,-0.25,1.38,1.44,230,220
2026-02-03,AAPL,2026-03-07,P,123.65,140.52,0.257567,-0.1,1.42,1.47,96,3425
2026-02-03,AAPL,2026-04-04,C,157.38,140.52,0.22042,0.1,1.22,1.26,43,401
2026-02-03,AAPL,2026-04-04,C,148.95,140.52,0.225792,0.25,1.25,1.29,54,3560
2026-02-03,AAPL,2026-04-04,C,140.52,140.52,0.243698,0.5,1.35,1.39,472,3625
2026-02-03,AAPL,2026-04-04,P,140.52,140.52,0.243698,-0.5,1.34,1.4,210,3180
2026-02-03,AAPL,2026-04-04,P,132.09,140.52,0.261604,-0.25,1.45,1.49,386,4028
2026-02-03,AAPL,2026-04-04,P,123.65,140.52,0.268767,-0.1,1.49,1.53,304,4530
2026-02-04,AAPL,2026-03-01,C,155.89,139.18,0.205851,0.1,1.13,1.17,383,3998
2026-02-04,AAPL,2026-03-01,C,147.54,139.18,0.21093,0.25,1.15,1.2,118,2268
2026-02-04,AAPL,2026-03-01,C,139.18,139.18,0.227859,0.5,1.24,1.29,67,3037
2026-02-04,AAPL,2026-03-01,P,139.18,139.18,0.227859,-0.5,1.24,1.3,259,4480
2026-02-04,AAPL,2026-03-01,P,130.83,139.18,0.244788,-0.25,1.34,1.39,122,3157
2026-02-04,AAPL,2026-03-01,P,122.48,139.18,0.25156,-0.1,1.37,1.43,409,3377
2026-02-04,AAPL,2026-03-08,C,155.89,139.18,0.208651,0.1,1.14,1.19,267,1961
2026-02-04,AAPL,2026-03-08,C,147.54,139.18,0.21373,0.25,1.16,1.22,417,1507
2026-02-04,AAPL,2026-03-08,C,139.18,139.18,0.230659,0.5,1.26,1.31,201,2733
2026-02-04,AAPL,2026-03-08,P,139.18,139.18,0.230659,-0.5,1.26,1.31,108,175
2026-02-04,AAPL,2026-03-08,P,130.83,139.18,0.247588,-0.25,1.36,1.4,104,3478
2026-02-04,AAPL,2026-03-08,P,122.48,139.18,0.25436,-0.1,1.39,1.45,273,2278
2026-02-04,AAPL,2026-04-05,C,155.89,139.18,0.219851,0.1,1.2,1.25,315,4092
2026-02-04,AAPL,2026-04-05,C,147.54,139.18,0.22493,0.25,1.23,1.27,310,4978
2026-02-04,AAPL,2026-04-05,C,139.18,139.18,0.241859,0.5,1.32,1.37,26,1170
2026-02-04,AAPL,2026-04-05,P,139.18,139.18,0.241859,-0.5,1.32,1.37,100,1683
2026-02-04,AAPL,2026-04-05,P,130.83,139.18,0.258788,-0.25,1.41,1.47,471,538
2026-02-04,AAPL,2026-04-05,P,122.48,139.18,0.26556,-0.1,1.45,1.51,439,3839
2026-02-05,AAPL,2026-03-02,C,155.25,138.62,0.237601,0.1,1.29,1.35,443,1156
2026-02-05,AAPL,2026-03-02,C,146.94,138.62,0.241342,0.25,1.31,1.36,379,4251
2026-02-05,AAPL,2026-03-02,C,138.62,138.62,0.25381,0.5,1.38,1.43,384,311
2026-02-05,AAPL,2026-03-02,P,138.62,138.62,0.25381,-0.5,1.38,1.43,12,1217
2026-02-05,AAPL,2026-03-02,P,130.3,138.62,0.266278,-0.25,1.45,1.51,41,2324
2026-02-05,AAPL,2026-03-02,P,121.98,138.62,0.271266,-0.1,1.48,1.53,390,4810
2026-02-05,AAPL,2026-03-09,C,155.25,138.62,0.240401,0.1,1.31,1.36,155,3808
2026-02-05,AAPL,2026-03-09,C,146.94,138.62,0.244142,0.25,1.33,1.37,473,529
2026-02-05,AAPL,2026-03-09,C,138.62,138.62,0.25661,0.5,1.4,1.44,269,1568
2026-02-05,AAPL,2026-03-09,P,138.62,138.62,0.25661,-0.5,1.4,1.45,184,2390
2026-02-05,AAPL,2026-03-09,P,130.3,138.62,0.269078,-0.25,1.47,1.51,110,340
2026-02-05,AAPL,2026-03-09,P,121.98,138.62,0.274066,-0.1,1.49,1.55,304,128
2026-02-05,AAPL,2026-04-06,C,155.25,138.62,0.251601,0.1,1.37,1.42,472,4646
2026-02-05,AAPL,2026-04-06,C,146.94,138.62,0.255342,0.25,1.39,1.44,201,2983
2026-02-05,AAPL,2026-04-06,C,138.62,138.62,0.26781,0.5,1.46,1.51,476,3264
2026-02-05,AAPL,2026-04-06,P,138.62,138.62,0.26781,-0.5,1.46,1.51,60,4821
2026-02-05,AAPL,2026-04-06,P,130.3,138.62,0.280278,-0.25,1.53,1.58,300,3089
2026-02-05,AAPL,2026-04-06,P,121.98,138.62,0.285266,-0.1,1.55,1.61,52,15
2026-02-06,AAPL,2026-03-03,C,155.61,138.93,0.210591,0.1,1.14,1.2,68,3588
2026-02-06,AAPL,2026-03-03,C,147.27,138.93,0.214183,0.25,1.17,1.21,386,1485
2026-02-06,AAPL,2026-03-03,C,138.93,138.93,0.226154,0.5,1.24,1.28,191,2793
2026-02-06,AAPL,2026-03-03,P,138.93,138.93,0.226154,-0.5,1.23,1.29,145,4480
2026-02-06,AAPL,2026-03-03,P,130.6,138.93,0.238125,-0.25,1.3,1.35,70,1296
2026-02-06,AAPL,2026-03-03,P,122.26,138.93,0.242913,-0.1,1.32,1.38,306,3627
2026-02-06,AAPL,2026-03-10,C,155.61,138.93,0.213391,0.1,1.16,1.21,437,1951
2026-02-06,AAPL,2026-03-10,C,147.27,138.93,0.216983,0.25,1.18,1.23,489,3927
2026-02-06,AAPL,2026-03-10,C,138.93,138.93,0.228954,0.5,1.25,1.3,468,1890
2026-02-06,AAPL,2026-03-10,P,138.93,138.93,0.228954,-0.5,1.24,1.3,52,3301
2026-02-06,AAPL,2026-03-10,P,130.6,138.93,0.240925,-0.25,1.31,1.37,486,2377
2026-02-06,AAPL,2026-03-10,P,122.26,138.93,0.245713,-0.1,1.34,1.39,213,4686
2026-02-06,AAPL,2026-04-07,C,155.61,138.93,0.224591,0.1,1.22,1.28,325,4804
2026-02-06,AAPL,2026-04-07,C,147.27,138.93,0.228183,0.25,1.24,1.3,245,2317
2026-02-06,AAPL,2026-04-07,C,138.93,138.93,0.240154,0.5,1.31,1.36,19,1923
2026-02-06,AAPL,2026-04-07,P,138.93,138.93,0.240154,-0.5,1.31,1.36,345,1824
2026-02-06,AAPL,2026-04-07,P,130.6,138.93,0.252125,-0.25,1.37,1.43,2,4615
2026-02-06,AAPL,2026-04-07,P,122.26,138.93,0.256913,-0.1,1.4,1.46,48,4738
2026-02-09,AAPL,2026-03-06,C,155.68,139.0,0.20742,0.1,1.13,1.18,182,4938
2026-02-09,AAPL,2026-03-06,C,147.34,139.0,0.211157,0.25,1.15,1.2,473,945
2026-02-09,AAPL,2026-03-06,C,139.0,139.0,0.223612,0.5,1.21,1.27,154,3449
2026-02-09,AAPL,2026-03-06,P,139.0,139.0,0.223612,-0.5,1.22,1.27,348,668
2026-02-09,AAPL,2026-03-06,P,130.66,139.0,0.236067,-0.25,1.29,1.34,283,4721
2026-02-09,AAPL,2026-03-06,P,122.32,139.0,0.241049,-0.1,1.31,1.37,202,2029
2026-02-09,AAPL,2026-03-13,C,155.68,139.0,0.21022,0.1,1.14,1.19,126,4431
2026-02-09,AAPL,2026-03-13,C,147.34,139.0,0.213957,0.25,1.16,1.22,497,2006
2026-02-09,AAPL,2026-03-13,C,139.0,139.0,0.226412,0.5,1.23,1.28,215,1403
2026-02-09,AAPL,2026-03-13,P,139.0,139.0,0.226412,-0.5,1.23,1.28,470,1107
2026-02-09,AAPL,2026-03-13,P,130.66,139.0,0.238867,-0.25,1.3,1.35,454,2895
2026-02-09,AAPL,2026-03-13,P,122.32,139.0,0.243849,-0.1,1.33,1.38,443,1367
2026-02-09,AAPL,2026-04-10,C,155.68,139.0,0.22142,0.1,1.21,1.25,359,706
2026-02-09,AAPL,2026-04-10,C,147.34,139.0,0.225157,0.25,1.22,1.28,447,1115
2026-02-09,AAPL,2026-04-10,C,139.0,139.0,0.237612,0.5,1.3,1.34,219,4994
2026-02-09,AAPL,2026-04-10,P,139.0,139.0,0.237612,-0.5,1.3,1.34,200,4481
2026-02-09,AAPL,2026-04-10,P,130.66,139.0,0.250067,-0.25,1.36,1.42,390,3578
2026-02-09,AAPL,2026-04-10,P,122.32,139.0,0.255049,-0.1,1.39,1.44,267,912
2026-02-10,AAPL,2026-03-07,C,155.28,138.65,0.195569,0.1,1.06,1.11,283,1754
2026-02-10,AAPL,2026-03-07,C,146.97,138.65,0.200291,0.25,1.08,1.14,1,2719
2026-02-10,AAPL,2026-03-07,C,138.65,138.65,0.216031,0.5,1.17,1.23,91,4016
2026-02-10,AAPL,2026-03-07,P,138.65,138.65,0.216031,-0.5,1.18,1.22,360,4397
2026-02-10,AAPL,2026-03-07,P,130.33,138.65,0.231772,-0.25,1.26,1.32,399,3713
2026-02-10,AAPL,2026-03-07,P,122.01,138.65,0.238068,-0.1,1.3,1.34,215,4038
2026-02-10,AAPL,2026-03-14,C,155.28,138.65,0.198369,0.1,1.07,1.13,390,1700
2026-02-10,AAPL,2026-03-14,C,146.97,138.65,0.203091,0.25,1.1,1.16,307,2832
2026-02-10,AAPL,2026-03-14,C,138.65,138.65,0.218831,0.5,1.19,1.24,384,3353
2026-02-10,AAPL,2026-03-14,P,138.65,138.65,0.218831,-0.5,1.19,1.24,356,4875
2026-02-10,AAPL,2026-03-14,P,130.33,138.65,0.234572,-0.25,1.28,1.33,340,2588
2026-02-10,AAPL,2026-03-14,P,122.01,138.65,0.240868,-0.1,1.31,1.36,109,690
2026-02-10,AAPL,2026-04-11,C,155.28,138.65,0.209569,0.1,1.14,1.19,289,2159
2026-02-10,AAPL,2026-04-11,C,146.97,138.65,0.214291,0.25,1.16,1.22,340,4825
2026-02-10,AAPL,2026-04-11,C,138.65,138.65,0.230031,0.5,1.25,1.3,277,1220
2026-02-10,AAPL,2026-04-11,P,138.65,138.65,0.230031,-0.5,1.25,1.3,261,111
2026-02-10,AAPL,2026-04-11,P,130.33,138.65,0.245772,-0.25,1.33,1.39,176,2473
2026-02-10,AAPL,2026-04-11,P,122.01,138.65,0.252068,-0.1,1.37,1.43,116,1895
2026-02-11,AAPL,2026-03-08,C,155.15,138.52,0.219607,0.1,1.19,1.25,427,2658
2026-02-11,AAPL,2026-03-08,C,146.83,138.52,0.224419,0.25,1.21,1.27,129,4556
2026-02-11,AAPL,2026-03-08,C,138.52,138.52,0.240459,0.5,1.31,1.36,218,2284
2026-02-11,AAPL,2026-03-08,P,138.52,138.52,0.240459,-0.5,1.31,1.36,202,4240
2026-02-11,AAPL,2026-03-08,P,130.21,138.52,0.2565,-0.25,1.39,1.45,149,1648
2026-02-11,AAPL,2026-03-08,P,121.9,138.52,0.262916,-0.1,1.43,1.48,37,1434
2026-02-11,AAPL,2026-03-15,C,155.15,138.52,0.222407,0.1,1.21,1.26,279,4025
2026-02-11,AAPL,2026-03-15,C,146.83,138.52,0.227219,0.25,1.23,1.29,332,2249
2026-02-11,AAPL,2026-03-15,C,138.52,138.52,0.243259,0.5,1.32,1.37,352,1274
2026-02-11,AAPL,2026-03-15,P,138.52,138.52,0.243259,-0.5,1.33,1.37,31,1830
2026-02-11,AAPL,2026-03-15,P,130.21,138.52,0.2593,-0.25,1.41,1.47,189,2099
2026-02-11,AAPL,2026-03-15,P,121.9,138.52,0.265716,-0.1,1.45,1.5,458,3698
2026-02-11,AAPL,2026-04-12,C,155.15,138.52,0.233607,0.1,1.27,1.32,41,1288
2026-02-11,AAPL,2026-04-12,C,146.83,138.52,0.238419,0.25,1.29,1.35,241,417
2026-02-11,AAPL,2026-04-12,C,138.52,138.52,0.254459,0.5,1.39,1.43,133,2887
2026-02-11,AAPL,2026-04-12,P,138.52,138.52,0.254459,-0.5,1.39,1.43,278,1412
2026-02-11,AAPL,2026-04-12,P,130.21,138.52,0.2705,-0.25,1.48,1.52,26,1732
2026-02-11,AAPL,2026-04-12,P,121.9,138.52,0.276916,-0.1,1.51,1.56,446,2163
2026-02-12,AAPL,2026-03-09,C,154.81,138.22,0.211106,0.1,1.14,1.19,378,4820
2026-02-12,AAPL,2026-03-09,C,146.51,138.22,0.215385,0.25,1.17,1.21,61,4360
2026-02-12,AAPL,2026-03-09,C,138.22,138.22,0.22965,0.5,1.25,1.29,310,4782
2026-02-12,AAPL,2026-03-09,P,138.22,138.22,0.22965,-0.5,1.25,1.29,431,423
2026-02-12,AAPL,2026-03-09,P,129.93,138.22,0.243915,-0.25,1.32,1.37,11,1147
2026-02-12,AAPL,2026-03-09,P,121.63,138.22,0.249621,-0.1,1.35,1.41,98,3289
2026-02-12,AAPL,2026-03-16,C,154.81,138.22,0.213906,0.1,1.16,1.21,351,975
2026-02-12,AAPL,2026-03-16,C,146.51,138.22,0.218185,0.25,1.18,1.23,56,1563
2026-02-12,AAPL,2026-03-16,C,138.22,138.22,0.23245,0.5,1.26,1.32,87,3661
2026-02-12,AAPL,2026-03-16,P,138.22,138.22,0.23245,-0.5,1.26,1.31,255,4336
2026-02-12,AAPL,2026-03-16,P,129.93,138.22,0.246715,-0.25,1.34,1.39,334,2768
2026-02-12,AAPL,2026-03-16,P,121.63,138.22,0.252421,-0.1,1.37,1.42,474,3393
2026-02-12,AAPL,2026-04-13,C,154.81,138.22,0.225106,0.1,1.22,1.27,239,224
2026-02-12,AAPL,2026-04-13,C,146.51,138.22,0.229385,0.25,1.24,1.3,148,268
2026-02-12,AAPL,2026-04-13,C,138.22,138.22,0.24365,0.5,1.32,1.37,264,792
2026-02-12,AAPL,2026-04-13,P,138.22,138.22,0.24365,-0.5,1.32,1.37,362,4296
2026-02-12,AAPL,2026-04-13,P,129.93,138.22,0.257915,-0.25,1.41,1.45,443,3339
2026-02-12,AAPL,2026-04-13,P,121.63,138.22,0.263621,-0.1,1.43,1.48,453,4338
2026-02-13,AAPL,2026-03-10,C,155.01,138.4,0.22051,0.1,1.19,1.25,120,2256
2026-02-13,AAPL,2026-03-10,C,146.71,138.4,0.225609,0.25,1.22,1.27,31,1815
2026-02-13,AAPL,2026-03-10,C,138.4,138.4,0.242605,0.5,1.32,1.37,368,2604
2026-02-13,AAPL,2026-03-10,P,138.4,138.4,0.242605,-0.5,1.32,1.36,375,2131
2026-02-13,AAPL,2026-03-10,P,130.1,138.4,0.259601,-0.25,1.41,1.46,68,2495
2026-02-13,AAPL,2026-03-10,P,121.8,138.4,0.2664,-0.1,1.45,1.5,476,1821
2026-02-13,AAPL,2026-03-17,C,155.01,138.4,0.22331,0.1,1.21,1.26,483,3347
2026-02-13,AAPL,2026-03-17,C,146.71,138.4,0.228409,0.25,1.24,1.29,42,2756
2026-02-13,AAPL,2026-03-17,C,138.4,138.4,0.245405,0.5,1.33,1.39,426,395
2026-02-13,AAPL,2026-03-17,P,138.4,138.4,0.245405,-0.5,1.33,1.39,246,1582
2026-02-13,AAPL,2026-03-17,P,130.1,138.4,0.262401,-0.25,1.43,1.48,3,1121
2026-02-13,AAPL,2026-03-17,P,121.8,138.4,0.2692,-0.1,1.47,1.51,484,3952
2026-02-13,AAPL,2026-04-14,C,155.01,138.4,0.23451,0.1,1.28,1.32,144,1420
2026-02-13,AAPL,2026-04-14,C,146.71,138.4,0.239609,0.25,1.3,1.35,118,4874
2026-02-13,AAPL,2026-04-14,C,138.4,138.4,0.256605,0.5,1.39,1.45,115,4650
2026-02-13,AAPL,2026-04-14,P,138.4,138.4,0.256605,-0.5,1.39,1.45,258,4532
2026-02-13,AAPL,2026-04-14,P,130.1,138.4,0.273601,-0.25,1.49,1.54,31,861
2026-02-13,AAPL,2026-04-14,P,121.8,138.4,0.2804,-0.1,1.53,1.58,51,1469
2026-02-16,AAPL,2026-03-13,C,156.99,140.17,0.198157,0.1,1.09,1.13,362,718
2026-02-16,AAPL,2026-03-13,C,148.58,140.17,0.204173,0.25,1.12,1.17,257,625
2026-02-16,AAPL,2026-03-13,C,140.17,140.17,0.224226,0.5,1.24,1.28,116,554
2026-02-16,AAPL,2026-03-13,P,140.17,140.17,0.224226,-0.5,1.23,1.28,325,705
2026-02-16,AAPL,2026-03-13,P,131.76,140.17,0.24428,-0.25,1.35,1.39,172,1159
2026-02-16,AAPL,2026-03-13,P,123.35,140.17,0.252301,-0.1,1.39,1.44,409,1009
2026-02-16,AAPL,2026-03-20,C,156.99,140.17,0.200957,0.1,1.11,1.15,421,4530
2026-02-16,AAPL,2026-03-20,C,148.58,140.17,0.206973,0.25,1.13,1.19,265,932
2026-02-16,AAPL,2026-03-20,C,140.17,140.17,0.227026,0.5,1.25,1.3,382,950
2026-02-16,AAPL,2026-03-20,P,140.17,140.17,0.227026,-0.5,1.25,1.3,151,1257
2026-02-16,AAPL,2026-03-20,P,131.76,140.17,0.24708,-0.25,1.36,1.41,278,4139
2026-02-16,AAPL,2026-03-20,P,123.35,140.17,0.255101,-0.1,1.4,1.46,415,54
2026-02-16,AAPL,2026-04-17,C,156.99,140.17,0.212157,0.1,1.16,1.22,71,3641
2026-02-16,AAPL,2026-04-17,C,148.58,140.17,0.218173,0.25,1.2,1.25,332,368
2026-02-16,AAPL,2026-04-17,C,140.17,140.17,0.238226,0.5,1.31,1.36,460,4024
2026-02-16,AAPL,2026-04-17,P,140.17,140.17,0.238226,-0.5,1.31,1.37,447,2906
2026-02-16,AAPL,2026-04-17,P,131.76,140.17,0.25828,-0.25,1.42,1.47,398,2132
2026-02-16,AAPL,2026-04-17,P,123.35,140.17,0.266301,-0.1,1.47,1.52,105,4604
2026-02-17,AAPL,2026-03-14,C,153.54,137.09,0.223139,0.1,1.2,1.25,419,97
2026-02-17,AAPL,2026-03-14,C,145.31,137.09,0.229107,0.25,1.23,1.28,117,4324
2026-02-17,AAPL,2026-03-14,C,137.09,137.09,0.249,0.5,1.34,1.39,160,1993
2026-02-17,AAPL,2026-03-14,P,137.09,137.09,0.249,-0.5,1.34,1.39,180,2513
2026-02-17,AAPL,2026-03-14,P,128.86,137.09,0.268893,-0.25,1.45,1.5,284,1774
2026-02-17,AAPL,2026-03-14,P,120.64,137.09,0.27685,-0.1,1.49,1.54,292,595
2026-02-17,AAPL,2026-03-21,C,153.54,137.09,0.225939,0.1,1.21,1.27,155,2964
2026-02-17,AAPL,2026-03-21,C,145.31,137.09,0.231907,0.25,1.25,1.3,77,3057
2026-02-17,AAPL,2026-03-21,C,137.09,137.09,0.2518,0.5,1.36,1.4,127,880
2026-02-17,AAPL,2026-03-21,P,137.09,137.09,0.2518,-0.5,1.36,1.4,122,498
2026-02-17,AAPL,2026-03-21,P,128.86,137.09,0.271693,-0.25,1.46,1.52,109,609
2026-02-17,AAPL,2026-03-21,P,120.64,137.09,0.27965,-0.1,1.51,1.56,443,900
2026-02-17,AAPL,2026-04-18,C,153.54,137.09,0.237139,0.1,1.28,1.32,212,821
2026-02-17,AAPL,2026-04-18,C,145.31,137.09,0.243107,0.25,1.31,1.36,489,3230
2026-02-17,AAPL,2026-04-18,C,137.09,137.09,0.263,0.5,1.41,1.47,486,651
2026-02-17,AAPL,2026-04-18,P,137.09,137.09,0.263,-0.5,1.42,1.47,410,3871
2026-02-17,AAPL,2026-04-18,P,128.86,137.09,0.282893,-0.25,1.53,1.57,183,407
2026-02-17,AAPL,2026-04-18,P,120.64,137.09,0.29085,-0.1,1.57,1.62,469,466
2026-02-18,AAPL,2026-03-15,C,153.22,136.81,0.211478,0.1,1.13,1.18,233,2621
2026-02-18,AAPL,2026-03-15,C,145.01,136.81,0.217755,0.25,1.16,1.22,262,1863
2026-02-18,AAPL,2026-03-15,C,136.81,136.81,0.238679,0.5,1.28,1.33,417,392
2026-02-18,AAPL,2026-03-15,P,136.81,136.81,0.238679,-0.5,1.28,1.33,73,491
2026-02-18,AAPL,2026-03-15,P,128.6,136.81,0.259604,-0.25,1.4,1.44,52,1473
2026-02-18,AAPL,2026-03-15,P,120.39,136.81,0.267973,-0.1,1.44,1.49,105,3373
2026-02-18,AAPL,2026-03-22,C,153.22,136.81,0.214278,0.1,1.15,1.2,124,318
2026-02-18,AAPL,2026-03-22,C,145.01,136.81,0.220555,0.25,1.18,1.24,278,281
2026-02-18,AAPL,2026-03-22,C,136.81,136.81,0.241479,0.5,1.29,1.35,272,3703
2026-02-18,AAPL,2026-03-22,P,136.81,136.81,0.241479,-0.5,1.3,1.35,456,2199
2026-02-18,AAPL,2026-03-22,P,128.6,136.81,0.262404,-0.25,1.41,1.46,365,3701
2026-02-18,AAPL,2026-03-22,P,120.39,136.81,0.270773,-0.1,1.46,1.5,58,3965
2026-02-18,AAPL,2026-04-19,C,153.22,136.81,0.225478,0.1,1.21,1.25,290,2507
2026-02-18,AAPL,2026-04-19,C,145.01,136.81,0.231755,0.25,1.24,1.29,457,4110
2026-02-18,AAPL,2026-04-19,C,136.81,136.81,0.252679,0.5,1.36,1.41,467,1191
2026-02-18,AAPL,2026-04-19,P,136.81,136.81,0.252679,-0.5,1.36,1.41,261,1258
2026-02-18,AAPL,2026-04-19,P,128.6,136.81,0.273604,-0.25,1.47,1.52,287,2317
2026-02-18,AAPL,2026-04-19,P,120.39,136.81,0.281973,-0.1,1.52,1.57,164,1208
2026-02-19,AAPL,2026-03-16,C,153.46,137.02,0.186318,0.1,1.0,1.05,400,262
2026-02-19,AAPL,2026-03-16,C,145.24,137.02,0.192951,0.25,1.04,1.08,435,1774
2026-02-19,AAPL,2026-03-16,C,137.02,137.02,0.215062,0.5,1.15,1.2,28,1354
2026-02-19,AAPL,2026-03-16,P,137.02,137.02,0.215062,-0.5,1.15,1.2,354,4393
2026-02-19,AAPL,2026-03-16,P,128.8,137.02,0.237172,-0.25,1.27,1.33,30,1441
2026-02-19,AAPL,2026-03-16,P,120.58,137.02,0.246016,-0.1,1.33,1.37,180,691
2026-02-19,AAPL,2026-03-23,C,153.46,137.02,0.189118,0.1,1.01,1.06,322,3421
2026-02-19,AAPL,2026-03-23,C,145.24,137.02,0.195751,0.25,1.05,1.09,199,935
2026-02-19,AAPL,2026-03-23,C,137.02,137.02,0.217862,0.5,1.17,1.22,391,1605
2026-02-19,AAPL,2026-03-23,P,137.02,137.02,0.217862,-0.5,1.16,1.22,25,1026
2026-02-19,AAPL,2026-03-23,P,128.8,137.02,0.239972,-0.25,1.29,1.34,449,1771
2026-02-19,AAPL,2026-03-23,P,120.58,137.02,0.248816,-0.1,1.34,1.39,261,641
2026-02-19,AAPL,2026-04-20,C,153.46,137.02,0.200318,0.1,1.07,1.12,431,1538
2026-02-19,AAPL,2026-04-20,C,145.24,137.02,0.206951,0.25,1.11,1.16,126,3025
2026-02-19,AAPL,2026-04-20,C,137.02,137.02,0.229062,0.5,1.23,1.28,339,394
2026-02-19,AAPL,2026-04-20,P,137.02,137.02,0.229062,-0.5,1.23,1.28,383,1430
2026-02-19,AAPL,2026-04-20,P,128.8,137.02,0.251172,-0.25,1.35,1.41,395,4658
2026-02-19,AAPL,2026-04-20,P,120.58,137.02,0.260016,-0.1,1.4,1.45,65,1150
2026-02-20,AAPL,2026-03-17,C,153.86,137.37,0.222796,0.1,1.2,1.25,425,826
2026-02-20,AAPL,2026-03-17,C,145.61,137.37,0.231422,0.25,1.25,1.3,492,2452
2026-02-20,AAPL,2026-03-17,C,137.37,137.37,0.260174,0.5,1.4,1.46,495,3649
2026-02-20,AAPL,2026-03-17,P,137.37,137.37,0.260174,-0.5,1.4,1.46,489,3676
2026-02-20,AAPL,2026-03-17,P,129.13,137.37,0.288926,-0.25,1.56,1.61,118,2505
2026-02-20,AAPL,2026-03-17,P,120.89,137.37,0.300427,-0.1,1.62,1.68,277,4796
2026-02-20,AAPL,2026-03-24,C,153.86,137.37,0.225596,0.1,1.21,1.27,85,3878
2026-02-20,AAPL,2026-03-24,C,145.61,137.37,0.234222,0.25,1.26,1.31,243,1306
2026-02-20,AAPL,2026-03-24,C,137.37,137.37,0.262974,0.5,1.42,1.47,287,63
2026-02-20,AAPL,2026-03-24,P,137.37,137.37,0.262974,-0.5,1.42,1.47,485,2024
2026-02-20,AAPL,2026-03-24,P,129.13,137.37,0.291726,-0.25,1.58,1.63,475,2808
2026-02-20,AAPL,2026-03-24,P,120.89,137.37,0.303227,-0.1,1.64,1.69,439,532
2026-02-20,AAPL,2026-04-21,C,153.86,137.37,0.236796,0.1,1.28,1.32,69,1750
2026-02-20,AAPL,2026-04-21,C,145.61,137.37,0.245422,0.25,1.33,1.37,94,3465
2026-02-20,AAPL,2026-04-21,C,137.37,137.37,0.274174,0.5,1.48,1.53,322,1763
2026-02-20,AAPL,2026-04-21,P,137.37,137.37,0.274174,-0.5,1.48,1.53,445,2564
2026-02-20,AAPL,2026-04-21,P,129.13,137.37,0.302926,-0.25,1.64,1.69,328,755
2026-02-20,AAPL,2026-04-21,P,120.89,137.37,0.314427,-0.1,1.7,1.75,49,3463
2026-02-23,AAPL,2026-03-20,C,153.36,136.93,0.19466,0.1,1.04,1.09,453,4809
2026-02-23,AAPL,2026-03-20,C,145.14,136.93,0.202872,0.25,1.09,1.14,463,4782
2026-02-23,AAPL,2026-03-20,C,136.93,136.93,0.230244,0.5,1.24,1.29,483,2081
2026-02-23,AAPL,2026-03-20,P,136.93,136.93,0.230244,-0.5,1.24,1.28,284,186
2026-02-23,AAPL,2026-03-20,P,128.71,136.93,0.257616,-0.25,1.39,1.43,265,2395
2026-02-23,AAPL,2026-03-20,P,120.49,136.93,0.268565,-0.1,1.45,1.5,497,1095
2026-02-23,AAPL,2026-03-27,C,153.36,136.93,0.19746,0.1,1.06,1.11,137,914
2026-02-23,AAPL,2026-03-27,C,145.14,136.93,0.205672,0.25,1.1,1.15,127,986
2026-02-23,AAPL,2026-03-27,C,136.93,136.93,0.233044,0.5,1.25,1.3,413,2587
2026-02-23,AAPL,2026-03-27,P,136.93,136.93,0.233044,-0.5,1.25,1.3,76,295
2026-02-23,AAPL,2026-03-27,P,128.71,136.93,0.260416,-0.25,1.4,1.45,156,4835
2026-02-23,AAPL,2026-03-27,P,120.49,136.93,0.271365,-0.1,1.47,1.51,294,2097
2026-02-23,AAPL,2026-04-24,C,153.36,136.93,0.20866,0.1,1.12,1.16,210,741
2026-02-23,AAPL,2026-04-24,C,145.14,136.93,0.216872,0.25,1.16,1.21,367,795
2026-02-23,AAPL,2026-04-24,C,136.93,136.93,0.244244,0.5,1.31,1.36,240,4614
2026-02-23,AAPL,2026-04-24,P,136.93,136.93,0.244244,-0.5,1.32,1.36,393,544
2026-02-23,AAPL,2026-04-24,P,128.71,136.93,0.271616,-0.25,1.46,1.52,488,2306
2026-02-23,AAPL,2026-04-24,P,120.49,136.93,0.282565,-0.1,1.52,1.58,66,1537
2026-02-24,AAPL,2026-03-21,C,151.0,134.82,0.203822,0.1,1.07,1.13,245,866
2026-02-24,AAPL,2026-03-21,C,142.91,134.82,0.211771,0.25,1.11,1.17,231,3161
2026-02-24,AAPL,2026-03-21,C,134.82,134.82,0.238268,0.5,1.26,1.31,110,861
2026-02-24,AAPL,2026-03-21,P,134.82,134.82,0.238268,-0.5,1.26,1.31,408,652
2026-02-24,AAPL,2026-03-21,P,126.73,134.82,0.264765,-0.25,1.4,1.46,421,322
2026-02-24,AAPL,2026-03-21,P,118.64,134.82,0.275364,-0.1,1.46,1.51,61,4491
2026-02-24,AAPL,2026-03-28,C,151.0,134.82,0.206622,0.1,1.09,1.14,68,2989
2026-02-24,AAPL,2026-03-28,C,142.91,134.82,0.214571,0.25,1.13,1.18,163,3247
2026-02-24,AAPL,2026-03-28,C,134.82,134.82,0.241068,0.5,1.28,1.32,232,2299
2026-02-24,AAPL,2026-03-28,P,134.82,134.82,0.241068,-0.5,1.27,1.33,163,1674
2026-02-24,AAPL,2026-03-28,P,126.73,134.82,0.267565,-0.25,1.42,1.47,165,709
2026-02-24,AAPL,2026-03-28,P,118.64,134.82,0.278164,-0.1,1.47,1.53,339,849
2026-02-24,AAPL,2026-04-25,C,151.0,134.82,0.217822,0.1,1.15,1.2,382,1691
2026-02-24,AAPL,2026-04-25,C,142.91,134.82,0.225771,0.25,1.19,1.24,380,3515
2026-02-24,AAPL,2026-04-25,C,134.82,134.82,0.252268,0.5,1.34,1.38,409,4356
2026-02-24,AAPL,2026-04-25,P,134.82,134.82,0.252268,-0.5,1.33,1.39,454,4194
2026-02-24,AAPL,2026-04-25,P,126.73,134.82,0.278765,-0.25,1.48,1.53,223,751
2026-02-24,AAPL,2026-04-25,P,118.64,134.82,0.289364,-0.1,1.53,1.59,478,3935
2026-02-25,AAPL,2026-03-22,C,151.44,135.21,0.19813,0.1,1.05,1.09,150,871
2026-02-25,AAPL,2026-03-22,C,143.32,135.21,0.206058,0.25,1.09,1.14,466,2086
2026-02-25,AAPL,2026-03-22,C,135.21,135.21,0.232484,0.5,1.23,1.28,284,1868
2026-02-25,AAPL,2026-03-22,P,135.21,135.21,0.232484,-0.5,1.23,1.28,38,947
2026-02-25,AAPL,2026-03-22,P,127.1,135.21,0.258911,-0.25,1.38,1.42,100,387
2026-02-25,AAPL,2026-03-22,P,118.99,135.21,0.269481,-0.1,1.43,1.49,92,2781
2026-02-25,AAPL,2026-03-29,C,151.44,135.21,0.20093,0.1,1.06,1.12,120,3749
2026-02-25,AAPL,2026-03-29,C,143.32,135.21,0.208858,0.25,1.1,1.16,314,2550
2026-02-25,AAPL,2026-03-29,C,135.21,135.21,0.235284,0.5,1.24,1.3,190,4710
2026-02-25,AAPL,2026-03-29,P,135.21,135.21,0.235284,-0.5,1.25,1.3,464,536
2026-02-25,AAPL,2026-03-29,P,127.1,135.21,0.261711,-0.25,1.39,1.44,463,610
2026-02-25,AAPL,2026-03-29,P,118.99,135.21,0.272281,-0.1,1.45,1.49,179,3467
2026-02-25,AAPL,2026-04-26,C,151.44,135.21,0.21213,0.1,1.12,1.18,465,802
2026-02-25,AAPL,2026-04-26,C,143.32,135.21,0.220058,0.25,1.17,1.21,355,4433
2026-02-25,AAPL,2026-04-26,C,135.21,135.21,0.246484,0.5,1.31,1.35,87,185
2026-02-25,AAPL,2026-04-26,P,135.21,135.21,0.246484,-0.5,1.31,1.36,75,4240
2026-02-25,AAPL,2026-04-26,P,127.1,135.21,0.272911,-0.25,1.45,1.5,334,2704
2026-02-25,AAPL,2026-04-26,P,118.99,135.21,0.283481,-0.1,1.51,1.56,215,1199
2026-02-26,AAPL,2026-03-23,C,153.76,137.28,0.201917,0.1,1.08,1.14,166,1613
2026-02-26,AAPL,2026-03-23,C,145.52,137.28,0.21043,0.25,1.13,1.18,293,1346
2026-02-26,AAPL,2026-03-23,C,137.28,137.28,0.238808,0.5,1.29,1.33,206,1412
2026-02-26,AAPL,2026-03-23,P,137.28,137.28,0.238808,-0.5,1.29,1.33,209,3944
2026-02-26,AAPL,2026-03-23,P,129.05,137.28,0.267185,-0.25,1.44,1.49,214,3453
2026-02-26,AAPL,2026-03-23,P,120.81,137.28,0.278536,-0.1,1.5,1.55,171,4188
2026-02-26,AAPL,2026-03-30,C,153.76,137.28,0.204717,0.1,1.09,1.15,390,1842
2026-02-26,AAPL,2026-03-30,C,145.52,137.28,0.21323,0.25,1.15,1.19,311,3750
2026-02-26,AAPL,2026-03-30,C,137.28,137.28,0.241608,0.5,1.31,1.35,412,1122
2026-02-26,AAPL,2026-03-30,P,137.28,137.28,0.241608,-0.5,1.31,1.35,32,4491
2026-02-26,AAPL,2026-03-30,P,129.05,137.28,0.269985,-0.25,1.46,1.5,51,2468
2026-02-26,AAPL,2026-03-30,P,120.81,137.28,0.281336,-0.1,1.52,1.57,436,3267
2026-02-26,AAPL,2026-04-27,C,153.76,137.28,0.215917,0.1,1.16,1.21,341,4369
2026-02-26,AAPL,2026-04-27,C,145.52,137.28,0.22443,0.25,1.21,1.26,439,2167
2026-02-26,AAPL,2026-04-27,C,137.28,137.28,0.252808,0.5,1.36,1.41,97,4081
2026-02-26,AAPL,2026-04-27,P,137.28,137.28,0.252808,-0.5,1.36,1.42,158,2001
2026-02-26,AAPL,2026-04-27,P,129.05,137.28,0.281185,-0.25,1.52,1.57,404,204
2026-02-26,AAPL,2026-04-27,P,120.81,137.28,0.292536,-0.1,1.59,1.63,128,279
2026-02-27,AAPL,2026-03-24,C,151.7,135.44,0.206391,0.1,1.1,1.14,486,4287
2026-02-27,AAPL,2026-03-24,C,143.57,135.44,0.214724,0.25,1.14,1.19,387,4229
2026-02-27,AAPL,2026-03-24,C,135.44,135.44,0.242498,0.5,1.29,1.34,235,3124
2026-02-27,AAPL,2026-03-24,P,135.44,135.44,0.242498,-0.5,1.29,1.34,465,3497
2026-02-27,AAPL,2026-03-24,P,127.32,135.44,0.270273,-0.25,1.44,1.49,385,2601
2026-02-27,AAPL,2026-03-24,P,119.19,135.44,0.281383,-0.1,1.49,1.55,495,4354
2026-02-27,AAPL,2026-03-31,C,151.7,135.44,0.209191,0.1,1.11,1.16,6,3685
2026-02-27,AAPL,2026-03-31,C,143.57,135.44,0.217524,0.25,1.16,1.2,342,143
2026-02-27,AAPL,2026-03-31,C,135.44,135.44,0.245298,0.5,1.31,1.35,487,859
2026-02-27,AAPL,2026-03-31,P,135.44,135.44,0.245298,-0.5,1.3,1.36,423,1822
2026-02-27,AAPL,2026-03-31,P,127.32,135.44,0.273073,-0.25,1.46,1.5,236,4940
2026-02-27,AAPL,2026-03-31,P,119.19,135.44,0.284183,-0.1,1.51,1.56,222,1975
2026-02-27,AAPL,2026-04-28,C,151.7,135.44,0.220391,0.1,1.17,1.22,357,2604
2026-02-27,AAPL,2026-04-28,C,143.57,135.44,0.228724,0.25,1.21,1.26,398,3068
2026-02-27,AAPL,2026-04-28,C,135.44,135.44,0.256498,0.5,1.36,1.42,114,1515
2026-02-27,AAPL,2026-04-28,P,135.44,135.44,0.256498,-0.5,1.36,1.41,246,28
2026-02-27,AAPL,2026-04-28,P,127.32,135.44,0.284273,-0.25,1.51,1.57,300,1536
2026-02-27,AAPL,2026-04-28,P,119.19,135.44,0.295383,-0.1,1.58,1.62,153,4987
2026-03-02,AAPL,2026-03-27,C,152.86,136.48,0.210296,0.1,1.13,1.17,482,1334
2026-03-02,AAPL,2026-03-27,C,144.67,136.48,0.219052,0.25,1.17,1.22,248,4930
2026-03-02,AAPL,2026-03-27,C,136.48,136.48,0.248242,0.5,1.33,1.38,208,1158
2026-03-02,AAPL,2026-03-27,P,136.48,136.48,0.248242,-0.5,1.33,1.38,48,2029
2026-03-02,AAPL,2026-03-27,P,128.29,136.48,0.277431,-0.25,1.49,1.54,488,4305
2026-03-02,AAPL,2026-03-27,P,120.1,136.48,0.289106,-0.1,1.56,1.6,259,4493
2026-03-02,AAPL,2026-04-03,C,152.86,136.48,0.213096,0.1,1.14,1.19,419,388
2026-03-02,AAPL,2026-04-03,C,144.67,136.48,0.221852,0.25,1.18,1.24,455,3856
2026-03-02,AAPL,2026-04-03,C,136.48,136.48,0.251042,0.5,1.34,1.4,262,2892
2026-03-02,AAPL,2026-04-03,P,136.48,136.48,0.251042,-0.5,1.35,1.39,105,306
2026-03-02,AAPL,2026-04-03,P,128.29,136.48,0.280231,-0.25,1.5,1.56,27,536
2026-03-02,AAPL,2026-04-03,P,120.1,136.48,0.291906,-0.1,1.57,1.62,260,2499
2026-03-02,AAPL,2026-05-01,C,152.86,136.48,0.224296,0.1,1.2,1.25,325,3951
2026-03-02,AAPL,2026-05-01,C,144.67,136.48,0.233052,0.25,1.24,1.3,457,4212
2026-03-02,AAPL,2026-05-01,C,136.48,136.48,0.262242,0.5,1.41,1.45,167,2145
2026-03-02,AAPL,2026-05-01,P,136.48,136.48,0.262242,-0.5,1.4,1.46,320,1822
2026-03-02,AAPL,2026-05-01,P,128.29,136.48,0.291431,-0.25,1.56,1.62,399,2950
2026-03-02,AAPL,2026-05-01,P,120.1,136.48,0.303106,-0.1,1.63,1.68,200,1389
2026-03-03,AAPL,2026-03-28,C,152.42,136.09,0.191156,0.1,1.02,1.06,18,4302
2026-03-03,AAPL,2026-03-28,C,144.25,136.09,0.200613,0.25,1.07,1.12,452,566
2026-03-03,AAPL,2026-03-28,C,136.09,136.09,0.232136,0.5,1.24,1.29,320,2161
2026-03-03,AAPL,2026-03-28,P,136.09,136.09,0.232136,-0.5,1.24,1.29,151,4805
2026-03-03,AAPL,2026-03-28,P,127.92,136.09,0.263659,-0.25,1.41,1.46,465,2969
2026-03-03,AAPL,2026-03-28,P,119.76,136.09,0.276268,-0.1,1.48,1.53,413,2723
2026-03-03,AAPL,2026-04-04,C,152.42,136.09,0.193956,0.1,1.03,1.08,216,955
2026-03-03,AAPL,2026-04-04,C,144.25,136.09,0.203413,0.25,1.09,1.13,346,2165
2026-03-03,AAPL,2026-04-04,C,136.09,136.09,0.234936,0.5,1.25,1.3,357,3669
2026-03-03,AAPL,2026-04-04,P,136.09,136.09,0.234936,-0.5,1.25,1.3,375,2969
2026-03-03,AAPL,2026-04-04,P,127.92,136.09,0.266459,-0.25,1.42,1.48,100,4966
2026-03-03,AAPL,2026-04-04,P,119.76,136.09,0.279068,-0.1,1.5,1.54,98,4510
2026-03-03,AAPL,2026-05-02,C,152.42,136.09,0.205156,0.1,1.09,1.14,416,349
2026-03-03,AAPL,2026-05-02,C,144.25,136.09,0.214613,0.25,1.14,1.19,453,1103
2026-03-03,AAPL,2026-05-02,C,136.09,136.09,0.246136,0.5,1.31,1.37,276,2780
2026-03-03,AAPL,2026-05-02,P,136.09,136.09,0.246136,-0.5,1.31,1.36,482,3820
2026-03-03,AAPL,2026-05-02,P,127.92,136.09,0.277659,-0.25,1.49,1.53,435,1919
2026-03-03,AAPL,2026-05-02,P,119.76,136.09,0.290268,-0.1,1.55,1.61,83,4861
2026-03-04,AAPL,2026-03-29,C,152.33,136.01,0.185784,0.1,0.99,1.03,492,572
2026-03-04,AAPL,2026-03-29,C,144.17,136.01,0.196718,0.25,1.05,1.09,393,2119
2026-03-04,AAPL,2026-03-29,C,136.01,136.01,0.233165,0.5,1.25,1.29,160,4506
2026-03-04,AAPL,2026-03-29,P,136.01,136.01,0.233165,-0.5,1.24,1.3,315,2089
2026-03-04,AAPL,2026-03-29,P,127.85,136.01,0.269613,-0.25,1.44,1.49,471,1909
2026-03-04,AAPL,2026-03-29,P,119.69,136.01,0.284192,-0.1,1.52,1.57,374,3571
2026-03-04,AAPL,2026-04-05,C,152.33,136.01,0.188584,0.1,1.01,1.05,81,4245
2026-03-04,AAPL,2026-04-05,C,144.17,136.01,0.199518,0.25,1.06,1.11,452,1319
2026-03-04,AAPL,2026-04-05,C,136.01,136.01,0.235965,0.5,1.25,1.31,318,959
2026-03-04,AAPL,2026-04-05,P,136.01,136.01,0.235965,-0.5,1.26,1.3,167,3195
2026-03-04,AAPL,2026-04-05,P,127.85,136.01,0.272413,-0.25,1.46,1.51,398,468
2026-03-04,AAPL,2026-04-05,P,119.69,136.01,0.286992,-0.1,1.54,1.58,329,405
2026-03-04,AAPL,2026-05-03,C,152.33,136.01,0.199784,0.1,1.06,1.11,108,1162
2026-03-04,AAPL,2026-05-03,C,144.17,136.01,0.210718,0.25,1.12,1.17,41,4288
2026-03-04,AAPL,2026-05-03,C,136.01,136.01,0.247165,0.5,1.32,1.37,453,1691
2026-03-04,AAPL,2026-05-03,P,136.01,136.01,0.247165,-0.5,1.32,1.37,443,1440
2026-03-04,AAPL,2026-05-03,P,127.85,136.01,0.283613,-0.25,1.52,1.57,447,3936
2026-03-04,AAPL,2026-05-03,P,119.69,136.01,0.298192,-0.1,1.6,1.65,327,2482
2026-03-05,AAPL,2026-03-30,C,150.92,134.75,0.201031,0.1,1.06,1.11,97,1513
2026-03-05,AAPL,2026-03-30,C,142.83,134.75,0.211829,0.25,1.12,1.16,471,4892
2026-03-05,AAPL,2026-03-30,C,134.75,134.75,0.247822,0.5,1.31,1.36,186,3358
2026-03-05,AAPL,2026-03-30,P,134.75,134.75,0.247822,-0.5,1.31,1.36,16,2575
2026-03-05,AAPL,2026-03-30,P,126.66,134.75,0.283814,-0.25,1.51,1.55,387,715
2026-03-05,AAPL,2026-03-30,P,118.58,134.75,0.298212,-0.1,1.58,1.63,368,2559
2026-03-05,AAPL,2026-04-06,C,150.92,134.75,0.203831,0.1,1.07,1.13,191,3552
2026-03-05,AAPL,2026-04-06,C,142.83,134.75,0.214629,0.25,1.13,1.19,142,4854
2026-03-05,AAPL,2026-04-06,C,134.75,134.75,0.250622,0.5,1.32,1.38,251,391
2026-03-05,AAPL,2026-04-06,P,134.75,134.75,0.250622,-0.5,1.33,1.37,97,3047
2026-03-05,AAPL,2026-04-06,P,126.66,134.75,0.286614,-0.25,1.52,1.57,103,915
2026-03-05,AAPL,2026-04-06,P,118.58,134.75,0.301012,-0.1,1.6,1.65,200,1754
2026-03-05,AAPL,2026-05-04,C,150.92,134.75,0.215031,0.1,1.14,1.18,202,4171
2026-03-05,AAPL,2026-05-04,C,142.83,134.75,0.225829,0.25,1.19,1.24,375,2641
2026-03-05,AAPL,2026-05-04,C,134.75,134.75,0.261822,0.5,1.39,1.44,108,2819
2026-03-05,AAPL,2026-05-04,P,134.75,134.75,0.261822,-0.5,1.39,1.43,101,3001
2026-03-05,AAPL,2026-05-04,P,126.66,134.75,0.297814,-0.25,1.58,1.63,253,3278
2026-03-05,AAPL,2026-05-04,P,118.58,134.75,0.312212,-0.1,1.66,1.7,198,4970
2026-03-06,AAPL,2026-03-31,C,150.47,134.35,0.183156,0.1,0.96,1.01,26,1513
2026-03-06,AAPL,2026-03-31,C,142.41,134.35,0.193707,0.25,1.02,1.06,85,3608
2026-03-06,AAPL,2026-03-31,C,134.35,134.35,0.228876,0.5,1.2,1.26,404,3513
2026-03-06,AAPL,2026-03-31,P,134.35,134.35,0.228876,-0.5,1.2,1.26,162,2286
2026-03-06,AAPL,2026-03-31,P,126.29,134.35,0.264045,-0.25,1.39,1.45,238,2213
2026-03-06,AAPL,2026-03-31,P,118.23,134.35,0.278113,-0.1,1.47,1.52,62,2379
2026-03-06,AAPL,2026-04-07,C,150.47,134.35,0.185956,0.1,0.97,1.03,238,36
2026-03-06,AAPL,2026-04-07,C,142.41,134.35,0.196507,0.25,1.03,1.08,190,1489
2026-03-06,AAPL,2026-04-07,C,134.35,134.35,0.231676,0.5,1.22,1.27,127,2540
2026-03-06,AAPL,2026-04-07,P,134.35,134.35,0.231676,-0.5,1.22,1.27,468,2027
2026-03-06,AAPL,2026-04-07,P,126.29,134.35,0.266845,-0.25,1.41,1.46,8,4340
2026-03-06,AAPL,2026-04-07,P,118.23,134.35,0.280913,-0.1,1.48,1.54,62,4222
2026-03-06,AAPL,2026-05-05,C,150.47,134.35,0.197156,0.1,1.03,1.09,481,1003
2026-03-06,AAPL,2026-05-05,C,142.41,134.35,0.207707,0.25,1.09,1.14,153,2984
2026-03-06,AAPL,2026-05-05,C,134.35,134.35,0.242876,0.5,1.28,1.33,337,1021
2026-03-06,AAPL,2026-05-05,P,134.35,134.35,0.242876,-0.5,1.28,1.33,91,1007
2026-03-06,AAPL,2026-05-05,P,126.29,134.35,0.278045,-0.25,1.47,1.52,95,1540
2026-03-06,AAPL,2026-05-05,P,118.23,134.35,0.292113,-0.1,1.54,1.6,494,3663
2026-03-09,AAPL,2026-04-03,C,152.22,135.91,0.185678,0.1,0.98,1.04,151,4066
2026-03-09,AAPL,2026-04-03,C,144.06,135.91,0.195973,0.25,1.04,1.09,317,3909
2026-03-09,AAPL,2026-04-03,C,135.91,135.91,0.230292,0.5,1.23,1.27,481,2521
2026-03-09,AAPL,2026-04-03,P,135.91,135.91,0.230292,-0.5,1.23,1.27,364,2139
2026-03-09,AAPL,2026-04-03,P,127.75,135.91,0.26461,-0.25,1.41,1.46,300,408
2026-03-09,AAPL,2026-04-03,P,119.6,135.91,0.278338,-0.1,1.49,1.54,390,3261
2026-03-09,AAPL,2026-04-10,C,152.22,135.91,0.188478,0.1,1.0,1.05,451,281
2026-03-09,AAPL,2026-04-10,C,144.06,135.91,0.198773,0.25,1.06,1.1,311,1763
2026-03-09,AAPL,2026-04-10,C,135.91,135.91,0.233092,0.5,1.24,1.3,426,4350
2026-03-09,AAPL,2026-04-10,P,135.91,135.91,0.233092,-0.5,1.24,1.29,233,3597
2026-03-09,AAPL,2026-04-10,P,127.75,135.91,0.26741,-0.25,1.43,1.48,265,4917
2026-03-09,AAPL,2026-04-10,P,119.6,135.91,0.281138,-0.1,1.51,1.55,16,2743
2026-03-09,AAPL,2026-05-08,C,152.22,135.91,0.199678,0.1,1.06,1.11,121,1545
2026-03-09,AAPL,2026-05-08,C,144.06,135.91,0.209973,0.25,1.12,1.16,376,270
2026-03-09,AAPL,2026-05-08,C,135.91,135.91,0.244292,0.5,1.3,1.35,499,3465
2026-03-09,AAPL,2026-05-08,P,135.91,135.91,0.244292,-0.5,1.3,1.36,59,913
2026-03-09,AAPL,2026-05-08,P,127.75,135.91,0.27861,-0.25,1.49,1.54,410,1892
2026-03-09,AAPL,2026-05-08,P,119.6,135.91,0.292338,-0.1,1.56,1.62,283,599
2026-03-10,AAPL,2026-04-04,C,153.0,136.61,0.182595,0.1,0.97,1.03,440,1812
2026-03-10,AAPL,2026-04-04,C,144.8,136.61,0.191518,0.25,1.02,1.07,35,2900
2026-03-10,AAPL,2026-04-04,C,136.61,136.61,0.221259,0.5,1.18,1.23,412,4965
2026-03-10,AAPL,2026-04-04,P,136.61,136.61,0.221259,-0.5,1.19,1.23,417,2071
2026-03-10,AAPL,2026-04-04,P,128.41,136.61,0.251001,-0.25,1.34,1.4,495,1452
2026-03-10,AAPL,2026-04-04,P,120.21,136.61,0.262898,-0.1,1.42,1.46,299,1556
2026-03-10,AAPL,2026-04-11,C,153.0,136.61,0.185395,0.1,0.99,1.04,3,4300
2026-03-10,AAPL,2026-04-11,C,144.8,136.61,0.194318,0.25,1.04,1.08,362,3112
2026-03-10,AAPL,2026-04-11,C,136.61,136.61,0.224059,0.5,1.2,1.25,209,3347
2026-03-10,AAPL,2026-04-11,P,136.61,136.61,0.224059,-0.5,1.2,1.25,185,4797
2026-03-10,AAPL,2026-04-11,P,128.41,136.61,0.253801,-0.25,1.36,1.41,139,1505
2026-03-10,AAPL,2026-04-11,P,120.21,136.61,0.265698,-0.1,1.43,1.48,364,2152
2026-03-10,AAPL,2026-05-09,C,153.0,136.61,0.196595,0.1,1.05,1.1,234,355
2026-03-10,AAPL,2026-05-09,C,144.8,136.61,0.205518,0.25,1.1,1.14,83,4677
2026-03-10,AAPL,2026-05-09,C,136.61,136.61,0.235259,0.5,1.26,1.31,221,2954
2026-03-10,AAPL,2026-05-09,P,136.61,136.61,0.235259,-0.5,1.26,1.31,334,69
2026-03-10,AAPL,2026-05-09,P,128.41,136.61,0.265001,-0.25,1.43,1.47,367,1891
2026-03-10,AAPL,2026-05-09,P,120.21,136.61,0.276898,-0.1,1.49,1.54,222,1714
2026-03-11,AAPL,2026-04-05,C,155.33,138.69,0.201487,0.1,1.1,1.14,284,137
2026-03-11,AAPL,2026-04-05,C,147.01,138.69,0.209574,0.25,1.14,1.18,349,1734
2026-03-11,AAPL,2026-04-05,C,138.69,138.69,0.236533,0.5,1.29,1.34,14,4743
2026-03-11,AAPL,2026-04-05,P,138.69,138.69,0.236533,-0.5,1.29,1.33,17,2655
2026-03-11,AAPL,2026-04-05,P,130.36,138.69,0.263492,-0.25,1.44,1.49,6,3499
2026-03-11,AAPL,2026-04-05,P,122.04,138.69,0.274275,-0.1,1.5,1.55,175,50
2026-03-11,AAPL,2026-04-12,C,155.33,138.69,0.204287,0.1,1.11,1.16,317,1618
2026-03-11,AAPL,2026-04-12,C,147.01,138.69,0.212374,0.25,1.15,1.21,76,949
2026-03-11,AAPL,2026-04-12,C,138.69,138.69,0.239333,0.5,1.3,1.35,497,3131
2026-03-11,AAPL,2026-04-12,P,138.69,138.69,0.239333,-0.5,1.3,1.35,424,887
2026-03-11,AAPL,2026-04-12,P,130.36,138.69,0.266292,-0.25,1.45,1.5,487,3687
2026-03-11,AAPL,2026-04-12,P,122.04,138.69,0.277075,-0.1,1.51,1.56,56,1708
2026-03-11,AAPL,2026-05-10,C,155.33,138.69,0.215487,0.1,1.17,1.22,241,1456
2026-03-11,AAPL,2026-05-10,C,147.01,138.69,0.223574,0.25,1.21,1.27,442,2052
2026-03-11,AAPL,2026-05-10,C,138.69,138.69,0.250533,0.5,1.36,1.42,460,3703
2026-03-11,AAPL,2026-05-10,P,138.69,138.69,0.250533,-0.5,1.36,1.42,159,3370
2026-03-11,AAPL,2026-05-10,P,130.36,138.69,0.277492,-0.25,1.51,1.57,52,2596
2026-03-11,AAPL,2026-05-10,P,122.04,138.69,0.288275,-0.1,1.58,1.62,393,4215
2026-03-12,AAPL,2026-04-06,C,156.91,140.1,0.224531,0.1,1.23,1.28,442,4666
2026-03-12,AAPL,2026-04-06,C,148.5,140.1,0.23279,0.25,1.27,1.33,3,2436
2026-03-12,AAPL,2026-04-06,C,140.1,140.1,0.260317,0.5,1.43,1.49,134,3222
2026-03-12,AAPL,2026-04-06,P,140.1,140.1,0.260317,-0.5,1.44,1.48,455,244
2026-03-12,AAPL,2026-04-06,P,131.69,140.1,0.287844,-0.25,1.59,1.64,33,3938
2026-03-12,AAPL,2026-04-06,P,123.29,140.1,0.298855,-0.1,1.65,1.7,121,3924
2026-03-12,AAPL,2026-04-13,C,156.91,140.1,0.227331,0.1,1.25,1.3,37,3480
2026-03-12,AAPL,2026-04-13,C,148.5,140.1,0.23559,0.25,1.3,1.34,440,2355
2026-03-12,AAPL,2026-04-13,C,140.1,140.1,0.263117,0.5,1.45,1.5,466,1240
2026-03-12,AAPL,2026-04-13,P,140.1,140.1,0.263117,-0.5,1.45,1.5,23,642
2026-03-12,AAPL,2026-04-13,P,131.69,140.1,0.290644,-0.25,1.61,1.65,439,2905
2026-03-12,AAPL,2026-04-13,P,123.29,140.1,0.301655,-0.1,1.67,1.71,240,1342
2026-03-12,AAPL,2026-05-11,C,156.91,140.1,0.238531,0.1,1.31,1.37,441,2630
2026-03-12,AAPL,2026-05-11,C,148.5,140.1,0.24679,0.25,1.35,1.41,44,3178
2026-03-12,AAPL,2026-05-11,C,140.1,140.1,0.274317,0.5,1.52,1.56,302,4568
2026-03-12,AAPL,2026-05-11,P,140.1,140.1,0.274317,-0.5,1.51,1.57,467,3180
2026-03-12,AAPL,2026-05-11,P,131.69,140.1,0.301844,-0.25,1.67,1.72,205,2270
2026-03-12,AAPL,2026-05-11,P,123.29,140.1,0.312855,-0.1,1.73,1.78,413,3848
2026-03-13,AAPL,2026-04-07,C,157.5,140.63,0.204544,0.1,1.13,1.17,185,300
2026-03-13,AAPL,2026-04-07,C,149.06,140.63,0.212969,0.25,1.18,1.22,163,1264
2026-03-13,AAPL,2026-04-07,C,140.63,140.63,0.241054,0.5,1.33,1.38,359,4463
2026-03-13,AAPL,2026-04-07,P,140.63,140.63,0.241054,-0.5,1.33,1.38,235,1604
2026-03-13,AAPL,2026-04-07,P,132.19,140.63,0.269139,-0.25,1.49,1.54,201,2733
2026-03-13,AAPL,2026-04-07,P,123.75,140.63,0.280372,-0.1,1.55,1.6,399,2665
2026-03-13,AAPL,2026-04-14,C,157.5,140.63,0.207344,0.1,1.14,1.2,490,4976
2026-03-13,AAPL,2026-04-14,C,149.06,140.63,0.215769,0.25,1.19,1.24,449,4028
2026-03-13,AAPL,2026-04-14,C,140.63,140.63,0.243854,0.5,1.35,1.4,363,2903
2026-03-13,AAPL,2026-04-14,P,140.63,140.63,0.243854,-0.5,1.35,1.4,371,3923
2026-03-13,AAPL,2026-04-14,P,132.19,140.63,0.271939,-0.25,1.51,1.55,432,1091
2026-03-13,AAPL,2026-04-14,P,123.75,140.63,0.283172,-0.1,1.57,1.61,112,3048
2026-03-13,AAPL,2026-05-12,C,157.5,140.63,0.218544,0.1,1.2,1.26,202,26
2026-03-13,AAPL,2026-05-12,C,149.06,140.63,0.226969,0.25,1.25,1.3,254,1890
2026-03-13,AAPL,2026-05-12,C,140.63,140.63,0.255054,0.5,1.41,1.46,91,204
2026-03-13,AAPL,2026-05-12,P,140.63,140.63,0.255054,-0.5,1.41,1.46,354,3104
2026-03-13,AAPL,2026-05-12,P,132.19,140.63,0.283139,-0.25,1.57,1.62,404,4157
2026-03-13,AAPL,2026-05-12,P,123.75,140.63,0.294372,-0.1,1.63,1.68,288,4747
2026-03-16,AAPL,2026-04-10,C,159.84,142.72,0.173577,0.1,0.97,1.01,379,4888
2026-03-16,AAPL,2026-04-10,C,151.28,142.72,0.183966,0.25,1.03,1.07,103,3981
2026-03-16,AAPL,2026-04-10,C,142.72,142.72,0.218595,0.5,1.23,1.27,129,2437
2026-03-16,AAPL,2026-04-10,P,142.72,142.72,0.218595,-0.5,1.23,1.27,170,2998
2026-03-16,AAPL,2026-04-10,P,134.16,142.72,0.253225,-0.25,1.42,1.47,490,174
2026-03-16,AAPL,2026-04-10,P,125.59,142.72,0.267077,-0.1,1.5,1.55,180,1719
2026-03-16,AAPL,2026-04-17,C,159.84,142.72,0.176377,0.1,0.98,1.03,447,1922
2026-03-16,AAPL,2026-04-17,C,151.28,142.72,0.186766,0.25,1.04,1.1,255,515
2026-03-16,AAPL,2026-04-17,C,142.72,142.72,0.221395,0.5,1.24,1.29,169,2290
2026-03-16,AAPL,2026-04-17,P,142.72,142.72,0.221395,-0.5,1.24,1.29,494,1399
2026-03-16,AAPL,2026-04-17,P,134.16,142.72,0.256025,-0.25,1.43,1.49,111,3093
2026-03-16,AAPL,2026-04-17,P,125.59,142.72,0.269877,-0.1,1.51,1.57,15,2031
2026-03-16,AAPL,2026-05-15,C,159.84,142.72,0.187577,0.1,1.04,1.1,163,4469
2026-03-16,AAPL,2026-05-15,C,151.28,142.72,0.197966,0.25,1.1,1.16,171,4600
2026-03-16,AAPL,2026-05-15,C,142.72,142.72,0.232595,0.5,1.31,1.35,176,4927
2026-03-16,AAPL,2026-05-15,P,142.72,142.72,0.232595,-0.5,1.3,1.36,276,3976
2026-03-16,AAPL,2026-05-15,P,134.16,142.72,0.267225,-0.25,1.5,1.55,418,4916
2026-03-16,AAPL,2026-05-15,P,125.59,142.72,0.281077,-0.1,1.58,1.63,326,3710
2026-03-17,AAPL,2026-04-11,C,160.43,143.25,0.173221,0.1,0.97,1.02,475,3759
2026-03-17,AAPL,2026-04-11,C,151.84,143.25,0.184524,0.25,1.04,1.08,496,1751
2026-03-17,AAPL,2026-04-11,C,143.25,143.25,0.222198,0.5,1.25,1.3,229,3742
2026-03-17,AAPL,2026-04-11,P,143.25,143.25,0.222198,-0.5,1.25,1.3,40,4168
2026-03-17,AAPL,2026-04-11,P,134.65,143.25,0.259873,-0.25,1.46,1.52,143,2984
2026-03-17,AAPL,2026-04-11,P,126.06,143.25,0.274943,-0.1,1.55,1.6,237,3180
2026-03-17,AAPL,2026-04-18,C,160.43,143.25,0.176021,0.1,0.98,1.04,192,3219
2026-03-17,AAPL,2026-04-18,C,151.84,143.25,0.187324,0.25,1.04,1.1,434,4995
2026-03-17,AAPL,2026-04-18,C,143.25,143.25,0.224998,0.5,1.27,1.31,379,3619
2026-03-17,AAPL,2026-04-18,P,143.25,143.25,0.224998,-0.5,1.26,1.31,322,2280
2026-03-17,AAPL,2026-04-18,P,134.65,143.25,0.262673,-0.25,1.48,1.53,206,1237
2026-03-17,AAPL,2026-04-18,P,126.06,143.25,0.277743,-0.1,1.57,1.61,188,3161
2026-03-17,AAPL,2026-05-16,C,160.43,143.25,0.187221,0.1,1.05,1.09,400,2162
2026-03-17,AAPL,2026-05-16,C,151.84,143.25,0.198524,0.25,1.11,1.16,253,2196
2026-03-17,AAPL,2026-05-16,C,143.25,143.25,0.236198,0.5,1.32,1.38,452,2221
2026-03-17,AAPL,2026-05-16,P,143.25,143.25,0.236198,-0.5,1.33,1.37,221,4961
2026-03-17,AAPL,2026-05-16,P,134.65,143.25,0.273873,-0.25,1.54,1.6,378,3303
2026-03-17,AAPL,2026-05-16,P,126.06,143.25,0.288943,-0.1,1.63,1.68,50,649
2026-03-18,AAPL,2026-04-12,C,161.55,144.24,0.188873,0.1,1.07,1.11,23,2449
2026-03-18,AAPL,2026-04-12,C,152.89,144.24,0.200719,0.25,1.14,1.18,12,3771
2026-03-18,AAPL,2026-04-12,C,144.24,144.24,0.240205,0.5,1.36,1.41,247,1273
2026-03-18,AAPL,2026-04-12,P,144.24,144.24,0.240205,-0.5,1.36,1.41,473,3605
2026-03-18,AAPL,2026-04-12,P,135.58,144.24,0.279691,-0.25,1.59,1.64,436,2596
2026-03-18,AAPL,2026-04-12,P,126.93,144.24,0.295486,-0.1,1.68,1.73,405,3875
2026-03-18,AAPL,2026-04-19,C,161.55,144.24,0.191673,0.1,1.08,1.13,324,4704
2026-03-18,AAPL,2026-04-19,C,152.89,144.24,0.203519,0.25,1.15,1.2,41,528
2026-03-18,AAPL,2026-04-19,C,144.24,144.24,0.243005,0.5,1.38,1.42,90,378
2026-03-18,AAPL,2026-04-19,P,144.24,144.24,0.243005,-0.5,1.38,1.43,395,1258
2026-03-18,AAPL,2026-04-19,P,135.58,144.24,0.282491,-0.25,1.6,1.66,335,2590
2026-03-18,AAPL,2026-04-19,P,126.93,144.24,0.298286,-0.1,1.7,1.74,298,2261
2026-03-18,AAPL,2026-05-17,C,161.55,144.24,0.202873,0.1,1.15,1.19,216,901
2026-03-18,AAPL,2026-05-17,C,152.89,144.24,0.214719,0.25,1.22,1.26,146,550
2026-03-18,AAPL,2026-05-17,C,144.24,144.24,0.254205,0.5,1.44,1.49,315,4690
2026-03-18,AAPL,2026-05-17,P,144.24,144.24,0.254205,-0.5,1.44,1.49,403,4606
2026-03-18,AAPL,2026-05-17,P,135.58,144.24,0.293691,-0.25,1.67,1.72,250,4286
2026-03-18,AAPL,2026-05-17,P,126.93,144.24,0.309486,-0.1,1.76,1.81,85,729
2026-03-19,AAPL,2026-04-13,C,161.15,143.88,0.189627,0.1,1.07,1.11,459,2030
2026-03-19,AAPL,2026-04-13,C,152.52,143.88,0.202518,0.25,1.14,1.19,189,3089
2026-03-19,AAPL,2026-04-13,C,143.88,143.88,0.245485,0.5,1.39,1.44,307,1774
2026-03-19,AAPL,2026-04-13,P,143.88,143.88,0.245485,-0.5,1.39,1.43,138,4954
2026-03-19,AAPL,2026-04-13,P,135.25,143.88,0.288452,-0.25,1.64,1.68,207,1283
2026-03-19,AAPL,2026-04-13,P,126.62,143.88,0.305639,-0.1,1.74,1.78,200,4540
2026-03-19,AAPL,2026-04-20,C,161.15,143.88,0.192427,0.1,1.08,1.14,40,2292
2026-03-19,AAPL,2026-04-20,C,152.52,143.88,0.205318,0.25,1.15,1.21,125,273
2026-03-19,AAPL,2026-04-20,C,143.88,143.88,0.248285,0.5,1.4,1.46,282,311
2026-03-19,AAPL,2026-04-20,P,143.88,143.88,0.248285,-0.5,1.41,1.45,226,279
2026-03-19,AAPL,2026-04-20,P,135.25,143.88,0.291252,-0.25,1.65,1.71,23,4572
2026-03-19,AAPL,2026-04-20,P,126.62,143.88,0.308439,-0.1,1.75,1.8,466,1097
2026-03-19,AAPL,2026-05-18,C,161.15,143.88,0.203627,0.1,1.15,1.19,175,2253
2026-03-19,AAPL,2026-05-18,C,152.52,143.88,0.216518,0.25,1.22,1.27,396,116
2026-03-19,AAPL,2026-05-18,C,143.88,143.88,0.259485,0.5,1.47,1.52,267,3071
2026-03-19,AAPL,2026-05-18,P,143.88,143.88,0.259485,-0.5,1.46,1.52,109,2389
2026-03-19,AAPL,2026-05-18,P,135.25,143.88,0.302452,-0.25,1.72,1.76,486,2562
2026-03-19,AAPL,2026-05-18,P,126.62,143.88,0.319639,-0.1,1.82,1.86,208,3131
2026-03-20,AAPL,2026-04-14,C,161.24,143.96,0.1866,0.1,1.05,1.1,170,1598
2026-03-20,AAPL,2026-04-14,C,152.6,143.96,0.198941,0.25,1.12,1.17,236,2532
2026-03-20,AAPL,2026-04-14,C,143.96,143.96,0.240077,0.5,1.36,1.41,353,3614
2026-03-20,AAPL,2026-04-14,P,143.96,143.96,0.240077,-0.5,1.36,1.41,170,357
2026-03-20,AAPL,2026-04-14,P,135.32,143.96,0.281212,-0.25,1.59,1.65,276,4614
2026-03-20,AAPL,2026-04-14,P,126.69,143.96,0.297666,-0.1,1.69,1.73,316,615
2026-03-20,AAPL,2026-04-21,C,161.24,143.96,0.1894,0.1,1.06,1.12,217,3026
2026-03-20,AAPL,2026-04-21,C,152.6,143.96,0.201741,0.25,1.14,1.19,305,2700
2026-03-20,AAPL,2026-04-21,C,143.96,143.96,0.242877,0.5,1.37,1.43,190,2527
2026-03-20,AAPL,2026-04-21,P,143.96,143.96,0.242877,-0.5,1.38,1.42,106,456
2026-03-20,AAPL,2026-04-21,P,135.32,143.96,0.284012,-0.25,1.61,1.66,468,4615
2026-03-20,AAPL,2026-04-21,P,126.69,143.96,0.300466,-0.1,1.7,1.76,102,1797
2026-03-20,AAPL,2026-05-19,C,161.24,143.96,0.2006,0.1,1.13,1.18,481,1949
2026-03-20,AAPL,2026-05-19,C,152.6,143.96,0.212941,0.25,1.2,1.25,29,591
2026-03-20,AAPL,2026-05-19,C,143.96,143.96,0.254077,0.5,1.44,1.49,112,3504
2026-03-20,AAPL,2026-05-19,P,143.96,143.96,0.254077,-0.5,1.44,1.49,58,1632
2026-03-20,AAPL,2026-05-19,P,135.32,143.96,0.295212,-0.25,1.68,1.72,281,850
2026-03-20,AAPL,2026-05-19,P,126.69,143.96,0.311666,-0.1,1.77,1.82,22,439
2026-03-23,AAPL,2026-04-17,C,160.3,143.13,0.194306,0.1,1.09,1.14,358,797
2026-03-23,AAPL,2026-04-17,C,151.71,143.13,0.206172,0.25,1.16,1.2,416,225
2026-03-23,AAPL,2026-04-17,C,143.13,143.13,0.245724,0.5,1.38,1.43,485,4974
2026-03-23,AAPL,2026-04-17,P,143.13,143.13,0.245724,-0.5,1.38,1.43,137,4950
2026-03-23,AAPL,2026-04-17,P,134.54,143.13,0.285276,-0.25,1.61,1.65,254,1968
2026-03-23,AAPL,2026-04-17,P,125.95,143.13,0.301097,-0.1,1.69,1.75,135,4384
2026-03-23,AAPL,2026-04-24,C,160.3,143.13,0.197106,0.1,1.11,1.15,3,3396
2026-03-23,AAPL,2026-04-24,C,151.71,143.13,0.208972,0.25,1.17,1.23,84,3836
2026-03-23,AAPL,2026-04-24,C,143.13,143.13,0.248524,0.5,1.4,1.45,351,771
2026-03-23,AAPL,2026-04-24,P,143.13,143.13,0.248524,-0.5,1.4,1.44,354,3076
2026-03-23,AAPL,2026-04-24,P,134.54,143.13,0.288076,-0.25,1.62,1.67,398,1197
2026-03-23,AAPL,2026-04-24,P,125.95,143.13,0.303897,-0.1,1.72,1.76,131,1966
2026-03-23,AAPL,2026-05-22,C,160.3,143.13,0.208306,0.1,1.17,1.22,103,1957
2026-03-23,AAPL,2026-05-22,C,151.71,143.13,0.220172,0.25,1.24,1.28,328,587
2026-03-23,AAPL,2026-05-22,C,143.13,143.13,0.259724,0.5,1.46,1.52,231,3049
2026-03-23,AAPL,2026-05-22,P,143.13,143.13,0.259724,-0.5,1.47,1.51,486,2125
2026-03-23,AAPL,2026-05-22,P,134.54,143.13,0.299276,-0.25,1.69,1.74,203,3007
2026-03-23,AAPL,2026-05-22,P,125.95,143.13,0.315097,-0.1,1.78,1.83,491,3229
2026-03-24,AAPL,2026-04-18,C,161.63,144.31,0.170937,0.1,0.97,1.01,143,1531
2026-03-24,AAPL,2026-04-18,C,152.97,144.31,0.182207,0.25,1.03,1.07,394,2278
2026-03-24,AAPL,2026-04-18,C,144.31,144.31,0.219774,0.5,1.24,1.29,346,3674
2026-03-24,AAPL,2026-04-18,P,144.31,144.31,0.219774,-0.5,1.25,1.29,479,3161
2026-03-24,AAPL,2026-04-18,P,135.65,144.31,0.257341,-0.25,1.46,1.51,56,1915
2026-03-24,AAPL,2026-04-18,P,127.0,144.31,0.272367,-0.1,1.55,1.6,358,367
2026-03-24,AAPL,2026-04-25,C,161.63,144.31,0.173737,0.1,0.98,1.03,307,1962
2026-03-24,AAPL,2026-04-25,C,152.97,144.31,0.185007,0.25,1.04,1.1,147,1004
2026-03-24,AAPL,2026-04-25,C,144.31,144.31,0.222574,0.5,1.26,1.31,222,4988
2026-03-24,AAPL,2026-04-25,P,144.31,144.31,0.222574,-0.5,1.26,1.31,494,1505
2026-03-24,AAPL,2026-04-25,P,135.65,144.31,0.260141,-0.25,1.48,1.53,434,424
2026-03-24,AAPL,2026-04-25,P,127.0,144.31,0.275167,-0.1,1.56,1.62,16,2584
2026-03-24,AAPL,2026-05-23,C,161.63,144.31,0.184937,0.1,1.05,1.09,243,1643
2026-03-24,AAPL,2026-05-23,C,152.97,144.31,0.196207,0.25,1.1,1.16,102,4352
2026-03-24,AAPL,2026-05-23,C,144.31,144.31,0.233774,0.5,1.32,1.37,363,2406
2026-03-24,AAPL,2026-05-23,P,144.31,144.31,0.233774,-0.5,1.32,1.38,6,4132
2026-03-24,AAPL,2026-05-23,P,135.65,144.31,0.271341,-0.25,1.54,1.59,211,1928
2026-03-24,AAPL,2026-05-23,P,127.0,144.31,0.286367,-0.1,1.63,1.68,462,4288
2026-03-25,AAPL,2026-04-19,C,160.05,142.9,0.195666,0.1,1.09,1.14,290,292
2026-03-25,AAPL,2026-04-19,C,151.47,142.9,0.206792,0.25,1.16,1.21,358,3863
2026-03-25,AAPL,2026-04-19,C,142.9,142.9,0.243878,0.5,1.37,1.42,101,2714
2026-03-25,AAPL,2026-04-19,P,142.9,142.9,0.243878,-0.5,1.37,1.41,224,4489
2026-03-25,AAPL,2026-04-19,P,134.33,142.9,0.280963,-0.25,1.58,1.63,224,2626
2026-03-25,AAPL,2026-04-19,P,125.75,142.9,0.295798,-0.1,1.66,1.72,319,528
2026-03-25,AAPL,2026-04-26,C,160.05,142.9,0.198466,0.1,1.11,1.16,21,3579
2026-03-25,AAPL,2026-04-26,C,151.47,142.9,0.209592,0.25,1.18,1.22,62,4903
2026-03-25,AAPL,2026-04-26,C,142.9,142.9,0.246678,0.5,1.39,1.43,9,3146
2026-03-25,AAPL,2026-04-26,P,142.9,142.9,0.246678,-0.5,1.39,1.43,398,3599
2026-03-25,AAPL,2026-04-26,P,134.33,142.9,0.283763,-0.25,1.6,1.64,244,414
2026-03-25,AAPL,2026-04-26,P,125.75,142.9,0.298598,-0.1,1.68,1.73,408,4970
2026-03-25,AAPL,2026-05-24,C,160.05,142.9,0.209666,0.1,1.18,1.22,164,3066
2026-03-25,AAPL,2026-05-24,C,151.47,142.9,0.220792,0.25,1.24,1.29,384,4212
2026-03-25,AAPL,2026-05-24,C,142.9,142.9,0.257878,0.5,1.45,1.5,128,2779
2026-03-25,AAPL,2026-05-24,P,142.9,142.9,0.257878,-0.5,1.44,1.5,458,1669
2026-03-25,AAPL,2026-05-24,P,134.33,142.9,0.294963,-0.25,1.66,1.71,22,4445
2026-03-25,AAPL,2026-05-24,P,125.75,142.9,0.309798,-0.1,1.75,1.79,274,1909
2025-01-02,MSFT,2025-01-27,C,281.48,251.32,0.230572,0.1,2.29,2.34,471,32
2025-01-02,MSFT,2025-01-27,C,266.4,251.32,0.235072,0.25,2.34,2.39,241,1297
2025-01-02,MSFT,2025-01-27,C,251.32,251.32,0.250072,0.5,2.49,2.54,241,2551
2025-01-02,MSFT,2025-01-27,P,251.32,251.32,0.250072,-0.5,2.49,2.54,483,2569
2025-01-02,MSFT,2025-01-27,P,236.24,251.32,0.265072,-0.25,2.64,2.69,248,527
2025-01-02,MSFT,2025-01-27,P,221.17,251.32,0.271072,-0.1,2.7,2.75,486,2009
2025-01-02,MSFT,2025-02-03,C,281.48,251.32,0.233372,0.1,2.32,2.37,253,4693
2025-01-02,MSFT,2025-02-03,C,266.4,251.32,0.237872,0.25,2.37,2.41,141,3333
2025-01-02,MSFT,2025-02-03,C,251.32,251.32,0.252872,0.5,2.52,2.56,38,3571
2025-01-02,MSFT,2025-02-03,P,251.32,251.32,0.252872,-0.5,2.52,2.56,371,3283
2025-01-02,MSFT,2025-02-03,P,236.24,251.32,0.267872,-0.25,2.67,2.71,437,909
2025-01-02,MSFT,2025-02-03,P,221.17,251.32,0.273872,-0.1,2.73,2.78,110,1883
2025-01-02,MSFT,2025-03-03,C,281.48,251.32,0.244572,0.1,2.43,2.48,338,1551
2025-01-02,MSFT,2025-03-03,C,266.4,251.32,0.249072,0.25,2.47,2.53,118,1460
2025-01-02,MSFT,2025-03-03,C,251.32,251.32,0.264072,0.5,2.63,2.68,102,4273
2025-01-02,MSFT,2025-03-03,P,251.32,251.32,0.264072,-0.5,2.63,2.68,95,1620
2025-01-02,MSFT,2025-03-03,P,236.24,251.32,0.279072,-0.25,2.78,2.83,14,424
2025-01-02,MSFT,2025-03-03,P,221.17,251.32,0.285072,-0.1,2.84,2.89,165,2162
2025-01-03,MSFT,2025-01-28,C,280.4,250.36,0.236339,0.1,2.34,2.4,109,1006
2025-01-03,MSFT,2025-01-28,C,265.38,250.36,0.24109,0.25,2.39,2.44,335,1958
2025-01-03,MSFT,2025-01-28,C,250.36,250.36,0.256928,0.5,2.55,2.6,41,1890
2025-01-03,MSFT,2025-01-28,P,250.36,250.36,0.256928,-0.5,2.55,2.6,287,2533
2025-01-03,MSFT,2025-01-28,P,235.34,250.36,0.272767,-0.25,2.7,2.76,465,2052
2025-01-03,MSFT,2025-01-28,P,220.32,250.36,0.279102,-0.1,2.77,2.82,160,1516
2025-01-03,MSFT,2025-02-04,C,280.4,250.36,0.239139,0.1,2.37,2.42,236,1287
2025-01-03,MSFT,2025-02-04,C,265.38,250.36,0.24389,0.25,2.42,2.47,249,1704
2025-01-03,MSFT,2025-02-04,C,250.36,250.36,0.259728,0.5,2.57,2.63,88,4701
2025-01-03,MSFT,2025-02-04,P,250.36,250.36,0.259728,-0.5,2.58,2.62,265,985
2025-01-03,MSFT,2025-02-04,P,235.34,250.36,0.275567,-0.25,2.74,2.78,391,1765
2025-01-03,MSFT,2025-02-04,P,220.32,250.36,0.281902,-0.1,2.79,2.85,493,2324
2025-01-03,MSFT,2025-03-04,C,280.4,250.36,0.250339,0.1,2.48,2.53,357,4569
2025-01-03,MSFT,2025-03-04,C,265.38,250.36,0.25509,0.25,2.53,2.58,54,1254
2025-01-03,MSFT,2025-03-04,C,250.36,250.36,0.270928,0.5,2.69,2.74,218,2015
2025-01-03,MSFT,2025-03-04,P,250.36,250.36,0.270928,-0.5,2.69,2.74,78,4896
2025-01-03,MSFT,2025-03-04,P,235.34,250.36,0.286767,-0.25,2.85,2.89,35,2349
2025-01-03,MSFT,2025-03-04,P,220.32,250.36,0.293102,-0.1,2.91,2.96,123,900
2025-01-06,MSFT,2025-01-31,C,281.87,251.67,0.250048,0.1,2.49,2.54,200,3185
2025-01-06,MSFT,2025-01-31,C,266.77,251.67,0.256032,0.25,2.55,2.6,207,307
2025-01-06,MSFT,2025-01-31,C,251.67,251.67,0.27598,0.5,2.75,2.8,202,2526
2025-01-06,MSFT,2025-01-31,P,251.67,251.67,0.27598,-0.5,2.75,2.81,8,3205
2025-01-06,MSFT,2025-01-31,P,236.57,251.67,0.295928,-0.25,2.95,3.01,162,3917
2025-01-06,MSFT,2025-01-31,P,221.47,251.67,0.303907,-0.1,3.04,3.08,434,3164
2025-01-06,MSFT,2025-02-07,C,281.87,251.67,0.252848,0.1,2.52,2.57,390,4784
2025-01-06,MSFT,2025-02-07,C,266.77,251.67,0.258832,0.25,2.58,2.63,281,3244
2025-01-06,MSFT,2025-02-07,C,251.67,251.67,0.27878,0.5,2.78,2.83,157,3691
2025-01-06,MSFT,2025-02-07,P,251.67,251.67,0.27878,-0.5,2.78,2.84,74,4596
2025-01-06,MSFT,2025-02-07,P,236.57,251.67,0.298728,-0.25,2.99,3.03,4,1028
2025-01-06,MSFT,2025-02-07,P,221.47,251.67,0.306707,-0.1,3.06,3.12,288,3158
2025-01-06,MSFT,2025-03-07,C,281.87,251.67,0.264048,0.1,2.63,2.69,78,1575
2025-01-06,MSFT,2025-03-07,C,266.77,251.67,0.270032,0.25,2.69,2.75,270,3422
2025-01-06,MSFT,2025-03-07,C,251.67,251.67,0.28998,0.5,2.9,2.94,482,641
2025-01-06,MSFT,2025-03-07,P,251.67,251.67,0.28998,-0.5,2.89,2.95,412,800
2025-01-06,MSFT,2025-03-07,P,236.57,251.67,0.309928,-0.25,3.09,3.15,56,2789
2025-01-06,MSFT,2025-03-07,P,221.47,251.67,0.317907,-0.1,3.18,3.23,191,1384
2025-01-07,MSFT,2025-02-01,C,282.0,251.79,0.240827,0.1,2.4,2.45,390,3892
2025-01-07,MSFT,2025-02-01,C,266.9,251.79,0.24791,0.25,2.47,2.52,164,2924
2025-01-07,MSFT,2025-02-01,C,251.79,251.79,0.271519,0.5,2.71,2.76,365,2923
2025-01-07,MSFT,2025-02-01,P,251.79,251.79,0.271519,-0.5,2.71,2.76,390,1375
2025-01-07,MSFT,2025-02-01,P,236.68,251.79,0.295129,-0.25,2.95,3.0,71,3687
2025-01-07,MSFT,2025-02-01,P,221.57,251.79,0.304572,-0.1,3.04,3.09,324,3646
2025-01-07,MSFT,2025-02-08,C,282.0,251.79,0.243627,0.1,2.42,2.48,427,2202
2025-01-07,MSFT,2025-02-08,C,266.9,251.79,0.25071,0.25,2.5,2.55,287,3336
2025-01-07,MSFT,2025-02-08,C,251.79,251.79,0.274319,0.5,2.74,2.78,350,3937
2025-01-07,MSFT,2025-02-08,P,251.79,251.79,0.274319,-0.5,2.74,2.79,8,2453
2025-01-07,MSFT,2025-02-08,P,236.68,251.79,0.297929,-0.25,2.97,3.03,287,2586
2025-01-07,MSFT,2025-02-08,P,221.57,251.79,0.307372,-0.1,3.07,3.12,302,1414
2025-01-07,MSFT,2025-03-08,C,282.0,251.79,0.254827,0.1,2.54,2.59,357,4475
2025-01-07,MSFT,2025-03-08,C,266.9,251.79,0.26191,0.25,2.62,2.66,334,1630
2025-01-07,MSFT,2025-03-08,C,251.79,251.79,0.285519,0.5,2.85,2.9,499,2141
2025-01-07,MSFT,2025-03-08,P,251.79,251.79,0.285519,-0.5,2.85,2.9,325,3806
2025-01-07,MSFT,2025-03-08,P,236.68,251.79,0.309129,-0.25,3.09,3.13,177,3329
2025-01-07,MSFT,2025-03-08,P,221.57,251.79,0.318572,-0.1,3.19,3.23,2,2366
2025-01-08,MSFT,2025-02-02,C,285.13,254.58,0.208981,0.1,2.1,2.16,245,4741
2025-01-08,MSFT,2025-02-02,C,269.86,254.58,0.215839,0.25,2.18,2.22,102,4766
2025-01-08,MSFT,2025-02-02,C,254.58,254.58,0.238697,0.5,2.41,2.45,327,2793
2025-01-08,MSFT,2025-02-02,P,254.58,254.58,0.238697,-0.5,2.4,2.46,60,1004
2025-01-08,MSFT,2025-02-02,P,239.31,254.58,0.261556,-0.25,2.64,2.69,111,348
2025-01-08,MSFT,2025-02-02,P,224.03,254.58,0.2707,-0.1,2.73,2.78,102,2088
2025-01-08,MSFT,2025-02-09,C,285.13,254.58,0.211781,0.1,2.13,2.19,395,1377
2025-01-08,MSFT,2025-02-09,C,269.86,254.58,0.218639,0.25,2.2,2.26,173,713
2025-01-08,MSFT,2025-02-09,C,254.58,254.58,0.241497,0.5,2.43,2.49,496,1545
2025-01-08,MSFT,2025-02-09,P,254.58,254.58,0.241497,-0.5,2.44,2.48,206,478
2025-01-08,MSFT,2025-02-09,P,239.31,254.58,0.264356,-0.25,2.67,2.72,412,1173
2025-01-08,MSFT,2025-02-09,P,224.03,254.58,0.2735,-0.1,2.76,2.81,334,4897
2025-01-08,MSFT,2025-03-09,C,285.13,254.58,0.222981,0.1,2.25,2.29,487,184
2025-01-08,MSFT,2025-03-09,C,269.86,254.58,0.229839,0.25,2.32,2.36,57,605
2025-01-08,MSFT,2025-03-09,C,254.58,254.58,0.252697,0.5,2.55,2.6,320,3725
2025-01-08,MSFT,2025-03-09,P,254.58,254.58,0.252697,-0.5,2.55,2.6,67,737
2025-01-08,MSFT,2025-03-09,P,239.31,254.58,0.275556,-0.25,2.78,2.83,105,1512
2025-01-08,MSFT,2025-03-09,P,224.03,254.58,0.2847,-0.1,2.87,2.92,120,4669
2025-01-09,MSFT,2025-02-03,C,285.56,254.96,0.237667,0.1,2.4,2.45,35,4035
2025-01-09,MSFT,2025-02-03,C,270.26,254.96,0.244464,0.25,2.47,2.52,167,3759
2025-01-09,MSFT,2025-02-03,C,254.96,254.96,0.26712,0.5,2.7,2.75,460,2704
2025-01-09,MSFT,2025-02-03,P,254.96,254.96,0.26712,-0.5,2.7,2.75,231,3597
2025-01-09,MSFT,2025-02-03,P,239.67,254.96,0.289777,-0.25,2.93,2.98,221,3353
2025-01-09,MSFT,2025-02-03,P,224.37,254.96,0.298839,-0.1,3.02,3.07,107,4144
2025-01-09,MSFT,2025-02-10,C,285.56,254.96,0.240467,0.1,2.43,2.47,213,787
2025-01-09,MSFT,2025-02-10,C,270.26,254.96,0.247264,0.25,2.5,2.55,121,1276
2025-01-09,MSFT,2025-02-10,C,254.96,254.96,0.26992,0.5,2.73,2.78,241,1162
2025-01-09,MSFT,2025-02-10,P,254.96,254.96,0.26992,-0.5,2.73,2.78,202,2570
2025-01-09,MSFT,2025-02-10,P,239.67,254.96,0.292577,-0.25,2.96,3.01,404,1299
2025-01-09,MSFT,2025-02-10,P,224.37,254.96,0.301639,-0.1,3.05,3.1,438,3668
2025-01-09,MSFT,2025-03-10,C,285.56,254.96,0.251667,0.1,2.54,2.59,298,1171
2025-01-09,MSFT,2025-03-10,C,270.26,254.96,0.258464,0.25,2.61,2.66,109,484
2025-01-09,MSFT,2025-03-10,C,254.96,254.96,0.28112,0.5,2.85,2.89,402,4865
2025-01-09,MSFT,2025-03-10,P,254.96,254.96,0.28112,-0.5,2.85,2.89,467,633
2025-01-09,MSFT,2025-03-10,P,239.67,254.96,0.303777,-0.25,3.07,3.13,70,3320
2025-01-09,MSFT,2025-03-10,P,224.37,254.96,0.312839,-0.1,3.17,3.21,465,3248
2025-01-10,MSFT,2025-02-04,C,285.43,254.85,0.221079,0.1,2.23,2.27,196,1226
2025-01-10,MSFT,2025-02-04,C,270.14,254.85,0.227646,0.25,2.29,2.35,20,3905
2025-01-10,MSFT,2025-02-04,C,254.85,254.85,0.249535,0.5,2.51,2.57,330,1576
2025-01-10,MSFT,2025-02-04,P,254.85,254.85,0.249535,-0.5,2.51,2.57,206,1725
2025-01-10,MSFT,2025-02-04,P,239.56,254.85,0.271424,-0.25,2.74,2.79,404,4414
2025-01-10,MSFT,2025-02-04,P,224.27,254.85,0.28018,-0.1,2.83,2.88,85,1036
2025-01-10,MSFT,2025-02-11,C,285.43,254.85,0.223879,0.1,2.26,2.31,428,4220
2025-01-10,MSFT,2025-02-11,C,270.14,254.85,0.230446,0.25,2.33,2.37,348,4255
2025-01-10,MSFT,2025-02-11,C,254.85,254.85,0.252335,0.5,2.55,2.6,388,2037
2025-01-10,MSFT,2025-02-11,P,254.85,254.85,0.252335,-0.5,2.55,2.6,126,4558
2025-01-10,MSFT,2025-02-11,P,239.56,254.85,0.274224,-0.25,2.77,2.82,290,2875
2025-01-10,MSFT,2025-02-11,P,224.27,254.85,0.28298,-0.1,2.86,2.91,249,4643
2025-01-10,MSFT,2025-03-11,C,285.43,254.85,0.235079,0.1,2.37,2.42,63,1176
2025-01-10,MSFT,2025-03-11,C,270.14,254.85,0.241646,0.25,2.44,2.49,261,1913
2025-01-10,MSFT,2025-03-11,C,254.85,254.85,0.263535,0.5,2.66,2.71,222,4088
2025-01-10,MSFT,2025-03-11,P,254.85,254.85,0.263535,-0.5,2.66,2.71,402,2145
2025-01-10,MSFT,2025-03-11,P,239.56,254.85,0.285424,-0.25,2.88,2.94,441,2294
2025-01-10,MSFT,2025-03-11,P,224.27,254.85,0.29418,-0.1,2.98,3.02,56,546
2025-01-13,MSFT,2025-02-07,C,286.2,255.54,0.231412,0.1,2.34,2.39,199,682
2025-01-13,MSFT,2025-02-07,C,270.87,255.54,0.238573,0.25,2.41,2.46,70,1355
2025-01-13,MSFT,2025-02-07,C,255.54,255.54,0.262443,0.5,2.66,2.71,125,151
2025-01-13,MSFT,2025-02-07,P,255.54,255.54,0.262443,-0.5,2.66,2.71,384,270
2025-01-13,MSFT,2025-02-07,P,240.2,255.54,0.286313,-0.25,2.9,2.95,171,87
2025-01-13,MSFT,2025-02-07,P,224.87,255.54,0.295861,-0.1,3.0,3.05,313,3837
2025-01-13,MSFT,2025-02-14,C,286.2,255.54,0.234212,0.1,2.37,2.41,196,3678
2025-01-13,MSFT,2025-02-14,C,270.87,255.54,0.241373,0.25,2.44,2.49,254,2527
2025-01-13,MSFT,2025-02-14,C,255.54,255.54,0.265243,0.5,2.69,2.74,298,1686
2025-01-13,MSFT,2025-02-14,P,255.54,255.54,0.265243,-0.5,2.68,2.74,429,3900
2025-01-13,MSFT,2025-02-14,P,240.2,255.54,0.289113,-0.25,2.93,2.98,17,1354
2025-01-13,MSFT,2025-02-14,P,224.87,255.54,0.298661,-0.1,3.03,3.08,376,748
2025-01-13,MSFT,2025-03-14,C,286.2,255.54,0.245412,0.1,2.48,2.53,484,23
2025-01-13,MSFT,2025-03-14,C,270.87,255.54,0.252573,0.25,2.56,2.6,134,3162
2025-01-13,MSFT,2025-03-14,C,255.54,255.54,0.276443,0.5,2.8,2.85,3,254
2025-01-13,MSFT,2025-03-14,P,255.54,255.54,0.276443,-0.5,2.8,2.85,131,3187
2025-01-13,MSFT,2025-03-14,P,240.2,255.54,0.300313,-0.25,3.04,3.1,89,3279
2025-01-13,MSFT,2025-03-14,P,224.87,255.54,0.309861,-0.1,3.15,3.19,302,742
2025-01-14,MSFT,2025-02-08,C,285.75,255.13,0.228677,0.1,2.31,2.36,148,4642
2025-01-14,MSFT,2025-02-08,C,270.44,255.13,0.235949,0.25,2.38,2.44,267,4743
2025-01-14,MSFT,2025-02-08,C,255.13,255.13,0.26019,0.5,2.63,2.68,280,3587
2025-01-14,MSFT,2025-02-08,P,255.13,255.13,0.26019,-0.5,2.63,2.68,230,187
2025-01-14,MSFT,2025-02-08,P,239.82,255.13,0.284431,-0.25,2.88,2.93,437,1041
2025-01-14,MSFT,2025-02-08,P,224.52,255.13,0.294127,-0.1,2.98,3.03,446,4765
2025-01-14,MSFT,2025-02-15,C,285.75,255.13,0.231477,0.1,2.33,2.39,384,1474
2025-01-14,MSFT,2025-02-15,C,270.44,255.13,0.238749,0.25,2.41,2.46,172,969
2025-01-14,MSFT,2025-02-15,C,255.13,255.13,0.26299,0.5,2.66,2.71,326,334
2025-01-14,MSFT,2025-02-15,P,255.13,255.13,0.26299,-0.5,2.66,2.71,262,3288
2025-01-14,MSFT,2025-02-15,P,239.82,255.13,0.287231,-0.25,2.9,2.96,220,4359
2025-01-14,MSFT,2025-02-15,P,224.52,255.13,0.296927,-0.1,3.01,3.05,180,3717
2025-01-14,MSFT,2025-03-15,C,285.75,255.13,0.242677,0.1,2.46,2.5,236,1874
2025-01-14,MSFT,2025-03-15,C,270.44,255.13,0.249949,0.25,2.53,2.58,70,256
2025-01-14,MSFT,2025-03-15,C,255.13,255.13,0.27419,0.5,2.78,2.82,438,1362
2025-01-14,MSFT,2025-03-15,P,255.13,255.13,0.27419,-0.5,2.78,2.82,221,4671
2025-01-14,MSFT,2025-03-15,P,239.82,255.13,0.298431,-0.25,3.02,3.07,374,2510
2025-01-14,MSFT,2025-03-15,P,224.52,255.13,0.308127,-0.1,3.11,3.17,468,2837
2025-01-15,MSFT,2025-02-09,C,283.33,252.98,0.21896,0.1,2.19,2.24,366,1120
2025-01-15,MSFT,2025-02-09,C,268.16,252.98,0.226939,0.25,2.27,2.32,237,2681
2025-01-15,MSFT,2025-02-09,C,252.98,252.98,0.253536,0.5,2.54,2.59,219,3986
2025-01-15,MSFT,2025-02-09,P,252.98,252.98,0.253536,-0.5,2.55,2.59,370,3092
2025-01-15,MSFT,2025-02-09,P,237.8,252.98,0.280133,-0.25,2.81,2.86,87,4859
2025-01-15,MSFT,2025-02-09,P,222.62,252.98,0.290772,-0.1,2.92,2.96,110,1238
2025-01-15,MSFT,2025-02-16,C,283.33,252.98,0.22176,0.1,2.21,2.27,133,3156
2025-01-15,MSFT,2025-02-16,C,268.16,252.98,0.229739,0.25,2.3,2.35,115,395
2025-01-15,MSFT,2025-02-16,C,252.98,252.98,0.256336,0.5,2.57,2.62,92,2841
2025-01-15,MSFT,2025-02-16,P,252.98,252.98,0.256336,-0.5,2.57,2.62,448,4400
2025-01-15,MSFT,2025-02-16,P,237.8,252.98,0.282933,-0.25,2.84,2.89,96,810
2025-01-15,MSFT,2025-02-16,P,222.62,252.98,0.293572,-0.1,2.94,3.0,329,4413
2025-01-15,MSFT,2025-03-16,C,283.33,252.98,0.23296,0.1,2.33,2.38,364,3409
2025-01-15,MSFT,2025-03-16,C,268.16,252.98,0.240939,0.25,2.42,2.46,242,867
2025-01-15,MSFT,2025-03-16,C,252.98,252.98,0.267536,0.5,2.68,2.74,98,598
2025-01-15,MSFT,2025-03-16,P,252.98,252.98,0.267536,-0.5,2.69,2.73,491,3876
2025-01-15,MSFT,2025-03-16,P,237.8,252.98,0.294133,-0.25,2.95,3.0,194,1989
2025-01-15,MSFT,2025-03-16,P,222.62,252.98,0.304772,-0.1,3.06,3.11,103,907
2025-01-16,MSFT,2025-02-10,C,283.01,252.69,0.225876,0.1,2.26,2.31,241,530
2025-01-16,MSFT,2025-02-10,C,267.85,252.69,0.232609,0.25,2.32,2.38,152,1600
2025-01-16,MSFT,2025-02-10,C,252.69,252.69,0.255051,0.5,2.55,2.61,302,4595
2025-01-16,MSFT,2025-02-10,P,252.69,252.69,0.255051,-0.5,2.55,2.61,22,1618
2025-01-16,MSFT,2025-02-10,P,237.53,252.69,0.277493,-0.25,2.78,2.83,494,4465
2025-01-16,MSFT,2025-02-10,P,222.37,252.69,0.286469,-0.1,2.87,2.92,381,3541
2025-01-16,MSFT,2025-02-17,C,283.01,252.69,0.228676,0.1,2.28,2.34,97,1395
2025-01-16,MSFT,2025-02-17,C,267.85,252.69,0.235409,0.25,2.36,2.4,100,3127
2025-01-16,MSFT,2025-02-17,C,252.69,252.69,0.257851,0.5,2.58,2.63,223,1358
2025-01-16,MSFT,2025-02-17,P,252.69,252.69,0.257851,-0.5,2.58,2.63,71,3953
2025-01-16,MSFT,2025-02-17,P,237.53,252.69,0.280293,-0.25,2.81,2.86,14,1219
2025-01-16,MSFT,2025-02-17,P,222.37,252.69,0.289269,-0.1,2.9,2.95,245,3931
2025-01-16,MSFT,2025-03-17,C,283.01,252.69,0.239876,0.1,2.4,2.45,392,746
2025-01-16,MSFT,2025-03-17,C,267.85,252.69,0.246609,0.25,2.46,2.52,135,3827
2025-01-16,MSFT,2025-03-17,C,252.69,252.69,0.269051,0.5,2.69,2.75,134,1572
2025-01-16,MSFT,2025-03-17,P,252.69,252.69,0.269051,-0.5,2.7,2.74,156,2542
2025-01-16,MSFT,2025-03-17,P,237.53,252.69,0.291493,-0.25,2.92,2.97,491,1456
2025-01-16,MSFT,2025-03-17,P,222.37,252.69,0.300469,-0.1,3.01,3.07,337,773
2025-01-17,MSFT,2025-02-11,C,282.67,252.38,0.236342,0.1,2.36,2.41,298,4193
2025-01-17,MSFT,2025-02-11,C,267.52,252.38,0.244408,0.25,2.44,2.49,251,3173
2025-01-17,MSFT,2025-02-11,C,252.38,252.38,0.271292,0.5,2.71,2.76,61,4621
2025-01-17,MSFT,2025-02-11,P,252.38,252.38,0.271292,-0.5,2.72,2.76,95,1030
2025-01-17,MSFT,2025-02-11,P,237.24,252.38,0.298177,-0.25,2.98,3.04,221,498
2025-01-17,MSFT,2025-02-11,P,222.1,252.38,0.308931,-0.1,3.09,3.15,285,312
2025-01-17,MSFT,2025-02-18,C,282.67,252.38,0.239142,0.1,2.39,2.43,305,2989
2025-01-17,MSFT,2025-02-18,C,267.52,252.38,0.247208,0.25,2.47,2.52,199,2869
2025-01-17,MSFT,2025-02-18,C,252.38,252.38,0.274092,0.5,2.74,2.79,339,3714
2025-01-17,MSFT,2025-02-18,P,252.38,252.38,0.274092,-0.5,2.74,2.8,49,1386
2025-01-17,MSFT,2025-02-18,P,237.24,252.38,0.300977,-0.25,3.02,3.06,176,1622
2025-01-17,MSFT,2025-02-18,P,222.1,252.38,0.311731,-0.1,3.12,3.17,413,1746
2025-01-17,MSFT,2025-03-18,C,282.67,252.38,0.250342,0.1,2.5,2.55,30,2234
2025-01-17,MSFT,2025-03-18,C,267.52,252.38,0.258408,0.25,2.58,2.63,40,4146
2025-01-17,MSFT,2025-03-18,C,252.38,252.38,0.285292,0.5,2.85,2.91,286,2381
2025-01-17,MSFT,2025-03-18,P,252.38,252.38,0.285292,-0.5,2.86,2.9,386,2584
2025-01-17,MSFT,2025-03-18,P,237.24,252.38,0.312177,-0.25,3.13,3.17,219,4219
2025-01-17,MSFT,2025-03-18,P,222.1,252.38,0.322931,-0.1,3.24,3.28,198,654
2025-01-20,MSFT,2025-02-14,C,280.53,250.47,0.205713,0.1,2.04,2.09,111,4582
2025-01-20,MSFT,2025-02-14,C,265.5,250.47,0.213835,0.25,2.12,2.17,60,1329
2025-01-20,MSFT,2025-02-14,C,250.47,250.47,0.240908,0.5,2.39,2.44,411,4839
2025-01-20,MSFT,2025-02-14,P,250.47,250.47,0.240908,-0.5,2.39,2.44,63,756
2025-01-20,MSFT,2025-02-14,P,235.44,250.47,0.267981,-0.25,2.66,2.71,118,3961
2025-01-20,MSFT,2025-02-14,P,220.41,250.47,0.27881,-0.1,2.77,2.82,441,2449
2025-01-20,MSFT,2025-02-21,C,280.53,250.47,0.208513,0.1,2.06,2.12,440,2922
2025-01-20,MSFT,2025-02-21,C,265.5,250.47,0.216635,0.25,2.15,2.19,178,289
2025-01-20,MSFT,2025-02-21,C,250.47,250.47,0.243708,0.5,2.42,2.47,356,319
2025-01-20,MSFT,2025-02-21,P,250.47,250.47,0.243708,-0.5,2.42,2.47,44,4146
2025-01-20,MSFT,2025-02-21,P,235.44,250.47,0.270781,-0.25,2.68,2.74,401,180
2025-01-20,MSFT,2025-02-21,P,220.41,250.47,0.28161,-0.1,2.8,2.84,435,3352
2025-01-20,MSFT,2025-03-21,C,280.53,250.47,0.219713,0.1,2.18,2.23,80,755
2025-01-20,MSFT,2025-03-21,C,265.5,250.47,0.227835,0.25,2.25,2.31,267,1090
2025-01-20,MSFT,2025-03-21,C,250.47,250.47,0.254908,0.5,2.53,2.57,129,3750
2025-01-20,MSFT,2025-03-21,P,250.47,250.47,0.254908,-0.5,2.53,2.58,497,1978
2025-01-20,MSFT,2025-03-21,P,235.44,250.47,0.281981,-0.25,2.8,2.85,68,4557
2025-01-20,MSFT,2025-03-21,P,220.41,250.47,0.29281,-0.1,2.91,2.95,94,3142
2025-01-21,MSFT,2025-02-15,C,280.43,250.38,0.239502,0.1,2.37,2.42,337,2125
2025-01-21,MSFT,2025-02-15,C,265.41,250.38,0.248258,0.25,2.46,2.51,79,959
2025-01-21,MSFT,2025-02-15,C,250.38,250.38,0.277444,0.5,2.75,2.81,212,1903
2025-01-21,MSFT,2025-02-15,P,250.38,250.38,0.277444,-0.5,2.75,2.81,117,1779
2025-01-21,MSFT,2025-02-15,P,235.36,250.38,0.30663,-0.25,3.04,3.1,336,2726
2025-01-21,MSFT,2025-02-15,P,220.34,250.38,0.318305,-0.1,3.16,3.21,15,3523
2025-01-21,MSFT,2025-02-22,C,280.43,250.38,0.242302,0.1,2.4,2.45,155,2418
2025-01-21,MSFT,2025-02-22,C,265.41,250.38,0.251058,0.25,2.49,2.54,419,2891
2025-01-21,MSFT,2025-02-22,C,250.38,250.38,0.280244,0.5,2.78,2.83,112,2133
2025-01-21,MSFT,2025-02-22,P,250.38,250.38,0.280244,-0.5,2.78,2.83,306,2004
2025-01-21,MSFT,2025-02-22,P,235.36,250.38,0.30943,-0.25,3.07,3.12,476,3030
2025-01-21,MSFT,2025-02-22,P,220.34,250.38,0.321105,-0.1,3.19,3.25,164,1310
2025-01-21,MSFT,2025-03-22,C,280.43,250.38,0.253502,0.1,2.52,2.56,376,892
2025-01-21,MSFT,2025-03-22,C,265.41,250.38,0.262258,0.25,2.6,2.65,260,2250
2025-01-21,MSFT,2025-03-22,C,250.38,250.38,0.291444,0.5,2.9,2.94,199,1028
2025-01-21,MSFT,2025-03-22,P,250.38,250.38,0.291444,-0.5,2.89,2.95,374,2221
2025-01-21,MSFT,2025-03-22,P,235.36,250.38,0.32063,-0.25,3.19,3.24,299,571
2025-01-21,MSFT,2025-03-22,P,220.34,250.38,0.332305,-0.1,3.31,3.35,342,346
2025-01-22,MSFT,2025-02-16,C,277.65,247.9,0.191888,0.1,1.88,1.93,101,1230
2025-01-22,MSFT,2025-02-16,C,262.78,247.9,0.200652,0.25,1.97,2.01,202,41
2025-01-22,MSFT,2025-02-16,C,247.9,247.9,0.229863,0.5,2.26,2.3,359,604
2025-01-22,MSFT,2025-02-16,P,247.9,247.9,0.229863,-0.5,2.26,2.3,326,32
2025-01-22,MSFT,2025-02-16,P,233.03,247.9,0.259075,-0.25,2.54,2.6,418,4657
2025-01-22,MSFT,2025-02-16,P,218.15,247.9,0.270759,-0.1,2.66,2.71,419,490
2025-01-22,MSFT,2025-02-23,C,277.65,247.9,0.194688,0.1,1.9,1.96,189,4878
2025-01-22,MSFT,2025-02-23,C,262.78,247.9,0.203452,0.25,1.99,2.04,150,548
2025-01-22,MSFT,2025-02-23,C,247.9,247.9,0.232663,0.5,2.28,2.33,200,4807
2025-01-22,MSFT,2025-02-23,P,247.9,247.9,0.232663,-0.5,2.28,2.33,226,3124
2025-01-22,MSFT,2025-02-23,P,233.03,247.9,0.261875,-0.25,2.57,2.62,339,4889
2025-01-22,MSFT,2025-02-23,P,218.15,247.9,0.273559,-0.1,2.69,2.73,31,756
2025-01-22,MSFT,2025-03-23,C,277.65,247.9,0.205888,0.1,2.01,2.07,98,734
2025-01-22,MSFT,2025-03-23,C,262.78,247.9,0.214652,0.25,2.1,2.15,302,1414
2025-01-22,MSFT,2025-03-23,C,247.9,247.9,0.243863,0.5,2.4,2.44,400,138
2025-01-22,MSFT,2025-03-23,P,247.9,247.9,0.243863,-0.5,2.39,2.44,421,2012
2025-01-22,MSFT,2025-03-23,P,233.03,247.9,0.273075,-0.25,2.68,2.73,135,1529
2025-01-22,MSFT,2025-03-23,P,218.15,247.9,0.284759,-0.1,2.79,2.85,130,2960
2025-01-23,MSFT,2025-02-17,C,277.18,247.49,0.20368,0.1,1.99,2.04,13,21
2025-01-23,MSFT,2025-02-17,C,262.33,247.49,0.21227,0.25,2.07,2.13,370,4138
2025-01-23,MSFT,2025-02-17,C,247.49,247.49,0.240903,0.5,2.36,2.41,86,3130
2025-01-23,MSFT,2025-02-17,P,247.49,247.49,0.240903,-0.5,2.36,2.41,444,737
2025-01-23,MSFT,2025-02-17,P,232.64,247.49,0.269537,-0.25,2.64,2.69,472,1223
2025-01-23,MSFT,2025-02-17,P,217.79,247.49,0.28099,-0.1,2.76,2.8,352,4335
2025-01-23,MSFT,2025-02-24,C,277.18,247.49,0.20648,0.1,2.02,2.07,362,3910
2025-01-23,MSFT,2025-02-24,C,262.33,247.49,0.21507,0.25,2.1,2.16,460,4968
2025-01-23,MSFT,2025-02-24,C,247.49,247.49,0.243703,0.5,2.39,2.44,204,2143
2025-01-23,MSFT,2025-02-24,P,247.49,247.49,0.243703,-0.5,2.39,2.44,376,3129
2025-01-23,MSFT,2025-02-24,P,232.64,247.49,0.272337,-0.25,2.67,2.72,98,3646
2025-01-23,MSFT,2025-02-24,P,217.79,247.49,0.28379,-0.1,2.79,2.83,33,662
2025-01-23,MSFT,2025-03-24,C,277.18,247.49,0.21768,0.1,2.13,2.18,146,4141
2025-01-23,MSFT,2025-03-24,C,262.33,247.49,0.22627,0.25,2.22,2.26,226,3454
2025-01-23,MSFT,2025-03-24,C,247.49,247.49,0.254903,0.5,2.5,2.55,173,3807
2025-01-23,MSFT,2025-03-24,P,247.49,247.49,0.254903,-0.5,2.5,2.55,230,2682
2025-01-23,MSFT,2025-03-24,P,232.64,247.49,0.283537,-0.25,2.79,2.83,332,882
2025-01-23,MSFT,2025-03-24,P,217.79,247.49,0.29499,-0.1,2.89,2.95,108,1914
2025-01-24,MSFT,2025-02-18,C,277.51,247.78,0.225311,0.1,2.21,2.25,452,2063
2025-01-24,MSFT,2025-02-18,C,262.64,247.78,0.234361,0.25,2.3,2.35,74,1823
2025-01-24,MSFT,2025-02-18,C,247.78,247.78,0.264525,0.5,2.59,2.65,210,4291
2025-01-24,MSFT,2025-02-18,P,247.78,247.78,0.264525,-0.5,2.6,2.65,169,4003
2025-01-24,MSFT,2025-02-18,P,232.91,247.78,0.294689,-0.25,2.9,2.94,375,2082
2025-01-24,MSFT,2025-02-18,P,218.04,247.78,0.306755,-0.1,3.02,3.06,499,272
2025-01-24,MSFT,2025-02-25,C,277.51,247.78,0.228111,0.1,2.24,2.28,253,532
2025-01-24,MSFT,2025-02-25,C,262.64,247.78,0.237161,0.25,2.32,2.38,295,2722
2025-01-24,MSFT,2025-02-25,C,247.78,247.78,0.267325,0.5,2.62,2.68,188,2694
2025-01-24,MSFT,2025-02-25,P,247.78,247.78,0.267325,-0.5,2.62,2.68,367,930
2025-01-24,MSFT,2025-02-25,P,232.91,247.78,0.297489,-0.25,2.92,2.97,88,1932
2025-01-24,MSFT,2025-02-25,P,218.04,247.78,0.309555,-0.1,3.04,3.1,411,4670
2025-01-24,MSFT,2025-03-25,C,277.51,247.78,0.239311,0.1,2.35,2.39,427,3104
2025-01-24,MSFT,2025-03-25,C,262.64,247.78,0.248361,0.25,2.44,2.49,63,2817
2025-01-24,MSFT,2025-03-25,C,247.78,247.78,0.278525,0.5,2.74,2.78,252,3273
2025-01-24,MSFT,2025-03-25,P,247.78,247.78,0.278525,-0.5,2.73,2.79,64,1732
2025-01-24,MSFT,2025-03-25,P,232.91,247.78,0.308689,-0.25,3.03,3.08,91,590
2025-01-24,MSFT,2025-03-25,P,218.04,247.78,0.320755,-0.1,3.15,3.21,25,556
2025-01-27,MSFT,2025-02-21,C,277.64,247.89,0.225558,0.1,2.21,2.26,321,4130
2025-01-27,MSFT,2025-02-21,C,262.77,247.89,0.235324,0.25,2.31,2.36,411,45
2025-01-27,MSFT,2025-02-21,C,247.89,247.89,0.267875,0.5,2.63,2.68,342,3753
2025-01-27,MSFT,2025-02-21,P,247.89,247.89,0.267875,-0.5,2.63,2.68,330,140
2025-01-27,MSFT,2025-02-21,P,233.02,247.89,0.300426,-0.25,2.95,3.01,80,764
2025-01-27,MSFT,2025-02-21,P,218.15,247.89,0.313447,-0.1,3.08,3.13,228,1249
2025-01-27,MSFT,2025-02-28,C,277.64,247.89,0.228358,0.1,2.24,2.29,179,3885
2025-01-27,MSFT,2025-02-28,C,262.77,247.89,0.238124,0.25,2.34,2.39,115,3295
2025-01-27,MSFT,2025-02-28,C,247.89,247.89,0.270675,0.5,2.65,2.71,204,4075
2025-01-27,MSFT,2025-02-28,P,247.89,247.89,0.270675,-0.5,2.66,2.71,227,2212
2025-01-27,MSFT,2025-02-28,P,233.02,247.89,0.303226,-0.25,2.98,3.04,351,181
2025-01-27,MSFT,2025-02-28,P,218.15,247.89,0.316247,-0.1,3.12,3.16,345,1036
2025-01-27,MSFT,2025-03-28,C,277.64,247.89,0.239558,0.1,2.35,2.4,66,774
2025-01-27,MSFT,2025-03-28,C,262.77,247.89,0.249324,0.25,2.45,2.5,45,3149
2025-01-27,MSFT,2025-03-28,C,247.89,247.89,0.281875,0.5,2.77,2.82,262,1522
2025-01-27,MSFT,2025-03-28,P,247.89,247.89,0.281875,-0.5,2.77,2.82,348,1148
2025-01-27,MSFT,2025-03-28,P,233.02,247.89,0.314426,-0.25,3.09,3.15,29,825
2025-01-27,MSFT,2025-03-28,P,218.15,247.89,0.327447,-0.1,3.22,3.28,71,2355
2025-01-28,MSFT,2025-02-22,C,277.09,247.4,0.215237,0.1,2.11,2.15,29,2506
2025-01-28,MSFT,2025-02-22,C,262.24,247.4,0.224933,0.25,2.2,2.25,129,1180
2025-01-28,MSFT,2025-02-22,C,247.4,247.4,0.257254,0.5,2.52,2.58,324,2322
2025-01-28,MSFT,2025-02-22,P,247.4,247.4,0.257254,-0.5,2.52,2.58,1,828
2025-01-28,MSFT,2025-02-22,P,232.56,247.4,0.289574,-0.25,2.84,2.89,55,2984
2025-01-28,MSFT,2025-02-22,P,217.71,247.4,0.302502,-0.1,2.97,3.02,321,932
2025-01-28,MSFT,2025-03-01,C,277.09,247.4,0.218037,0.1,2.14,2.18,307,390
2025-01-28,MSFT,2025-03-01,C,262.24,247.4,0.227733,0.25,2.23,2.28,397,1417
2025-01-28,MSFT,2025-03-01,C,247.4,247.4,0.260054,0.5,2.54,2.6,365,923
2025-01-28,MSFT,2025-03-01,P,247.4,247.4,0.260054,-0.5,2.55,2.6,332,1880
2025-01-28,MSFT,2025-03-01,P,232.56,247.4,0.292374,-0.25,2.87,2.92,495,4354
2025-01-28,MSFT,2025-03-01,P,217.71,247.4,0.305302,-0.1,2.99,3.05,224,59
2025-01-28,MSFT,2025-03-29,C,277.09,247.4,0.229237,0.1,2.24,2.29,488,4141
2025-01-28,MSFT,2025-03-29,C,262.24,247.4,0.238933,0.25,2.34,2.38,264,2672
2025-01-28,MSFT,2025-03-29,C,247.4,247.4,0.271254,0.5,2.66,2.71,406,2069
2025-01-28,MSFT,2025-03-29,P,247.4,247.4,0.271254,-0.5,2.66,2.71,472,1964
2025-01-28,MSFT,2025-03-29,P,232.56,247.4,0.303574,-0.25,2.98,3.03,10,2686
2025-01-28,MSFT,2025-03-29,P,217.71,247.4,0.316502,-0.1,3.1,3.16,31,3636
2025-01-29,MSFT,2025-02-23,C,276.97,247.3,0.189553,0.1,1.85,1.9,329,1955
2025-01-29,MSFT,2025-02-23,C,262.14,247.3,0.199219,0.25,1.94,2.0,109,946
2025-01-29,MSFT,2025-02-23,C,247.3,247.3,0.231439,0.5,2.26,2.32,305,2906
2025-01-29,MSFT,2025-02-23,P,247.3,247.3,0.231439,-0.5,2.26,2.32,305,2588
2025-01-29,MSFT,2025-02-23,P,232.46,247.3,0.263659,-0.25,2.58,2.63,439,3341
2025-01-29,MSFT,2025-02-23,P,217.62,247.3,0.276547,-0.1,2.71,2.76,115,1078
2025-01-29,MSFT,2025-03-02,C,276.97,247.3,0.192353,0.1,1.88,1.93,27,1779
2025-01-29,MSFT,2025-03-02,C,262.14,247.3,0.202019,0.25,1.97,2.02,434,2743
2025-01-29,MSFT,2025-03-02,C,247.3,247.3,0.234239,0.5,2.3,2.34,46,3676
2025-01-29,MSFT,2025-03-02,P,247.3,247.3,0.234239,-0.5,2.29,2.34,362,2761
2025-01-29,MSFT,2025-03-02,P,232.46,247.3,0.266459,-0.25,2.61,2.66,228,3267
2025-01-29,MSFT,2025-03-02,P,217.62,247.3,0.279347,-0.1,2.74,2.79,456,1041
2025-01-29,MSFT,2025-03-30,C,276.97,247.3,0.203553,0.1,1.99,2.03,189,3349
2025-01-29,MSFT,2025-03-30,C,262.14,247.3,0.213219,0.25,2.09,2.13,192,581
2025-01-29,MSFT,2025-03-30,C,247.3,247.3,0.245439,0.5,2.41,2.45,167,1570
2025-01-29,MSFT,2025-03-30,P,247.3,247.3,0.245439,-0.5,2.4,2.46,40,794
2025-01-29,MSFT,2025-03-30,P,232.46,247.3,0.277659,-0.25,2.72,2.77,322,4604
2025-01-29,MSFT,2025-03-30,P,217.62,247.3,0.290547,-0.1,2.84,2.9,27,1151
2025-01-30,MSFT,2025-02-24,C,275.92,246.36,0.214401,0.1,2.09,2.13,125,3810
2025-01-30,MSFT,2025-02-24,C,261.14,246.36,0.224663,0.25,2.19,2.23,251,2039
2025-01-30,MSFT,2025-02-24,C,246.36,246.36,0.258869,0.5,2.53,2.57,467,3522
2025-01-30,MSFT,2025-02-24,P,246.36,246.36,0.258869,-0.5,2.53,2.57,173,2329
2025-01-30,MSFT,2025-02-24,P,231.58,246.36,0.293074,-0.25,2.86,2.92,87,243
2025-01-30,MSFT,2025-02-24,P,216.79,246.36,0.306756,-0.1,2.99,3.05,84,1812
2025-01-30,MSFT,2025-03-03,C,275.92,246.36,0.217201,0.1,2.12,2.16,430,1135
2025-01-30,MSFT,2025-03-03,C,261.14,246.36,0.227463,0.25,2.22,2.26,334,999
2025-01-30,MSFT,2025-03-03,C,246.36,246.36,0.261669,0.5,2.55,2.6,432,3168
2025-01-30,MSFT,2025-03-03,P,246.36,246.36,0.261669,-0.5,2.55,2.6,70,2140
2025-01-30,MSFT,2025-03-03,P,231.58,246.36,0.295874,-0.25,2.89,2.94,352,1512
2025-01-30,MSFT,2025-03-03,P,216.79,246.36,0.309556,-0.1,3.02,3.08,327,4465
2025-01-30,MSFT,2025-03-31,C,275.92,246.36,0.228401,0.1,2.23,2.27,111,3103
2025-01-30,MSFT,2025-03-31,C,261.14,246.36,0.238663,0.25,2.32,2.38,305,2653
2025-01-30,MSFT,2025-03-31,C,246.36,246.36,0.272869,0.5,2.66,2.72,14,1557
2025-01-30,MSFT,2025-03-31,P,246.36,246.36,0.272869,-0.5,2.66,2.71,148,1562
2025-01-30,MSFT,2025-03-31,P,231.58,246.36,0.307074,-0.25,3.01,3.05,225,4986
2025-01-30,MSFT,2025-03-31,P,216.79,246.36,0.320756,-0.1,3.14,3.18,132,4865
2025-01-31,MSFT,2025-02-25,C,275.93,246.37,0.221585,0.1,2.15,2.21,99,4836
2025-01-31,MSFT,2025-02-25,C,261.15,246.37,0.231266,0.25,2.25,2.3,434,4998
2025-01-31,MSFT,2025-02-25,C,246.37,246.37,0.263536,0.5,2.57,2.62,295,2623
2025-01-31,MSFT,2025-02-25,P,246.37,246.37,0.263536,-0.5,2.57,2.62,134,979
2025-01-31,MSFT,2025-02-25,P,231.59,246.37,0.295806,-0.25,2.89,2.94,466,1291
2025-01-31,MSFT,2025-02-25,P,216.81,246.37,0.308713,-0.1,3.02,3.07,170,1147
2025-01-31,MSFT,2025-03-04,C,275.93,246.37,0.224385,0.1,2.19,2.24,225,3293
2025-01-31,MSFT,2025-03-04,C,261.15,246.37,0.234066,0.25,2.28,2.33,234,4469
2025-01-31,MSFT,2025-03-04,C,246.37,246.37,0.266336,0.5,2.6,2.65,46,4454
2025-01-31,MSFT,2025-03-04,P,246.37,246.37,0.266336,-0.5,2.6,2.65,329,1036
2025-01-31,MSFT,2025-03-04,P,231.59,246.37,0.298606,-0.25,2.91,2.97,445,882
2025-01-31,MSFT,2025-03-04,P,216.81,246.37,0.311513,-0.1,3.05,3.09,283,1594
2025-01-31,MSFT,2025-04-01,C,275.93,246.37,0.235585,0.1,2.3,2.35,249,3410
2025-01-31,MSFT,2025-04-01,C,261.15,246.37,0.245266,0.25,2.4,2.44,298,3892
2025-01-31,MSFT,2025-04-01,C,246.37,246.37,0.277536,0.5,2.71,2.76,4,1489
2025-01-31,MSFT,2025-04-01,P,246.37,246.37,0.277536,-0.5,2.71,2.76,478,1668
2025-01-31,MSFT,2025-04-01,P,231.59,246.37,0.309806,-0.25,3.03,3.08,307,214
2025-01-31,MSFT,2025-04-01,P,216.81,246.37,0.322713,-0.1,3.16,3.2,435,121
2025-02-03,MSFT,2025-02-28,C,276.01,246.44,0.225085,0.1,2.19,2.25,110,3301
2025-02-03,MSFT,2025-02-28,C,261.23,246.44,0.233721,0.25,2.28,2.33,53,4541
2025-02-03,MSFT,2025-02-28,C,246.44,246.44,0.262508,0.5,2.57,2.61,492,341
2025-02-03,MSFT,2025-02-28,P,246.44,246.44,0.262508,-0.5,2.56,2.61,344,1309
2025-02-03,MSFT,2025-02-28,P,231.65,246.44,0.291294,-0.25,2.85,2.9,209,2286
2025-02-03,MSFT,2025-02-28,P,216.87,246.44,0.302809,-0.1,2.96,3.01,70,2436
2025-02-03,MSFT,2025-03-07,C,276.01,246.44,0.227885,0.1,2.22,2.27,492,574
2025-02-03,MSFT,2025-03-07,C,261.23,246.44,0.236521,0.25,2.3,2.36,12,3509
2025-02-03,MSFT,2025-03-07,C,246.44,246.44,0.265308,0.5,2.59,2.64,430,587
2025-02-03,MSFT,2025-03-07,P,246.44,246.44,0.265308,-0.5,2.59,2.64,71,318
2025-02-03,MSFT,2025-03-07,P,231.65,246.44,0.294094,-0.25,2.88,2.92,379,793
2025-02-03,MSFT,2025-03-07,P,216.87,246.44,0.305609,-0.1,2.98,3.04,315,4142
2025-02-03,MSFT,2025-04-04,C,276.01,246.44,0.239085,0.1,2.33,2.38,111,3077
2025-02-03,MSFT,2025-04-04,C,261.23,246.44,0.247721,0.25,2.41,2.47,135,3695
2025-02-03,MSFT,2025-04-04,C,246.44,246.44,0.276508,0.5,2.7,2.75,369,3664
2025-02-03,MSFT,2025-04-04,P,246.44,246.44,0.276508,-0.5,2.7,2.75,67,4022
2025-02-03,MSFT,2025-04-04,P,231.65,246.44,0.305294,-0.25,2.98,3.04,170,1073
2025-02-03,MSFT,2025-04-04,P,216.87,246.44,0.316809,-0.1,3.1,3.14,220,2101
2025-02-04,MSFT,2025-03-01,C,274.8,245.36,0.241204,0.1,2.35,2.39,428,128
2025-02-04,MSFT,2025-03-01,C,260.08,245.36,0.250247,0.25,2.43,2.48,204,4850
2025-02-04,MSFT,2025-03-01,C,245.36,245.36,0.280391,0.5,2.73,2.78,418,1212
2025-02-04,MSFT,2025-03-01,P,245.36,245.36,0.280391,-0.5,2.73,2.78,157,1513
2025-02-04,MSFT,2025-03-01,P,230.64,245.36,0.310534,-0.25,3.02,3.07,289,3175
2025-02-04,MSFT,2025-03-01,P,215.92,245.36,0.322592,-0.1,3.15,3.19,438,2561
2025-02-04,MSFT,2025-03-08,C,274.8,245.36,0.244004,0.1,2.37,2.42,380,3390
2025-02-04,MSFT,2025-03-08,C,260.08,245.36,0.253047,0.25,2.45,2.51,325,4538
2025-02-04,MSFT,2025-03-08,C,245.36,245.36,0.283191,0.5,2.76,2.8,498,3715
2025-02-04,MSFT,2025-03-08,P,245.36,245.36,0.283191,-0.5,2.75,2.81,215,4323
2025-02-04,MSFT,2025-03-08,P,230.64,245.36,0.313334,-0.25,3.05,3.1,174,2259
2025-02-04,MSFT,2025-03-08,P,215.92,245.36,0.325392,-0.1,3.17,3.22,353,131
2025-02-04,MSFT,2025-04-05,C,274.8,245.36,0.255204,0.1,2.48,2.53,133,2163
2025-02-04,MSFT,2025-04-05,C,260.08,245.36,0.264247,0.25,2.57,2.62,482,4237
2025-02-04,MSFT,2025-04-05,C,245.36,245.36,0.294391,0.5,2.86,2.91,172,4973
2025-02-04,MSFT,2025-04-05,P,245.36,245.36,0.294391,-0.5,2.86,2.92,92,4347
2025-02-04,MSFT,2025-04-05,P,230.64,245.36,0.324534,-0.25,3.16,3.21,412,538
2025-02-04,MSFT,2025-04-05,P,215.92,245.36,0.336592,-0.1,3.28,3.32,321,4576
2025-02-05,MSFT,2025-03-02,C,275.16,245.68,0.216502,0.1,2.1,2.15,52,3053
2025-02-05,MSFT,2025-03-02,C,260.42,245.68,0.225147,0.25,2.19,2.23,2,1134
2025-02-05,MSFT,2025-03-02,C,245.68,245.68,0.253963,0.5,2.47,2.52,54,1810
2025-02-05,MSFT,2025-03-02,P,245.68,245.68,0.253963,-0.5,2.47,2.52,235,384
2025-02-05,MSFT,2025-03-02,P,230.94,245.68,0.282779,-0.25,2.75,2.8,296,879
2025-02-05,MSFT,2025-03-02,P,216.2,245.68,0.294305,-0.1,2.87,2.92,236,589
2025-02-05,MSFT,2025-03-09,C,275.16,245.68,0.219302,0.1,2.13,2.18,463,4021
2025-02-05,MSFT,2025-03-09,C,260.42,245.68,0.227947,0.25,2.22,2.26,68,3687
2025-02-05,MSFT,2025-03-09,C,245.68,245.68,0.256763,0.5,2.5,2.55,320,1182
2025-02-05,MSFT,2025-03-09,P,245.68,245.68,0.256763,-0.5,2.5,2.55,48,4405
2025-02-05,MSFT,2025-03-09,P,230.94,245.68,0.285579,-0.25,2.78,2.83,453,1226
2025-02-05,MSFT,2025-03-09,P,216.2,245.68,0.297105,-0.1,2.89,2.95,300,1934
2025-02-05,MSFT,2025-04-06,C,275.16,245.68,0.230502,0.1,2.24,2.29,61,4952
2025-02-05,MSFT,2025-04-06,C,260.42,245.68,0.239147,0.25,2.32,2.38,212,2264
2025-02-05,MSFT,2025-04-06,C,245.68,245.68,0.267963,0.5,2.61,2.66,16,4866
2025-02-05,MSFT,2025-04-06,P,245.68,245.68,0.267963,-0.5,2.61,2.66,108,898
2025-02-05,MSFT,2025-04-06,P,230.94,245.68,0.296779,-0.25,2.89,2.95,239,4804
2025-02-05,MSFT,2025-04-06,P,216.2,245.68,0.308305,-0.1,3.01,3.05,450,1747
2025-02-06,MSFT,2025-03-03,C,275.51,245.99,0.241542,0.1,2.35,2.41,82,2497
2025-02-06,MSFT,2025-03-03,C,260.75,245.99,0.248867,0.25,2.43,2.47,433,1513
2025-02-06,MSFT,2025-03-03,C,245.99,245.99,0.273286,0.5,2.67,2.71,338,598
2025-02-06,MSFT,2025-03-03,P,245.99,245.99,0.273286,-0.5,2.66,2.72,104,533
2025-02-06,MSFT,2025-03-03,P,231.23,245.99,0.297704,-0.25,2.91,2.95,17,4176
2025-02-06,MSFT,2025-03-03,P,216.48,245.99,0.307471,-0.1,3.0,3.05,101,1480
2025-02-06,MSFT,2025-03-10,C,275.51,245.99,0.244342,0.1,2.37,2.43,468,641
2025-02-06,MSFT,2025-03-10,C,260.75,245.99,0.251667,0.25,2.45,2.51,208,319
2025-02-06,MSFT,2025-03-10,C,245.99,245.99,0.276086,0.5,2.69,2.74,279,3162
2025-02-06,MSFT,2025-03-10,P,245.99,245.99,0.276086,-0.5,2.69,2.74,131,2677
2025-02-06,MSFT,2025-03-10,P,231.23,245.99,0.300504,-0.25,2.93,2.98,407,2849
2025-02-06,MSFT,2025-03-10,P,216.48,245.99,0.310271,-0.1,3.03,3.07,36,3982
2025-02-06,MSFT,2025-04-07,C,275.51,245.99,0.255542,0.1,2.49,2.54,20,2414
2025-02-06,MSFT,2025-04-07,C,260.75,245.99,0.262867,0.25,2.57,2.61,72,2503
2025-02-06,MSFT,2025-04-07,C,245.99,245.99,0.287286,0.5,2.8,2.85,347,1335
2025-02-06,MSFT,2025-04-07,P,245.99,245.99,0.287286,-0.5,2.8,2.85,99,393
2025-02-06,MSFT,2025-04-07,P,231.23,245.99,0.311704,-0.25,3.05,3.09,61,3690
2025-02-06,MSFT,2025-04-07,P,216.48,245.99,0.321471,-0.1,3.14,3.18,425,1235
2025-02-07,MSFT,2025-03-04,C,275.29,245.8,0.225475,0.1,2.19,2.24,351,266
2025-02-07,MSFT,2025-03-04,C,260.54,245.8,0.232342,0.25,2.26,2.31,127,2236
2025-02-07,MSFT,2025-03-04,C,245.8,245.8,0.255233,0.5,2.48,2.54,27,2274
2025-02-07,MSFT,2025-03-04,P,245.8,245.8,0.255233,-0.5,2.48,2.54,260,3782
2025-02-07,MSFT,2025-03-04,P,231.05,245.8,0.278123,-0.25,2.7,2.76,196,1755
2025-02-07,MSFT,2025-03-04,P,216.3,245.8,0.28728,-0.1,2.8,2.85,407,1327
2025-02-07,MSFT,2025-03-11,C,275.29,245.8,0.228275,0.1,2.22,2.27,432,1977
2025-02-07,MSFT,2025-03-11,C,260.54,245.8,0.235142,0.25,2.28,2.34,65,1741
2025-02-07,MSFT,2025-03-11,C,245.8,245.8,0.258033,0.5,2.52,2.56,52,2617
2025-02-07,MSFT,2025-03-11,P,245.8,245.8,0.258033,-0.5,2.51,2.57,451,949
2025-02-07,MSFT,2025-03-11,P,231.05,245.8,0.280923,-0.25,2.73,2.79,260,4118
2025-02-07,MSFT,2025-03-11,P,216.3,245.8,0.29008,-0.1,2.83,2.88,127,3101
2025-02-07,MSFT,2025-04-08,C,275.29,245.8,0.239475,0.1,2.33,2.38,150,1319
2025-02-07,MSFT,2025-04-08,C,260.54,245.8,0.246342,0.25,2.4,2.45,229,485
2025-02-07,MSFT,2025-04-08,C,245.8,245.8,0.269233,0.5,2.62,2.67,459,4147
2025-02-07,MSFT,2025-04-08,P,245.8,245.8,0.269233,-0.5,2.62,2.67,327,2836
2025-02-07,MSFT,2025-04-08,P,231.05,245.8,0.292123,-0.25,2.85,2.89,13,646
2025-02-07,MSFT,2025-04-08,P,216.3,245.8,0.30128,-0.1,2.94,2.99,74,679
2025-02-10,MSFT,2025-03-07,C,278.54,248.7,0.239074,0.1,2.36,2.4,142,4094
2025-02-10,MSFT,2025-03-07,C,263.62,248.7,0.245754,0.25,2.42,2.47,386,1850
2025-02-10,MSFT,2025-03-07,C,248.7,248.7,0.268019,0.5,2.64,2.69,164,2556
2025-02-10,MSFT,2025-03-07,P,248.7,248.7,0.268019,-0.5,2.64,2.69,65,4253
2025-02-10,MSFT,2025-03-07,P,233.78,248.7,0.290285,-0.25,2.86,2.91,295,522
2025-02-10,MSFT,2025-03-07,P,218.86,248.7,0.299191,-0.1,2.95,3.0,484,2874
2025-02-10,MSFT,2025-03-14,C,278.54,248.7,0.241874,0.1,2.38,2.43,430,4179
2025-02-10,MSFT,2025-03-14,C,263.62,248.7,0.248554,0.25,2.45,2.5,273,1126
2025-02-10,MSFT,2025-03-14,C,248.7,248.7,0.270819,0.5,2.67,2.72,417,513
2025-02-10,MSFT,2025-03-14,P,248.7,248.7,0.270819,-0.5,2.67,2.72,252,538
2025-02-10,MSFT,2025-03-14,P,233.78,248.7,0.293085,-0.25,2.89,2.94,431,2988
2025-02-10,MSFT,2025-03-14,P,218.86,248.7,0.301991,-0.1,2.98,3.03,230,382
2025-02-10,MSFT,2025-04-11,C,278.54,248.7,0.253074,0.1,2.5,2.54,493,4548
2025-02-10,MSFT,2025-04-11,C,263.62,248.7,0.259754,0.25,2.56,2.61,4,2293
2025-02-10,MSFT,2025-04-11,C,248.7,248.7,0.282019,0.5,2.78,2.83,36,4513
2025-02-10,MSFT,2025-04-11,P,248.7,248.7,0.282019,-0.5,2.78,2.83,442,4508
2025-02-10,MSFT,2025-04-11,P,233.78,248.7,0.304285,-0.25,3.01,3.05,426,4888
2025-02-10,MSFT,2025-04-11,P,218.86,248.7,0.313191,-0.1,3.09,3.14,77,1338
2025-02-11,MSFT,2025-03-08,C,278.36,248.53,0.251758,0.1,2.47,2.53,72,4921
2025-02-11,MSFT,2025-03-08,C,263.44,248.53,0.257714,0.25,2.54,2.58,56,1634
2025-02-11,MSFT,2025-03-08,C,248.53,248.53,0.277569,0.5,2.74,2.78,462,782
2025-02-11,MSFT,2025-03-08,P,248.53,248.53,0.277569,-0.5,2.73,2.79,29,312
2025-02-11,MSFT,2025-03-08,P,233.62,248.53,0.297424,-0.25,2.93,2.99,419,4637
2025-02-11,MSFT,2025-03-08,P,218.71,248.53,0.305366,-0.1,3.01,3.06,201,2652
2025-02-11,MSFT,2025-03-15,C,278.36,248.53,0.254558,0.1,2.5,2.56,301,4264
2025-02-11,MSFT,2025-03-15,C,263.44,248.53,0.260514,0.25,2.56,2.62,53,122
2025-02-11,MSFT,2025-03-15,C,248.53,248.53,0.280369,0.5,2.77,2.81,138,3972
2025-02-11,MSFT,2025-03-15,P,248.53,248.53,0.280369,-0.5,2.76,2.81,145,3345
2025-02-11,MSFT,2025-03-15,P,233.62,248.53,0.300224,-0.25,2.96,3.01,180,2116
2025-02-11,MSFT,2025-03-15,P,218.71,248.53,0.308166,-0.1,3.04,3.08,134,1939
2025-02-11,MSFT,2025-04-12,C,278.36,248.53,0.265758,0.1,2.61,2.67,57,1662
2025-02-11,MSFT,2025-04-12,C,263.44,248.53,0.271714,0.25,2.68,2.72,188,4796
2025-02-11,MSFT,2025-04-12,C,248.53,248.53,0.291569,0.5,2.87,2.93,196,2708
2025-02-11,MSFT,2025-04-12,P,248.53,248.53,0.291569,-0.5,2.87,2.93,414,2061
2025-02-11,MSFT,2025-04-12,P,233.62,248.53,0.311424,-0.25,3.07,3.13,497,4289
2025-02-11,MSFT,2025-04-12,P,218.71,248.53,0.319366,-0.1,3.15,3.2,88,1861
2025-02-12,MSFT,2025-03-09,C,277.98,248.2,0.228268,0.1,2.24,2.29,112,3200
2025-02-12,MSFT,2025-03-09,C,263.09,248.2,0.233298,0.25,2.29,2.34,473,4829
2025-02-12,MSFT,2025-03-09,C,248.2,248.2,0.250064,0.5,2.46,2.51,109,3920
2025-02-12,MSFT,2025-03-09,P,248.2,248.2,0.250064,-0.5,2.46,2.51,101,2595
2025-02-12,MSFT,2025-03-09,P,233.3,248.2,0.26683,-0.25,2.63,2.67,295,3290
2025-02-12,MSFT,2025-03-09,P,218.41,248.2,0.273536,-0.1,2.69,2.74,448,633
2025-02-12,MSFT,2025-03-16,C,277.98,248.2,0.231068,0.1,2.27,2.32,411,2340
2025-02-12,MSFT,2025-03-16,C,263.09,248.2,0.236098,0.25,2.32,2.37,220,4121
2025-02-12,MSFT,2025-03-16,C,248.2,248.2,0.252864,0.5,2.49,2.53,278,3113
2025-02-12,MSFT,2025-03-16,P,248.2,248.2,0.252864,-0.5,2.48,2.54,93,273
2025-02-12,MSFT,2025-03-16,P,233.3,248.2,0.26963,-0.25,2.65,2.7,101,1121
2025-02-12,MSFT,2025-03-16,P,218.41,248.2,0.276336,-0.1,2.72,2.77,390,3278
2025-02-12,MSFT,2025-04-13,C,277.98,248.2,0.242268,0.1,2.39,2.43,336,4845
2025-02-12,MSFT,2025-04-13,C,263.09,248.2,0.247298,0.25,2.43,2.48,300,1501
2025-02-12,MSFT,2025-04-13,C,248.2,248.2,0.264064,0.5,2.59,2.65,112,2438
2025-02-12,MSFT,2025-04-13,P,248.2,248.2,0.264064,-0.5,2.6,2.65,147,3482
2025-02-12,MSFT,2025-04-13,P,233.3,248.2,0.28083,-0.25,2.76,2.82,91,657
2025-02-12,MSFT,2025-04-13,P,218.41,248.2,0.287536,-0.1,2.83,2.88,200,4968
2025-02-13,MSFT,2025-03-10,C,277.41,247.69,0.232706,0.1,2.28,2.33,166,3059
2025-02-13,MSFT,2025-03-10,C,262.55,247.69,0.237974,0.25,2.33,2.38,480,3931
2025-02-13,MSFT,2025-03-10,C,247.69,247.69,0.255536,0.5,2.5,2.56,481,243
2025-02-13,MSFT,2025-03-10,P,247.69,247.69,0.255536,-0.5,2.51,2.56,439,3586
2025-02-13,MSFT,2025-03-10,P,232.83,247.69,0.273099,-0.25,2.68,2.73,49,4465
2025-02-13,MSFT,2025-03-10,P,217.97,247.69,0.280124,-0.1,2.75,2.8,490,830
2025-02-13,MSFT,2025-03-17,C,277.41,247.69,0.235506,0.1,2.3,2.36,142,4715
2025-02-13,MSFT,2025-03-17,C,262.55,247.69,0.240774,0.25,2.36,2.41,229,3760
2025-02-13,MSFT,2025-03-17,C,247.69,247.69,0.258336,0.5,2.54,2.58,23,43
2025-02-13,MSFT,2025-03-17,P,247.69,247.69,0.258336,-0.5,2.54,2.58,151,4276
2025-02-13,MSFT,2025-03-17,P,232.83,247.69,0.275899,-0.25,2.71,2.75,42,662
2025-02-13,MSFT,2025-03-17,P,217.97,247.69,0.282924,-0.1,2.78,2.83,25,2037
2025-02-13,MSFT,2025-04-14,C,277.41,247.69,0.246706,0.1,2.42,2.47,30,1157
2025-02-13,MSFT,2025-04-14,C,262.55,247.69,0.251974,0.25,2.47,2.52,458,3120
2025-02-13,MSFT,2025-04-14,C,247.69,247.69,0.269536,0.5,2.64,2.7,438,497
2025-02-13,MSFT,2025-04-14,P,247.69,247.69,0.269536,-0.5,2.65,2.7,271,3987
2025-02-13,MSFT,2025-04-14,P,232.83,247.69,0.287099,-0.25,2.82,2.87,10,854
2025-02-13,MSFT,2025-04-14,P,217.97,247.69,0.294124,-0.1,2.89,2.94,389,1673
2025-02-14,MSFT,2025-03-11,C,276.11,246.52,0.245373,0.1,2.39,2.45,158,2420
2025-02-14,MSFT,2025-03-11,C,261.32,246.52,0.251516,0.25,2.45,2.51,200,614
2025-02-14,MSFT,2025-03-11,C,246.52,246.52,0.271991,0.5,2.66,2.71,29,2781
2025-02-14,MSFT,2025-03-11,P,246.52,246.52,0.271991,-0.5,2.65,2.71,98,2067
2025-02-14,MSFT,2025-03-11,P,231.73,246.52,0.292466,-0.25,2.86,2.91,280,1527
2025-02-14,MSFT,2025-03-11,P,216.94,246.52,0.300656,-0.1,2.94,2.99,262,4635
2025-02-14,MSFT,2025-03-18,C,276.11,246.52,0.248173,0.1,2.42,2.47,22,3558
2025-02-14,MSFT,2025-03-18,C,261.32,246.52,0.254316,0.25,2.48,2.54,167,4627
2025-02-14,MSFT,2025-03-18,C,246.52,246.52,0.274791,0.5,2.69,2.73,81,987
2025-02-14,MSFT,2025-03-18,P,246.52,246.52,0.274791,-0.5,2.68,2.74,434,4977
2025-02-14,MSFT,2025-03-18,P,231.73,246.52,0.295266,-0.25,2.89,2.94,307,1661
2025-02-14,MSFT,2025-03-18,P,216.94,246.52,0.303456,-0.1,2.97,3.02,413,331
2025-02-14,MSFT,2025-04-15,C,276.11,246.52,0.259373,0.1,2.54,2.58,105,753
2025-02-14,MSFT,2025-04-15,C,261.32,246.52,0.265516,0.25,2.6,2.64,174,3613
2025-02-14,MSFT,2025-04-15,C,246.52,246.52,0.285991,0.5,2.8,2.84,486,850
2025-02-14,MSFT,2025-04-15,P,246.52,246.52,0.285991,-0.5,2.8,2.85,362,1623
2025-02-14,MSFT,2025-04-15,P,231.73,246.52,0.306466,-0.25,3.0,3.05,64,1584
2025-02-14,MSFT,2025-04-15,P,216.94,246.52,0.314656,-0.1,3.08,3.12,286,3444
2025-02-17,MSFT,2025-03-14,C,277.03,247.35,0.198686,0.1,1.94,1.99,489,959
2025-02-17,MSFT,2025-03-14,C,262.19,247.35,0.204836,0.25,2.0,2.05,166,809
2025-02-17,MSFT,2025-03-14,C,247.35,247.35,0.225335,0.5,2.21,2.25,263,1223
2025-02-17,MSFT,2025-03-14,P,247.35,247.35,0.225335,-0.5,2.21,2.25,27,4354
2025-02-17,MSFT,2025-03-14,P,232.51,247.35,0.245834,-0.25,2.41,2.46,290,485
2025-02-17,MSFT,2025-03-14,P,217.67,247.35,0.254034,-0.1,2.49,2.54,395,625
2025-02-17,MSFT,2025-03-21,C,277.03,247.35,0.201486,0.1,1.97,2.02,185,317
2025-02-17,MSFT,2025-03-21,C,262.19,247.35,0.207636,0.25,2.03,2.08,475,4719
2025-02-17,MSFT,2025-03-21,C,247.35,247.35,0.228135,0.5,2.24,2.28,374,1014
2025-02-17,MSFT,2025-03-21,P,247.35,247.35,0.228135,-0.5,2.23,2.28,177,4899
2025-02-17,MSFT,2025-03-21,P,232.51,247.35,0.248634,-0.25,2.44,2.48,95,3246
2025-02-17,MSFT,2025-03-21,P,217.67,247.35,0.256834,-0.1,2.52,2.56,60,3210
2025-02-17,MSFT,2025-04-18,C,277.03,247.35,0.212686,0.1,2.08,2.13,109,3070
2025-02-17,MSFT,2025-04-18,C,262.19,247.35,0.218836,0.25,2.14,2.19,319,2629
2025-02-17,MSFT,2025-04-18,C,247.35,247.35,0.239335,0.5,2.35,2.39,100,3411
2025-02-17,MSFT,2025-04-18,P,247.35,247.35,0.239335,-0.5,2.34,2.4,50,4242
2025-02-17,MSFT,2025-04-18,P,232.51,247.35,0.259834,-0.25,2.54,2.6,436,2302
2025-02-17,MSFT,2025-04-18,P,217.67,247.35,0.268034,-0.1,2.63,2.68,387,101
2025-02-18,MSFT,2025-03-15,C,276.11,246.52,0.229094,0.1,2.23,2.29,156,2112
2025-02-18,MSFT,2025-03-15,C,261.32,246.52,0.23487,0.25,2.29,2.34,314,3792
2025-02-18,MSFT,2025-03-15,C,246.52,246.52,0.254124,0.5,2.48,2.53,46,4041
2025-02-18,MSFT,2025-03-15,P,246.52,246.52,0.254124,-0.5,2.48,2.53,188,1862
2025-02-18,MSFT,2025-03-15,P,231.73,246.52,0.273378,-0.25,2.67,2.73,14,3174
2025-02-18,MSFT,2025-03-15,P,216.94,246.52,0.28108,-0.1,2.75,2.8,319,2995
2025-02-18,MSFT,2025-03-22,C,276.11,246.52,0.231894,0.1,2.26,2.31,451,3568
2025-02-18,MSFT,2025-03-22,C,261.32,246.52,0.23767,0.25,2.32,2.37,386,4378
2025-02-18,MSFT,2025-03-22,C,246.52,246.52,0.256924,0.5,2.5,2.56,343,2216
2025-02-18,MSFT,2025-03-22,P,246.52,246.52,0.256924,-0.5,2.51,2.56,349,2887
2025-02-18,MSFT,2025-03-22,P,231.73,246.52,0.276178,-0.25,2.7,2.75,263,2621
2025-02-18,MSFT,2025-03-22,P,216.94,246.52,0.28388,-0.1,2.77,2.83,392,474
2025-02-18,MSFT,2025-04-19,C,276.11,246.52,0.243094,0.1,2.37,2.42,83,4330
2025-02-18,MSFT,2025-04-19,C,261.32,246.52,0.24887,0.25,2.42,2.48,197,2135
2025-02-18,MSFT,2025-04-19,C,246.52,246.52,0.268124,0.5,2.62,2.67,28,2107
2025-02-18,MSFT,2025-04-19,P,246.52,246.52,0.268124,-0.5,2.62,2.67,106,2602
2025-02-18,MSFT,2025-04-19,P,231.73,246.52,0.287378,-0.25,2.81,2.86,200,1570
2025-02-18,MSFT,2025-04-19,P,216.94,246.52,0.29508,-0.1,2.88,2.94,187,3112
2025-02-19,MSFT,2025-03-16,C,275.34,245.84,0.237107,0.1,2.31,2.36,436,1688
2025-02-19,MSFT,2025-03-16,C,260.59,245.84,0.243361,0.25,2.37,2.42,451,4756
2025-02-19,MSFT,2025-03-16,C,245.84,245.84,0.264208,0.5,2.57,2.62,159,3034
2025-02-19,MSFT,2025-03-16,P,245.84,245.84,0.264208,-0.5,2.57,2.62,369,4382
2025-02-19,MSFT,2025-03-16,P,231.09,245.84,0.285056,-0.25,2.78,2.83,125,2176
2025-02-19,MSFT,2025-03-16,P,216.34,245.84,0.293395,-0.1,2.86,2.91,151,813
2025-02-19,MSFT,2025-03-23,C,275.34,245.84,0.239907,0.1,2.33,2.39,116,2005
2025-02-19,MSFT,2025-03-23,C,260.59,245.84,0.246161,0.25,2.39,2.45,256,3609
2025-02-19,MSFT,2025-03-23,C,245.84,245.84,0.267008,0.5,2.61,2.65,132,4198
2025-02-19,MSFT,2025-03-23,P,245.84,245.84,0.267008,-0.5,2.6,2.65,381,2809
2025-02-19,MSFT,2025-03-23,P,231.09,245.84,0.287856,-0.25,2.81,2.85,125,755
2025-02-19,MSFT,2025-03-23,P,216.34,245.84,0.296195,-0.1,2.89,2.94,464,2205
2025-02-19,MSFT,2025-04-20,C,275.34,245.84,0.251107,0.1,2.44,2.5,339,1319
2025-02-19,MSFT,2025-04-20,C,260.59,245.84,0.257361,0.25,2.5,2.56,144,1251
2025-02-19,MSFT,2025-04-20,C,245.84,245.84,0.278208,0.5,2.71,2.76,127,251
2025-02-19,MSFT,2025-04-20,P,245.84,245.84,0.278208,-0.5,2.71,2.76,316,871
2025-02-19,MSFT,2025-04-20,P,231.09,245.84,0.299056,-0.25,2.91,2.97,62,1590
2025-02-19,MSFT,2025-04-20,P,216.34,245.84,0.307395,-0.1,3.0,3.05,177,581
2025-02-20,MSFT,2025-03-17,C,274.62,245.2,0.215357,0.1,2.09,2.14,203,120
2025-02-20,MSFT,2025-03-17,C,259.91,245.2,0.222324,0.25,2.16,2.2,231,1548
2025-02-20,MSFT,2025-03-17,C,245.2,245.2,0.245547,0.5,2.38,2.43,185,4813
2025-02-20,MSFT,2025-03-17,P,245.2,245.2,0.245547,-0.5,2.39,2.43,352,3518
2025-02-20,MSFT,2025-03-17,P,230.48,245.2,0.26877,-0.25,2.61,2.66,181,3350
2025-02-20,MSFT,2025-03-17,P,215.77,245.2,0.27806,-0.1,2.7,2.75,397,4834
2025-02-20,MSFT,2025-03-24,C,274.62,245.2,0.218157,0.1,2.11,2.16,246,4193
2025-02-20,MSFT,2025-03-24,C,259.91,245.2,0.225124,0.25,2.19,2.23,5,4033
2025-02-20,MSFT,2025-03-24,C,245.2,245.2,0.248347,0.5,2.41,2.47,19,4551
2025-02-20,MSFT,2025-03-24,P,245.2,245.2,0.248347,-0.5,2.41,2.46,18,4232
2025-02-20,MSFT,2025-03-24,P,230.48,245.2,0.27157,-0.25,2.64,2.68,395,3391
2025-02-20,MSFT,2025-03-24,P,215.77,245.2,0.28086,-0.1,2.73,2.78,333,3296
2025-02-20,MSFT,2025-04-21,C,274.62,245.2,0.229357,0.1,2.23,2.27,40,55
2025-02-20,MSFT,2025-04-21,C,259.91,245.2,0.236324,0.25,2.3,2.34,463,221
2025-02-20,MSFT,2025-04-21,C,245.2,245.2,0.259547,0.5,2.52,2.57,403,4201
2025-02-20,MSFT,2025-04-21,P,245.2,245.2,0.259547,-0.5,2.52,2.57,167,3946
2025-02-20,MSFT,2025-04-21,P,230.48,245.2,0.28277,-0.25,2.75,2.8,364,1865
2025-02-20,MSFT,2025-04-21,P,215.77,245.2,0.29206,-0.1,2.84,2.89,65,2547
2025-02-21,MSFT,2025-03-18,C,273.3,244.01,0.209331,0.1,2.02,2.07,24,3603
2025-02-21,MSFT,2025-03-18,C,258.66,244.01,0.216233,0.25,2.08,2.14,254,3732
2025-02-21,MSFT,2025-03-18,C,244.01,244.01,0.239239,0.5,2.31,2.36,194,3809
2025-02-21,MSFT,2025-03-18,P,244.01,244.01,0.239239,-0.5,2.31,2.36,176,4385
2025-02-21,MSFT,2025-03-18,P,229.37,244.01,0.262244,-0.25,2.54,2.58,415,2465
2025-02-21,MSFT,2025-03-18,P,214.73,244.01,0.271447,-0.1,2.62,2.67,301,1351
2025-02-21,MSFT,2025-03-25,C,273.3,244.01,0.212131,0.1,2.05,2.09,262,936
2025-02-21,MSFT,2025-03-25,C,258.66,244.01,0.219033,0.25,2.11,2.16,70,4566
2025-02-21,MSFT,2025-03-25,C,244.01,244.01,0.242039,0.5,2.34,2.39,145,2545
2025-02-21,MSFT,2025-03-25,P,244.01,244.01,0.242039,-0.5,2.33,2.39,51,2267
2025-02-21,MSFT,2025-03-25,P,229.37,244.01,0.265044,-0.25,2.56,2.62,72,2237
2025-02-21,MSFT,2025-03-25,P,214.73,244.01,0.274247,-0.1,2.65,2.7,93,794
2025-02-21,MSFT,2025-04-22,C,273.3,244.01,0.223331,0.1,2.16,2.2,178,3061
2025-02-21,MSFT,2025-04-22,C,258.66,244.01,0.230233,0.25,2.22,2.28,344,685
2025-02-21,MSFT,2025-04-22,C,244.01,244.01,0.253239,0.5,2.44,2.5,101,1800
2025-02-21,MSFT,2025-04-22,P,244.01,244.01,0.253239,-0.5,2.45,2.5,232,4473
2025-02-21,MSFT,2025-04-22,P,229.37,244.01,0.276244,-0.25,2.67,2.73,175,2629
2025-02-21,MSFT,2025-04-22,P,214.73,244.01,0.285447,-0.1,2.76,2.81,292,867
2025-02-24,MSFT,2025-03-21,C,270.94,241.91,0.22201,0.1,2.12,2.18,45,1629
2025-02-24,MSFT,2025-03-21,C,256.43,241.91,0.229478,0.25,2.19,2.25,421,984
2025-02-24,MSFT,2025-03-21,C,241.91,241.91,0.254372,0.5,2.44,2.49,345,1767
2025-02-24,MSFT,2025-03-21,P,241.91,241.91,0.254372,-0.5,2.44,2.49,6,2854
2025-02-24,MSFT,2025-03-21,P,227.4,241.91,0.279265,-0.25,2.67,2.73,255,4500
2025-02-24,MSFT,2025-03-21,P,212.88,241.91,0.289222,-0.1,2.77,2.83,450,777
2025-02-24,MSFT,2025-03-28,C,270.94,241.91,0.22481,0.1,2.15,2.2,278,4464
2025-02-24,MSFT,2025-03-28,C,256.43,241.91,0.232278,0.25,2.22,2.28,314,2400
2025-02-24,MSFT,2025-03-28,C,241.91,241.91,0.257172,0.5,2.47,2.51,145,3774
2025-02-24,MSFT,2025-03-28,P,241.91,241.91,0.257172,-0.5,2.46,2.51,233,1729
2025-02-24,MSFT,2025-03-28,P,227.4,241.91,0.282065,-0.25,2.71,2.75,236,2799
2025-02-24,MSFT,2025-03-28,P,212.88,241.91,0.292022,-0.1,2.8,2.85,37,3452
2025-02-24,MSFT,2025-04-25,C,270.94,241.91,0.23601,0.1,2.26,2.31,272,2549
2025-02-24,MSFT,2025-04-25,C,256.43,241.91,0.243478,0.25,2.34,2.38,47,4683
2025-02-24,MSFT,2025-04-25,C,241.91,241.91,0.268372,0.5,2.57,2.62,270,2252
2025-02-24,MSFT,2025-04-25,P,241.91,241.91,0.268372,-0.5,2.57,2.62,380,1831
2025-02-24,MSFT,2025-04-25,P,227.4,241.91,0.293265,-0.25,2.81,2.86,200,79
2025-02-24,MSFT,2025-04-25,P,212.88,241.91,0.303222,-0.1,2.91,2.96,184,521
2025-02-25,MSFT,2025-03-22,C,270.32,241.36,0.212811,0.1,2.03,2.08,275,1663
2025-02-25,MSFT,2025-03-22,C,255.84,241.36,0.221201,0.25,2.11,2.17,307,3779
2025-02-25,MSFT,2025-03-22,C,241.36,241.36,0.249169,0.5,2.38,2.43,222,2154
2025-02-25,MSFT,2025-03-22,P,241.36,241.36,0.249169,-0.5,2.38,2.44,388,3340
2025-02-25,MSFT,2025-03-22,P,226.88,241.36,0.277136,-0.25,2.65,2.7,477,1995
2025-02-25,MSFT,2025-03-22,P,212.39,241.36,0.288323,-0.1,2.76,2.81,96,3530
2025-02-25,MSFT,2025-03-29,C,270.32,241.36,0.215611,0.1,2.06,2.11,297,4242
2025-02-25,MSFT,2025-03-29,C,255.84,241.36,0.224001,0.25,2.14,2.19,26,2915
2025-02-25,MSFT,2025-03-29,C,241.36,241.36,0.251969,0.5,2.41,2.46,282,3815
2025-02-25,MSFT,2025-03-29,P,241.36,241.36,0.251969,-0.5,2.41,2.46,241,4261
2025-02-25,MSFT,2025-03-29,P,226.88,241.36,0.279936,-0.25,2.68,2.73,298,3466
2025-02-25,MSFT,2025-03-29,P,212.39,241.36,0.291123,-0.1,2.78,2.84,391,3847
2025-02-25,MSFT,2025-04-26,C,270.32,241.36,0.226811,0.1,2.17,2.21,281,3534
2025-02-25,MSFT,2025-04-26,C,255.84,241.36,0.235201,0.25,2.25,2.29,8,300
2025-02-25,MSFT,2025-04-26,C,241.36,241.36,0.263169,0.5,2.51,2.57,395,4041
2025-02-25,MSFT,2025-04-26,P,241.36,241.36,0.263169,-0.5,2.52,2.56,441,4739
2025-02-25,MSFT,2025-04-26,P,226.88,241.36,0.291136,-0.25,2.79,2.84,108,4527
2025-02-25,MSFT,2025-04-26,P,212.39,241.36,0.302323,-0.1,2.89,2.95,482,4504
2025-02-26,MSFT,2025-03-23,C,271.49,242.41,0.235343,0.1,2.25,2.31,180,3149
2025-02-26,MSFT,2025-03-23,C,256.95,242.41,0.243698,0.25,2.34,2.39,113,1953
2025-02-26,MSFT,2025-03-23,C,242.41,242.41,0.271549,0.5,2.61,2.66,467,793
2025-02-26,MSFT,2025-03-23,P,242.41,242.41,0.271549,-0.5,2.6,2.66,297,1034
2025-02-26,MSFT,2025-03-23,P,227.86,242.41,0.299401,-0.25,2.87,2.93,187,2423
2025-02-26,MSFT,2025-03-23,P,213.32,242.41,0.310541,-0.1,2.98,3.04,282,4791
2025-02-26,MSFT,2025-03-30,C,271.49,242.41,0.238143,0.1,2.28,2.33,244,3486
2025-02-26,MSFT,2025-03-30,C,256.95,242.41,0.246498,0.25,2.37,2.41,119,4005
2025-02-26,MSFT,2025-03-30,C,242.41,242.41,0.274349,0.5,2.63,2.69,53,1483
2025-02-26,MSFT,2025-03-30,P,242.41,242.41,0.274349,-0.5,2.64,2.68,129,2161
2025-02-26,MSFT,2025-03-30,P,227.86,242.41,0.302201,-0.25,2.91,2.95,430,4094
2025-02-26,MSFT,2025-03-30,P,213.32,242.41,0.313341,-0.1,3.02,3.06,229,4719
2025-02-26,MSFT,2025-04-27,C,271.49,242.41,0.249343,0.1,2.39,2.45,156,4545
2025-02-26,MSFT,2025-04-27,C,256.95,242.41,0.257698,0.25,2.47,2.52,77,1344
2025-02-26,MSFT,2025-04-27,C,242.41,242.41,0.285549,0.5,2.74,2.8,157,3510
2025-02-26,MSFT,2025-04-27,P,242.41,242.41,0.285549,-0.5,2.74,2.8,387,1892
2025-02-26,MSFT,2025-04-27,P,227.86,242.41,0.313401,-0.25,3.02,3.06,69,4991
2025-02-26,MSFT,2025-04-27,P,213.32,242.41,0.324541,-0.1,3.12,3.18,322,1115
2025-02-27,MSFT,2025-03-24,C,271.76,242.64,0.204949,0.1,1.97,2.01,12,2793
2025-02-27,MSFT,2025-03-24,C,257.2,242.64,0.212818,0.25,2.04,2.09,499,1912
2025-02-27,MSFT,2025-03-24,C,242.64,242.64,0.239049,0.5,2.3,2.34,304,1381
2025-02-27,MSFT,2025-03-24,P,242.64,242.64,0.239049,-0.5,2.3,2.34,21,1248
2025-02-27,MSFT,2025-03-24,P,228.08,242.64,0.26528,-0.25,2.55,2.6,135,2890
2025-02-27,MSFT,2025-03-24,P,213.53,242.64,0.275772,-0.1,2.65,2.7,156,3388
2025-02-27,MSFT,2025-03-31,C,271.76,242.64,0.207749,0.1,1.99,2.04,116,205
2025-02-27,MSFT,2025-03-31,C,257.2,242.64,0.215618,0.25,2.06,2.12,207,4362
2025-02-27,MSFT,2025-03-31,C,242.64,242.64,0.241849,0.5,2.32,2.38,461,4798
2025-02-27,MSFT,2025-03-31,P,242.64,242.64,0.241849,-0.5,2.32,2.37,84,4472
2025-02-27,MSFT,2025-03-31,P,228.08,242.64,0.26808,-0.25,2.58,2.63,297,3938
2025-02-27,MSFT,2025-03-31,P,213.53,242.64,0.278572,-0.1,2.67,2.73,356,3983
2025-02-27,MSFT,2025-04-28,C,271.76,242.64,0.218949,0.1,2.1,2.15,456,1895
2025-02-27,MSFT,2025-04-28,C,257.2,242.64,0.226818,0.25,2.18,2.22,241,1841
2025-02-27,MSFT,2025-04-28,C,242.64,242.64,0.253049,0.5,2.43,2.48,383,3510
2025-02-27,MSFT,2025-04-28,P,242.64,242.64,0.253049,-0.5,2.43,2.48,109,3560
2025-02-27,MSFT,2025-04-28,P,228.08,242.64,0.27928,-0.25,2.69,2.73,165,2793
2025-02-27,MSFT,2025-04-28,P,213.53,242.64,0.289772,-0.1,2.79,2.84,139,2612
2025-02-28,MSFT,2025-03-25,C,273.86,244.51,0.249869,0.1,2.42,2.47,8,3768
2025-02-28,MSFT,2025-03-25,C,259.19,244.51,0.258131,0.25,2.5,2.55,175,3455
2025-02-28,MSFT,2025-03-25,C,244.51,244.51,0.285671,0.5,2.77,2.82,442,2392
2025-02-28,MSFT,2025-03-25,P,244.51,244.51,0.285671,-0.5,2.77,2.82,310,3435
2025-02-28,MSFT,2025-03-25,P,229.84,244.51,0.313212,-0.25,3.03,3.09,392,1530
2025-02-28,MSFT,2025-03-25,P,215.17,244.51,0.324228,-0.1,3.14,3.2,186,1562
2025-02-28,MSFT,2025-04-01,C,273.86,244.51,0.252669,0.1,2.45,2.5,256,4142
2025-02-28,MSFT,2025-04-01,C,259.19,244.51,0.260931,0.25,2.52,2.58,269,4315
2025-02-28,MSFT,2025-04-01,C,244.51,244.51,0.288471,0.5,2.79,2.85,174,1388
2025-02-28,MSFT,2025-04-01,P,244.51,244.51,0.288471,-0.5,2.79,2.85,366,4685
2025-02-28,MSFT,2025-04-01,P,229.84,244.51,0.316012,-0.25,3.07,3.12,73,245
2025-02-28,MSFT,2025-04-01,P,215.17,244.51,0.327028,-0.1,3.18,3.22,190,4182
2025-02-28,MSFT,2025-04-29,C,273.86,244.51,0.263869,0.1,2.55,2.61,273,4160
2025-02-28,MSFT,2025-04-29,C,259.19,244.51,0.272131,0.25,2.64,2.69,92,292
2025-02-28,MSFT,2025-04-29,C,244.51,244.51,0.299671,0.5,2.91,2.96,177,1888
2025-02-28,MSFT,2025-04-29,P,244.51,244.51,0.299671,-0.5,2.91,2.95,456,538
2025-02-28,MSFT,2025-04-29,P,229.84,244.51,0.327212,-0.25,3.18,3.22,464,1037
2025-02-28,MSFT,2025-04-29,P,215.17,244.51,0.338228,-0.1,3.28,3.34,285,1914
2025-03-03,MSFT,2025-03-28,C,274.87,245.42,0.19836,0.1,1.92,1.97,183,4801
2025-03-03,MSFT,2025-03-28,C,260.14,245.42,0.20693,0.25,2.0,2.06,117,3232
2025-03-03,MSFT,2025-03-28,C,245.42,245.42,0.235495,0.5,2.28,2.34,231,3599
2025-03-03,MSFT,2025-03-28,P,245.42,245.42,0.235495,-0.5,2.28,2.34,376,2487
2025-03-03,MSFT,2025-03-28,P,230.69,245.42,0.264061,-0.25,2.57,2.62,390,2312
2025-03-03,MSFT,2025-03-28,P,215.97,245.42,0.275487,-0.1,2.68,2.73,497,1361
2025-03-03,MSFT,2025-04-04,C,274.87,245.42,0.20116,0.1,1.95,2.0,356,2148
2025-03-03,MSFT,2025-04-04,C,260.14,245.42,0.20973,0.25,2.03,2.08,286,2504
2025-03-03,MSFT,2025-04-04,C,245.42,245.42,0.238295,0.5,2.32,2.36,345,1706
2025-03-03,MSFT,2025-04-04,P,245.42,245.42,0.238295,-0.5,2.32,2.36,427,3537
2025-03-03,MSFT,2025-04-04,P,230.69,245.42,0.266861,-0.25,2.6,2.64,374,49
2025-03-03,MSFT,2025-04-04,P,215.97,245.42,0.278287,-0.1,2.71,2.75,173,2490
2025-03-03,MSFT,2025-05-02,C,274.87,245.42,0.21236,0.1,2.06,2.11,157,2478
2025-03-03,MSFT,2025-05-02,C,260.14,245.42,0.22093,0.25,2.14,2.19,191,4667
2025-03-03,MSFT,2025-05-02,C,245.42,245.42,0.249495,0.5,2.42,2.48,277,164
2025-03-03,MSFT,2025-05-02,P,245.42,245.42,0.249495,-0.5,2.43,2.47,145,3969
2025-03-03,MSFT,2025-05-02,P,230.69,245.42,0.278061,-0.25,2.71,2.75,387,4625
2025-03-03,MSFT,2025-05-02,P,215.97,245.42,0.289487,-0.1,2.82,2.87,483,471
2025-03-04,MSFT,2025-03-29,C,275.57,246.04,0.228503,0.1,2.22,2.28,298,4957
2025-03-04,MSFT,2025-03-29,C,260.81,246.04,0.238006,0.25,2.31,2.37,85,1610
2025-03-04,MSFT,2025-03-29,C,246.04,246.04,0.269684,0.5,2.63,2.68,257,1118
2025-03-04,MSFT,2025-03-29,P,246.04,246.04,0.269684,-0.5,2.63,2.68,77,3488
2025-03-04,MSFT,2025-03-29,P,231.28,246.04,0.301362,-0.25,2.94,3.0,118,2201
2025-03-04,MSFT,2025-03-29,P,216.52,246.04,0.314033,-0.1,3.07,3.12,227,1108
2025-03-04,MSFT,2025-04-05,C,275.57,246.04,0.231303,0.1,2.25,2.3,47,324
2025-03-04,MSFT,2025-04-05,C,260.81,246.04,0.240806,0.25,2.34,2.4,270,126
2025-03-04,MSFT,2025-04-05,C,246.04,246.04,0.272484,0.5,2.65,2.71,152,1373
2025-03-04,MSFT,2025-04-05,P,246.04,246.04,0.272484,-0.5,2.66,2.71,71,1414
2025-03-04,MSFT,2025-04-05,P,231.28,246.04,0.304162,-0.25,2.97,3.02,173,2738
2025-03-04,MSFT,2025-04-05,P,216.52,246.04,0.316833,-0.1,3.09,3.14,246,4702
2025-03-04,MSFT,2025-05-03,C,275.57,246.04,0.242503,0.1,2.36,2.41,22,2928
2025-03-04,MSFT,2025-05-03,C,260.81,246.04,0.252006,0.25,2.45,2.51,203,1458
2025-03-04,MSFT,2025-05-03,C,246.04,246.04,0.283684,0.5,2.76,2.82,57,4788
2025-03-04,MSFT,2025-05-03,P,246.04,246.04,0.283684,-0.5,2.76,2.82,272,2853
2025-03-04,MSFT,2025-05-03,P,231.28,246.04,0.315362,-0.25,3.08,3.13,324,2410
2025-03-04,MSFT,2025-05-03,P,216.52,246.04,0.328033,-0.1,3.2,3.25,236,4872
2025-03-05,MSFT,2025-03-30,C,278.1,248.3,0.220472,0.1,2.16,2.22,174,2536
2025-03-05,MSFT,2025-03-30,C,263.2,248.3,0.229107,0.25,2.25,2.3,472,3221
2025-03-05,MSFT,2025-03-30,C,248.3,248.3,0.257889,0.5,2.53,2.59,202,2848
2025-03-05,MSFT,2025-03-30,P,248.3,248.3,0.257889,-0.5,2.53,2.59,69,1835
2025-03-05,MSFT,2025-03-30,P,233.41,248.3,0.286671,-0.25,2.82,2.88,390,3245
2025-03-05,MSFT,2025-03-30,P,218.51,248.3,0.298184,-0.1,2.93,2.99,280,1372
2025-03-05,MSFT,2025-04-06,C,278.1,248.3,0.223272,0.1,2.19,2.24,148,4548
2025-03-05,MSFT,2025-04-06,C,263.2,248.3,0.231907,0.25,2.28,2.32,468,2025
2025-03-05,MSFT,2025-04-06,C,248.3,248.3,0.260689,0.5,2.56,2.62,299,3721
2025-03-05,MSFT,2025-04-06,P,248.3,248.3,0.260689,-0.5,2.56,2.62,212,3699
2025-03-05,MSFT,2025-04-06,P,233.41,248.3,0.289471,-0.25,2.85,2.9,74,2496
2025-03-05,MSFT,2025-04-06,P,218.51,248.3,0.300984,-0.1,2.96,3.02,323,4240
2025-03-05,MSFT,2025-05-04,C,278.1,248.3,0.234472,0.1,2.3,2.36,449,519
2025-03-05,MSFT,2025-05-04,C,263.2,248.3,0.243107,0.25,2.39,2.44,453,2767
2025-03-05,MSFT,2025-05-04,C,248.3,248.3,0.271889,0.5,2.67,2.73,121,2722
2025-03-05,MSFT,2025-05-04,P,248.3,248.3,0.271889,-0.5,2.67,2.73,114,4189
2025-03-05,MSFT,2025-05-04,P,233.41,248.3,0.300671,-0.25,2.96,3.01,428,3084
2025-03-05,MSFT,2025-05-04,P,218.51,248.3,0.312184,-0.1,3.08,3.13,484,1144
2025-03-06,MSFT,2025-03-31,C,277.97,248.19,0.197847,0.1,1.94,1.99,363,4088
2025-03-06,MSFT,2025-03-31,C,263.08,248.19,0.206101,0.25,2.02,2.07,229,413
2025-03-06,MSFT,2025-03-31,C,248.19,248.19,0.233615,0.5,2.29,2.34,374,4191
2025-03-06,MSFT,2025-03-31,P,248.19,248.19,0.233615,-0.5,2.29,2.34,406,1601
2025-03-06,MSFT,2025-03-31,P,233.3,248.19,0.261128,-0.25,2.56,2.62,273,786
2025-03-06,MSFT,2025-03-31,P,218.4,248.19,0.272134,-0.1,2.68,2.72,101,2191
2025-03-06,MSFT,2025-04-07,C,277.97,248.19,0.200647,0.1,1.96,2.02,458,4180
2025-03-06,MSFT,2025-04-07,C,263.08,248.19,0.208901,0.25,2.05,2.09,76,3962
2025-03-06,MSFT,2025-04-07,C,248.19,248.19,0.236415,0.5,2.32,2.37,229,4474
2025-03-06,MSFT,2025-04-07,P,248.19,248.19,0.236415,-0.5,2.32,2.38,126,3889
2025-03-06,MSFT,2025-04-07,P,233.3,248.19,0.263928,-0.25,2.6,2.64,117,1576
2025-03-06,MSFT,2025-04-07,P,218.4,248.19,0.274934,-0.1,2.7,2.76,107,2994
2025-03-06,MSFT,2025-05-05,C,277.97,248.19,0.211847,0.1,2.08,2.13,314,4579
2025-03-06,MSFT,2025-05-05,C,263.08,248.19,0.220101,0.25,2.16,2.21,230,3640
2025-03-06,MSFT,2025-05-05,C,248.19,248.19,0.247615,0.5,2.43,2.49,98,578
2025-03-06,MSFT,2025-05-05,P,248.19,248.19,0.247615,-0.5,2.43,2.49,70,4828
2025-03-06,MSFT,2025-05-05,P,233.3,248.19,0.275128,-0.25,2.71,2.75,477,1122
2025-03-06,MSFT,2025-05-05,P,218.4,248.19,0.286134,-0.1,2.81,2.87,303,2605
2025-03-07,MSFT,2025-04-01,C,278.05,248.26,0.217685,0.1,2.14,2.18,311,1627
2025-03-07,MSFT,2025-04-01,C,263.16,248.26,0.225437,0.25,2.22,2.26,279,4389
2025-03-07,MSFT,2025-04-01,C,248.26,248.26,0.251278,0.5,2.47,2.52,430,3677
2025-03-07,MSFT,2025-04-01,P,248.26,248.26,0.251278,-0.5,2.48,2.52,181,2143
2025-03-07,MSFT,2025-04-01,P,233.37,248.26,0.277119,-0.25,2.73,2.78,127,4261
2025-03-07,MSFT,2025-04-01,P,218.47,248.26,0.287456,-0.1,2.83,2.88,19,2122
2025-03-07,MSFT,2025-04-08,C,278.05,248.26,0.220485,0.1,2.16,2.22,382,81
2025-03-07,MSFT,2025-04-08,C,263.16,248.26,0.228237,0.25,2.24,2.29,430,3876
2025-03-07,MSFT,2025-04-08,C,248.26,248.26,0.254078,0.5,2.5,2.55,410,4605
2025-03-07,MSFT,2025-04-08,P,248.26,248.26,0.254078,-0.5,2.5,2.55,195,3980
2025-03-07,MSFT,2025-04-08,P,233.37,248.26,0.279919,-0.25,2.76,2.8,143,993
2025-03-07,MSFT,2025-04-08,P,218.47,248.26,0.290256,-0.1,2.86,2.91,271,4725
2025-03-07,MSFT,2025-05-06,C,278.05,248.26,0.231685,0.1,2.27,2.33,183,3178
2025-03-07,MSFT,2025-05-06,C,263.16,248.26,0.239437,0.25,2.36,2.4,175,292
2025-03-07,MSFT,2025-05-06,C,248.26,248.26,0.265278,0.5,2.61,2.66,296,4100
2025-03-07,MSFT,2025-05-06,P,248.26,248.26,0.265278,-0.5,2.61,2.66,350,1650
2025-03-07,MSFT,2025-05-06,P,233.37,248.26,0.291119,-0.25,2.86,2.92,339,2923
2025-03-07,MSFT,2025-05-06,P,218.47,248.26,0.301456,-0.1,2.97,3.02,143,31
2025-03-10,MSFT,2025-04-04,C,278.04,248.25,0.221944,0.1,2.18,2.23,29,1183
2025-03-10,MSFT,2025-04-04,C,263.14,248.25,0.228541,0.25,2.24,2.3,279,85
2025-03-10,MSFT,2025-04-04,C,248.25,248.25,0.250529,0.5,2.46,2.52,399,4750
2025-03-10,MSFT,2025-04-04,P,248.25,248.25,0.250529,-0.5,2.47,2.51,402,2294
2025-03-10,MSFT,2025-04-04,P,233.35,248.25,0.272517,-0.25,2.68,2.73,360,4210
2025-03-10,MSFT,2025-04-04,P,218.46,248.25,0.281312,-0.1,2.77,2.82,140,3060
2025-03-10,MSFT,2025-04-11,C,278.04,248.25,0.224744,0.1,2.21,2.25,362,394
2025-03-10,MSFT,2025-04-11,C,263.14,248.25,0.231341,0.25,2.27,2.32,460,3107
2025-03-10,MSFT,2025-04-11,C,248.25,248.25,0.253329,0.5,2.49,2.54,118,4224
2025-03-10,MSFT,2025-04-11,P,248.25,248.25,0.253329,-0.5,2.49,2.54,101,2696
2025-03-10,MSFT,2025-04-11,P,233.35,248.25,0.275317,-0.25,2.7,2.76,471,4008
2025-03-10,MSFT,2025-04-11,P,218.46,248.25,0.284112,-0.1,2.79,2.85,53,4979
2025-03-10,MSFT,2025-05-09,C,278.04,248.25,0.235944,0.1,2.32,2.37,453,3587
2025-03-10,MSFT,2025-05-09,C,263.14,248.25,0.242541,0.25,2.38,2.44,300,878
2025-03-10,MSFT,2025-05-09,C,248.25,248.25,0.264529,0.5,2.6,2.65,334,2146
2025-03-10,MSFT,2025-05-09,P,248.25,248.25,0.264529,-0.5,2.6,2.65,95,908
2025-03-10,MSFT,2025-05-09,P,233.35,248.25,0.286517,-0.25,2.82,2.87,103,3492
2025-03-10,MSFT,2025-05-09,P,218.46,248.25,0.295312,-0.1,2.91,2.96,485,792
2025-03-11,MSFT,2025-04-05,C,280.11,250.1,0.239895,0.1,2.38,2.42,229,1703
2025-03-11,MSFT,2025-04-05,C,265.11,250.1,0.246754,0.25,2.44,2.49,209,4418
2025-03-11,MSFT,2025-04-05,C,250.1,250.1,0.269618,0.5,2.67,2.72,195,2996
2025-03-11,MSFT,2025-04-05,P,250.1,250.1,0.269618,-0.5,2.67,2.73,209,2134
2025-03-11,MSFT,2025-04-05,P,235.1,250.1,0.292483,-0.25,2.9,2.95,236,690
2025-03-11,MSFT,2025-04-05,P,220.09,250.1,0.301629,-0.1,2.99,3.04,390,482
2025-03-11,MSFT,2025-04-12,C,280.11,250.1,0.242695,0.1,2.4,2.45,250,4786
2025-03-11,MSFT,2025-04-12,C,265.11,250.1,0.249554,0.25,2.47,2.52,168,3134
2025-03-11,MSFT,2025-04-12,C,250.1,250.1,0.272418,0.5,2.7,2.75,186,4656
2025-03-11,MSFT,2025-04-12,P,250.1,250.1,0.272418,-0.5,2.7,2.75,398,1342
2025-03-11,MSFT,2025-04-12,P,235.1,250.1,0.295283,-0.25,2.92,2.98,401,2121
2025-03-11,MSFT,2025-04-12,P,220.09,250.1,0.304429,-0.1,3.02,3.07,337,184
2025-03-11,MSFT,2025-05-10,C,280.11,250.1,0.253895,0.1,2.52,2.56,121,4047
2025-03-11,MSFT,2025-05-10,C,265.11,250.1,0.260754,0.25,2.58,2.63,460,4774
2025-03-11,MSFT,2025-05-10,C,250.1,250.1,0.283618,0.5,2.82,2.86,144,3083
2025-03-11,MSFT,2025-05-10,P,250.1,250.1,0.283618,-0.5,2.81,2.86,496,3109
2025-03-11,MSFT,2025-05-10,P,235.1,250.1,0.306483,-0.25,3.04,3.09,94,2895
2025-03-11,MSFT,2025-05-10,P,220.09,250.1,0.315629,-0.1,3.13,3.18,376,4317
2025-03-12,MSFT,2025-04-06,C,280.12,250.1,0.230103,0.1,2.28,2.33,367,3183
2025-03-12,MSFT,2025-04-06,C,265.11,250.1,0.237517,0.25,2.35,2.4,163,902
2025-03-12,MSFT,2025-04-06,C,250.1,250.1,0.262231,0.5,2.59,2.65,483,981
2025-03-12,MSFT,2025-04-06,P,250.1,250.1,0.262231,-0.5,2.6,2.65,32,3097
2025-03-12,MSFT,2025-04-06,P,235.1,250.1,0.286945,-0.25,2.85,2.89,321,179
2025-03-12,MSFT,2025-04-06,P,220.09,250.1,0.296831,-0.1,2.95,2.99,218,625
2025-03-12,MSFT,2025-04-13,C,280.12,250.1,0.232903,0.1,2.31,2.35,270,4148
2025-03-12,MSFT,2025-04-13,C,265.11,250.1,0.240317,0.25,2.38,2.43,461,2143
2025-03-12,MSFT,2025-04-13,C,250.1,250.1,0.265031,0.5,2.63,2.68,361,1517
2025-03-12,MSFT,2025-04-13,P,250.1,250.1,0.265031,-0.5,2.63,2.68,73,1937
2025-03-12,MSFT,2025-04-13,P,235.1,250.1,0.289745,-0.25,2.88,2.92,457,1948
2025-03-12,MSFT,2025-04-13,P,220.09,250.1,0.299631,-0.1,2.98,3.02,157,4432
2025-03-12,MSFT,2025-05-11,C,280.12,250.1,0.244103,0.1,2.41,2.47,29,4313
2025-03-12,MSFT,2025-05-11,C,265.11,250.1,0.251517,0.25,2.5,2.54,47,3756
2025-03-12,MSFT,2025-05-11,C,250.1,250.1,0.276231,0.5,2.74,2.79,441,479
2025-03-12,MSFT,2025-05-11,P,250.1,250.1,0.276231,-0.5,2.73,2.79,303,3883
2025-03-12,MSFT,2025-05-11,P,235.1,250.1,0.300945,-0.25,2.99,3.03,261,4820
2025-03-12,MSFT,2025-05-11,P,220.09,250.1,0.310831,-0.1,3.09,3.13,173,2278
2025-03-13,MSFT,2025-04-07,C,279.25,249.33,0.232899,0.1,2.3,2.34,100,4839
2025-03-13,MSFT,2025-04-07,C,264.29,249.33,0.239909,0.25,2.37,2.42,218,1303
2025-03-13,MSFT,2025-04-07,C,249.33,249.33,0.263274,0.5,2.6,2.65,6,4377
2025-03-13,MSFT,2025-04-07,P,249.33,249.33,0.263274,-0.5,2.6,2.65,481,4665
2025-03-13,MSFT,2025-04-07,P,234.37,249.33,0.286639,-0.25,2.83,2.89,429,3198
2025-03-13,MSFT,2025-04-07,P,219.41,249.33,0.295985,-0.1,2.93,2.98,417,4628
2025-03-13,MSFT,2025-04-14,C,279.25,249.33,0.235699,0.1,2.33,2.37,107,852
2025-03-13,MSFT,2025-04-14,C,264.29,249.33,0.242709,0.25,2.4,2.44,413,1425
2025-03-13,MSFT,2025-04-14,C,249.33,249.33,0.266074,0.5,2.63,2.68,70,4527
2025-03-13,MSFT,2025-04-14,P,249.33,249.33,0.266074,-0.5,2.63,2.68,474,2773
2025-03-13,MSFT,2025-04-14,P,234.37,249.33,0.289439,-0.25,2.86,2.91,377,3540
2025-03-13,MSFT,2025-04-14,P,219.41,249.33,0.298785,-0.1,2.96,3.0,485,252
2025-03-13,MSFT,2025-05-12,C,279.25,249.33,0.246899,0.1,2.44,2.49,384,2679
2025-03-13,MSFT,2025-05-12,C,264.29,249.33,0.253909,0.25,2.51,2.56,487,1676
2025-03-13,MSFT,2025-05-12,C,249.33,249.33,0.277274,0.5,2.74,2.79,330,3405
2025-03-13,MSFT,2025-05-12,P,249.33,249.33,0.277274,-0.5,2.74,2.79,345,2231
2025-03-13,MSFT,2025-05-12,P,234.37,249.33,0.300639,-0.25,2.97,3.03,336,3690
2025-03-13,MSFT,2025-05-12,P,219.41,249.33,0.309985,-0.1,3.07,3.11,294,3289
2025-03-14,MSFT,2025-04-08,C,280.04,250.03,0.223652,0.1,2.21,2.26,205,3573
2025-03-14,MSFT,2025-04-08,C,265.03,250.03,0.231852,0.25,2.3,2.34,338,1408
2025-03-14,MSFT,2025-04-08,C,250.03,250.03,0.259185,0.5,2.56,2.62,175,3694
2025-03-14,MSFT,2025-04-08,P,250.03,250.03,0.259185,-0.5,2.56,2.62,123,4410
2025-03-14,MSFT,2025-04-08,P,235.03,250.03,0.286518,-0.25,2.84,2.89,412,3165
2025-03-14,MSFT,2025-04-08,P,220.03,250.03,0.297451,-0.1,2.95,3.0,117,3488
2025-03-14,MSFT,2025-04-15,C,280.04,250.03,0.226452,0.1,2.24,2.29,71,16
2025-03-14,MSFT,2025-04-15,C,265.03,250.03,0.234652,0.25,2.33,2.37,469,3857
2025-03-14,MSFT,2025-04-15,C,250.03,250.03,0.261985,0.5,2.6,2.64,498,3001
2025-03-14,MSFT,2025-04-15,P,250.03,250.03,0.261985,-0.5,2.59,2.65,131,3708
2025-03-14,MSFT,2025-04-15,P,235.03,250.03,0.289318,-0.25,2.87,2.92,246,1050
2025-03-14,MSFT,2025-04-15,P,220.03,250.03,0.300251,-0.1,2.97,3.03,366,2836
2025-03-14,MSFT,2025-05-13,C,280.04,250.03,0.237652,0.1,2.35,2.4,125,4710
2025-03-14,MSFT,2025-05-13,C,265.03,250.03,0.245852,0.25,2.44,2.48,401,2216
2025-03-14,MSFT,2025-05-13,C,250.03,250.03,0.273185,0.5,2.71,2.75,240,633
2025-03-14,MSFT,2025-05-13,P,250.03,250.03,0.273185,-0.5,2.71,2.76,132,3501
2025-03-14,MSFT,2025-05-13,P,235.03,250.03,0.300518,-0.25,2.98,3.03,359,3451
2025-03-14,MSFT,2025-05-13,P,220.03,250.03,0.311451,-0.1,3.09,3.14,64,4389
2025-03-17,MSFT,2025-04-11,C,278.94,249.05,0.214793,0.1,2.11,2.17,408,744
2025-03-17,MSFT,2025-04-11,C,264.0,249.05,0.22373,0.25,2.2,2.26,451,1864
2025-03-17,MSFT,2025-04-11,C,249.05,249.05,0.253521,0.5,2.5,2.55,127,1076
2025-03-17,MSFT,2025-04-11,P,249.05,249.05,0.253521,-0.5,2.5,2.55,60,636
2025-03-17,MSFT,2025-04-11,P,234.11,249.05,0.283313,-0.25,2.8,2.84,110,3076
2025-03-17,MSFT,2025-04-11,P,219.17,249.05,0.295229,-0.1,2.92,2.96,333,3521
2025-03-17,MSFT,2025-04-18,C,278.94,249.05,0.217593,0.1,2.14,2.19,114,3111
2025-03-17,MSFT,2025-04-18,C,264.0,249.05,0.22653,0.25,2.23,2.28,396,3971
2025-03-17,MSFT,2025-04-18,C,249.05,249.05,0.256321,0.5,2.52,2.58,217,411
2025-03-17,MSFT,2025-04-18,P,249.05,249.05,0.256321,-0.5,2.53,2.58,201,3746
2025-03-17,MSFT,2025-04-18,P,234.11,249.05,0.286113,-0.25,2.83,2.87,310,1325
2025-03-17,MSFT,2025-04-18,P,219.17,249.05,0.298029,-0.1,2.95,2.99,452,2865
2025-03-17,MSFT,2025-05-16,C,278.94,249.05,0.228793,0.1,2.26,2.3,430,3333
2025-03-17,MSFT,2025-05-16,C,264.0,249.05,0.23773,0.25,2.34,2.39,496,3288
2025-03-17,MSFT,2025-05-16,C,249.05,249.05,0.267521,0.5,2.64,2.69,24,3839
2025-03-17,MSFT,2025-05-16,P,249.05,249.05,0.267521,-0.5,2.64,2.69,244,661
2025-03-17,MSFT,2025-05-16,P,234.11,249.05,0.297313,-0.25,2.94,2.98,311,1511
2025-03-17,MSFT,2025-05-16,P,219.17,249.05,0.309229,-0.1,3.05,3.11,117,1638
2025-03-18,MSFT,2025-04-12,C,279.66,249.69,0.221453,0.1,2.19,2.23,217,170
2025-03-18,MSFT,2025-04-12,C,264.67,249.69,0.230962,0.25,2.28,2.33,30,3987
2025-03-18,MSFT,2025-04-12,C,249.69,249.69,0.262661,0.5,2.6,2.65,236,4196
2025-03-18,MSFT,2025-04-12,P,249.69,249.69,0.262661,-0.5,2.6,2.64,342,2353
2025-03-18,MSFT,2025-04-12,P,234.71,249.69,0.294359,-0.25,2.91,2.97,354,3376
2025-03-18,MSFT,2025-04-12,P,219.73,249.69,0.307039,-0.1,3.04,3.1,350,1376
2025-03-18,MSFT,2025-04-19,C,279.66,249.69,0.224253,0.1,2.21,2.26,172,3387
2025-03-18,MSFT,2025-04-19,C,264.67,249.69,0.233762,0.25,2.31,2.36,198,4080
2025-03-18,MSFT,2025-04-19,C,249.69,249.69,0.265461,0.5,2.63,2.67,398,475
2025-03-18,MSFT,2025-04-19,P,249.69,249.69,0.265461,-0.5,2.62,2.68,21,3528
2025-03-18,MSFT,2025-04-19,P,234.71,249.69,0.297159,-0.25,2.94,3.0,120,4461
2025-03-18,MSFT,2025-04-19,P,219.73,249.69,0.309839,-0.1,3.07,3.12,216,3210
2025-03-18,MSFT,2025-05-17,C,279.66,249.69,0.235453,0.1,2.32,2.38,96,1226
2025-03-18,MSFT,2025-05-17,C,264.67,249.69,0.244962,0.25,2.42,2.47,26,4551
2025-03-18,MSFT,2025-05-17,C,249.69,249.69,0.276661,0.5,2.74,2.78,260,4641
2025-03-18,MSFT,2025-05-17,P,249.69,249.69,0.276661,-0.5,2.74,2.79,455,4466
2025-03-18,MSFT,2025-05-17,P,234.71,249.69,0.308359,-0.25,3.05,3.11,418,3360
2025-03-18,MSFT,2025-05-17,P,219.73,249.69,0.321039,-0.1,3.18,3.23,227,345
2025-03-19,MSFT,2025-04-13,C,280.21,250.19,0.215429,0.1,2.13,2.19,169,4781
2025-03-19,MSFT,2025-04-13,C,265.2,250.19,0.225327,0.25,2.23,2.28,69,3232
2025-03-19,MSFT,2025-04-13,C,250.19,250.19,0.25832,0.5,2.56,2.61,495,2766
2025-03-19,MSFT,2025-04-13,P,250.19,250.19,0.25832,-0.5,2.56,2.61,146,3064
2025-03-19,MSFT,2025-04-13,P,235.18,250.19,0.291312,-0.25,2.89,2.94,319,453
2025-03-19,MSFT,2025-04-13,P,220.17,250.19,0.304509,-0.1,3.02,3.07,440,1577
2025-03-19,MSFT,2025-04-20,C,280.21,250.19,0.218229,0.1,2.16,2.21,287,975
2025-03-19,MSFT,2025-04-20,C,265.2,250.19,0.228127,0.25,2.25,2.31,41,4821
2025-03-19,MSFT,2025-04-20,C,250.19,250.19,0.26112,0.5,2.59,2.64,309,4727
2025-03-19,MSFT,2025-04-20,P,250.19,250.19,0.26112,-0.5,2.58,2.64,143,1097
2025-03-19,MSFT,2025-04-20,P,235.18,250.19,0.294112,-0.25,2.92,2.96,56,1065
2025-03-19,MSFT,2025-04-20,P,220.17,250.19,0.307309,-0.1,3.05,3.1,364,2918
2025-03-19,MSFT,2025-05-18,C,280.21,250.19,0.229429,0.1,2.27,2.32,464,4565
2025-03-19,MSFT,2025-05-18,C,265.2,250.19,0.239327,0.25,2.37,2.42,162,1804
2025-03-19,MSFT,2025-05-18,C,250.19,250.19,0.27232,0.5,2.7,2.76,291,4766
2025-03-19,MSFT,2025-05-18,P,250.19,250.19,0.27232,-0.5,2.7,2.75,395,3960
2025-03-19,MSFT,2025-05-18,P,235.18,250.19,0.305312,-0.25,3.03,3.09,459,3006
2025-03-19,MSFT,2025-05-18,P,220.17,250.19,0.318509,-0.1,3.16,3.22,77,333
2025-03-20,MSFT,2025-04-14,C,279.96,249.96,0.224028,0.1,2.21,2.26,259,198
2025-03-20,MSFT,2025-04-14,C,264.96,249.96,0.234716,0.25,2.33,2.37,216,118
2025-03-20,MSFT,2025-04-14,C,249.96,249.96,0.270345,0.5,2.68,2.73,370,277
2025-03-20,MSFT,2025-04-14,P,249.96,249.96,0.270345,-0.5,2.68,2.73,394,4065
2025-03-20,MSFT,2025-04-14,P,234.96,249.96,0.305973,-0.25,3.03,3.09,344,3372
2025-03-20,MSFT,2025-04-14,P,219.97,249.96,0.320224,-0.1,3.18,3.22,215,4199
2025-03-20,MSFT,2025-04-21,C,279.96,249.96,0.226828,0.1,2.25,2.29,332,1520
2025-03-20,MSFT,2025-04-21,C,264.96,249.96,0.237516,0.25,2.35,2.4,348,4650
2025-03-20,MSFT,2025-04-21,C,249.96,249.96,0.273145,0.5,2.7,2.76,10,3915
2025-03-20,MSFT,2025-04-21,P,249.96,249.96,0.273145,-0.5,2.7,2.76,43,2643
2025-03-20,MSFT,2025-04-21,P,234.96,249.96,0.308773,-0.25,3.06,3.11,109,730
2025-03-20,MSFT,2025-04-21,P,219.97,249.96,0.323024,-0.1,3.21,3.25,479,4923
2025-03-20,MSFT,2025-05-19,C,279.96,249.96,0.238028,0.1,2.35,2.41,294,1621
2025-03-20,MSFT,2025-05-19,C,264.96,249.96,0.248716,0.25,2.46,2.51,91,1155
2025-03-20,MSFT,2025-05-19,C,249.96,249.96,0.284345,0.5,2.82,2.87,71,1126
2025-03-20,MSFT,2025-05-19,P,249.96,249.96,0.284345,-0.5,2.82,2.87,429,383
2025-03-20,MSFT,2025-05-19,P,234.96,249.96,0.319973,-0.25,3.18,3.22,495,1391
2025-03-20,MSFT,2025-05-19,P,219.97,249.96,0.334224,-0.1,3.31,3.37,162,1623
2025-03-21,MSFT,2025-04-15,C,280.72,250.64,0.227552,0.1,2.25,2.31,232,3944
2025-03-21,MSFT,2025-04-15,C,265.68,250.64,0.237304,0.25,2.36,2.4,164,3657
2025-03-21,MSFT,2025-04-15,C,250.64,250.64,0.269811,0.5,2.68,2.73,156,3225
2025-03-21,MSFT,2025-04-15,P,250.64,250.64,0.269811,-0.5,2.68,2.73,337,4633
2025-03-21,MSFT,2025-04-15,P,235.6,250.64,0.302317,-0.25,3.0,3.06,304,3872
2025-03-21,MSFT,2025-04-15,P,220.56,250.64,0.315319,-0.1,3.13,3.19,130,691
2025-03-21,MSFT,2025-04-22,C,280.72,250.64,0.230352,0.1,2.28,2.34,314,999
2025-03-21,MSFT,2025-04-22,C,265.68,250.64,0.240104,0.25,2.38,2.43,305,2618
2025-03-21,MSFT,2025-04-22,C,250.64,250.64,0.272611,0.5,2.71,2.76,463,3610
2025-03-21,MSFT,2025-04-22,P,250.64,250.64,0.272611,-0.5,2.7,2.76,180,2800
2025-03-21,MSFT,2025-04-22,P,235.6,250.64,0.305117,-0.25,3.03,3.09,483,4440
2025-03-21,MSFT,2025-04-22,P,220.56,250.64,0.318119,-0.1,3.16,3.22,397,1155
2025-03-21,MSFT,2025-05-20,C,280.72,250.64,0.241552,0.1,2.4,2.45,210,3683
2025-03-21,MSFT,2025-05-20,C,265.68,250.64,0.251304,0.25,2.49,2.55,394,68
2025-03-21,MSFT,2025-05-20,C,250.64,250.64,0.283811,0.5,2.82,2.87,317,1718
2025-03-21,MSFT,2025-05-20,P,250.64,250.64,0.283811,-0.5,2.82,2.87,219,4088
2025-03-21,MSFT,2025-05-20,P,235.6,250.64,0.316317,-0.25,3.15,3.19,166,1803
2025-03-21,MSFT,2025-05-20,P,220.56,250.64,0.329319,-0.1,3.27,3.33,274,2039
2025-03-24,MSFT,2025-04-18,C,278.72,248.86,0.219234,0.1,2.16,2.21,432,2617
2025-03-24,MSFT,2025-04-18,C,263.79,248.86,0.229526,0.25,2.25,2.31,162,3745
2025-03-24,MSFT,2025-04-18,C,248.86,248.86,0.263832,0.5,2.6,2.66,59,939
2025-03-24,MSFT,2025-04-18,P,248.86,248.86,0.263832,-0.5,2.6,2.65,417,2762
2025-03-24,MSFT,2025-04-18,P,233.92,248.86,0.298137,-0.25,2.94,2.99,334,2343
2025-03-24,MSFT,2025-04-18,P,218.99,248.86,0.31186,-0.1,3.08,3.13,405,238
2025-03-24,MSFT,2025-04-25,C,278.72,248.86,0.222034,0.1,2.18,2.24,344,4075
2025-03-24,MSFT,2025-04-25,C,263.79,248.86,0.232326,0.25,2.29,2.33,272,3229
2025-03-24,MSFT,2025-04-25,C,248.86,248.86,0.266632,0.5,2.63,2.68,297,2792
2025-03-24,MSFT,2025-04-25,P,248.86,248.86,0.266632,-0.5,2.63,2.68,217,4405
2025-03-24,MSFT,2025-04-25,P,233.92,248.86,0.300937,-0.25,2.97,3.02,53,3603
2025-03-24,MSFT,2025-04-25,P,218.99,248.86,0.31466,-0.1,3.11,3.16,217,3609
2025-03-24,MSFT,2025-05-23,C,278.72,248.86,0.233234,0.1,2.3,2.34,110,4613
2025-03-24,MSFT,2025-05-23,C,263.79,248.86,0.243526,0.25,2.4,2.45,171,4184
2025-03-24,MSFT,2025-05-23,C,248.86,248.86,0.277832,0.5,2.74,2.79,494,3259
2025-03-24,MSFT,2025-05-23,P,248.86,248.86,0.277832,-0.5,2.74,2.79,334,554
2025-03-24,MSFT,2025-05-23,P,233.92,248.86,0.312137,-0.25,3.08,3.13,423,3062
2025-03-24,MSFT,2025-05-23,P,218.99,248.86,0.32586,-0.1,3.22,3.26,22,566
2025-03-25,MSFT,2025-04-19,C,278.94,249.05,0.234761,0.1,2.32,2.36,132,1755
2025-03-25,MSFT,2025-04-19,C,263.99,249.05,0.24557,0.25,2.42,2.47,274,3233
2025-03-25,MSFT,2025-04-19,C,249.05,249.05,0.281598,0.5,2.78,2.83,332,3954
2025-03-25,MSFT,2025-04-19,P,249.05,249.05,0.281598,-0.5,2.78,2.83,78,86
2025-03-25,MSFT,2025-04-19,P,234.11,249.05,0.317626,-0.25,3.14,3.19,130,285
2025-03-25,MSFT,2025-04-19,P,219.17,249.05,0.332037,-0.1,3.28,3.34,467,577
2025-03-25,MSFT,2025-04-26,C,278.94,249.05,0.237561,0.1,2.34,2.39,51,2305
2025-03-25,MSFT,2025-04-26,C,263.99,249.05,0.24837,0.25,2.45,2.5,198,2700
2025-03-25,MSFT,2025-04-26,C,249.05,249.05,0.284398,0.5,2.81,2.86,295,4763
2025-03-25,MSFT,2025-04-26,P,249.05,249.05,0.284398,-0.5,2.81,2.85,434,2887
2025-03-25,MSFT,2025-04-26,P,234.11,249.05,0.320426,-0.25,3.16,3.22,490,646
2025-03-25,MSFT,2025-04-26,P,219.17,249.05,0.334837,-0.1,3.31,3.36,293,4322
2025-03-25,MSFT,2025-05-24,C,278.94,249.05,0.248761,0.1,2.45,2.51,285,4676
2025-03-25,MSFT,2025-05-24,C,263.99,249.05,0.25957,0.25,2.56,2.61,249,1975
2025-03-25,MSFT,2025-05-24,C,249.05,249.05,0.295598,0.5,2.92,2.97,419,1134
2025-03-25,MSFT,2025-05-24,P,249.05,249.05,0.295598,-0.5,2.92,2.97,52,3830
2025-03-25,MSFT,2025-05-24,P,234.11,249.05,0.331626,-0.25,3.27,3.33,227,4583
2025-03-25,MSFT,2025-05-24,P,219.17,249.05,0.346037,-0.1,3.43,3.47,383,3633
2025-03-26,MSFT,2025-04-20,C,278.32,248.5,0.209319,0.1,2.05,2.11,149,3506
2025-03-26,MSFT,2025-04-20,C,263.41,248.5,0.218863,0.25,2.15,2.2,332,4165
2025-03-26,MSFT,2025-04-20,C,248.5,248.5,0.250675,0.5,2.47,2.52,72,2723
2025-03-26,MSFT,2025-04-20,P,248.5,248.5,0.250675,-0.5,2.46,2.52,56,3286
2025-03-26,MSFT,2025-04-20,P,233.59,248.5,0.282487,-0.25,2.78,2.83,47,93
2025-03-26,MSFT,2025-04-20,P,218.68,248.5,0.295212,-0.1,2.91,2.96,307,142
2025-03-26,MSFT,2025-04-27,C,278.32,248.5,0.212119,0.1,2.09,2.13,226,1729
2025-03-26,MSFT,2025-04-27,C,263.41,248.5,0.221663,0.25,2.18,2.23,323,3451
2025-03-26,MSFT,2025-04-27,C,248.5,248.5,0.253475,0.5,2.5,2.54,435,3012
2025-03-26,MSFT,2025-04-27,P,248.5,248.5,0.253475,-0.5,2.49,2.55,353,933
2025-03-26,MSFT,2025-04-27,P,233.59,248.5,0.285287,-0.25,2.81,2.86,365,237
2025-03-26,MSFT,2025-04-27,P,218.68,248.5,0.298012,-0.1,2.94,2.99,484,3710
2025-03-26,MSFT,2025-05-25,C,278.32,248.5,0.223319,0.1,2.2,2.24,382,1674
2025-03-26,MSFT,2025-05-25,C,263.41,248.5,0.232863,0.25,2.29,2.34,435,1135
2025-03-26,MSFT,2025-05-25,C,248.5,248.5,0.264675,0.5,2.6,2.66,439,3065
2025-03-26,MSFT,2025-05-25,P,248.5,248.5,0.264675,-0.5,2.61,2.65,374,3711
2025-03-26,MSFT,2025-05-25,P,233.59,248.5,0.296487,-0.25,2.92,2.97,214,569
2025-03-26,MSFT,2025-05-25,P,218.68,248.5,0.309212,-0.1,3.04,3.1,23,2464
2025-03-27,MSFT,2025-04-21,C,282.16,251.93,0.254926,0.1,2.55,2.59,476,694
2025-03-27,MSFT,2025-04-21,C,267.05,251.93,0.264817,0.25,2.64,2.7,81,3372
2025-03-27,MSFT,2025-04-21,C,251.93,251.93,0.297784,0.5,2.98,3.02,44,3733
2025-03-27,MSFT,2025-04-21,P,251.93,251.93,0.297784,-0.5,2.98,3.03,388,1749
2025-03-27,MSFT,2025-04-21,P,236.81,251.93,0.330752,-0.25,3.31,3.36,215,3087
2025-03-27,MSFT,2025-04-21,P,221.7,251.93,0.343939,-0.1,3.44,3.49,425,3867
2025-03-27,MSFT,2025-04-28,C,282.16,251.93,0.257726,0.1,2.57,2.62,310,4693
2025-03-27,MSFT,2025-04-28,C,267.05,251.93,0.267617,0.25,2.67,2.73,376,1797
2025-03-27,MSFT,2025-04-28,C,251.93,251.93,0.300584,0.5,3.0,3.05,213,4787
2025-03-27,MSFT,2025-04-28,P,251.93,251.93,0.300584,-0.5,3.0,3.06,304,964
2025-03-27,MSFT,2025-04-28,P,236.81,251.93,0.333552,-0.25,3.34,3.38,325,1828
2025-03-27,MSFT,2025-04-28,P,221.7,251.93,0.346739,-0.1,3.47,3.52,167,4637
2025-03-27,MSFT,2025-05-26,C,282.16,251.93,0.268926,0.1,2.68,2.74,30,1385
2025-03-27,MSFT,2025-05-26,C,267.05,251.93,0.278817,0.25,2.78,2.84,285,174
2025-03-27,MSFT,2025-05-26,C,251.93,251.93,0.311784,0.5,3.12,3.17,449,1894
2025-03-27,MSFT,2025-05-26,P,251.93,251.93,0.311784,-0.5,3.12,3.17,68,2807
2025-03-27,MSFT,2025-05-26,P,236.81,251.93,0.344752,-0.25,3.45,3.5,337,1030
2025-03-27,MSFT,2025-05-26,P,221.7,251.93,0.357939,-0.1,3.58,3.64,391,390
2025-03-28,MSFT,2025-04-22,C,282.37,252.12,0.222531,0.1,2.22,2.27,384,1604
2025-03-28,MSFT,2025-04-22,C,267.24,252.12,0.232312,0.25,2.32,2.37,466,3545
2025-03-28,MSFT,2025-04-22,C,252.12,252.12,0.264919,0.5,2.65,2.7,1,1504
2025-03-28,MSFT,2025-04-22,P,252.12,252.12,0.264919,-0.5,2.64,2.7,499,438
2025-03-28,MSFT,2025-04-22,P,236.99,252.12,0.297525,-0.25,2.97,3.03,181,1249
2025-03-28,MSFT,2025-04-22,P,221.86,252.12,0.310568,-0.1,3.1,3.16,429,37
2025-03-28,MSFT,2025-04-29,C,282.37,252.12,0.225331,0.1,2.25,2.3,422,3115
2025-03-28,MSFT,2025-04-29,C,267.24,252.12,0.235112,0.25,2.35,2.4,367,4076
2025-03-28,MSFT,2025-04-29,C,252.12,252.12,0.267719,0.5,2.68,2.72,47,2083
2025-03-28,MSFT,2025-04-29,P,252.12,252.12,0.267719,-0.5,2.67,2.73,17,4444
2025-03-28,MSFT,2025-04-29,P,236.99,252.12,0.300325,-0.25,3.0,3.05,211,2794
2025-03-28,MSFT,2025-04-29,P,221.86,252.12,0.313368,-0.1,3.13,3.19,68,3900
2025-03-28,MSFT,2025-05-27,C,282.37,252.12,0.236531,0.1,2.36,2.41,489,4220
2025-03-28,MSFT,2025-05-27,C,267.24,252.12,0.246312,0.25,2.46,2.51,331,3252
2025-03-28,MSFT,2025-05-27,C,252.12,252.12,0.278919,0.5,2.79,2.84,231,598
2025-03-28,MSFT,2025-05-27,P,252.12,252.12,0.278919,-0.5,2.78,2.84,494,3012
2025-03-28,MSFT,2025-05-27,P,236.99,252.12,0.311525,-0.25,3.12,3.16,22,3387
2025-03-28,MSFT,2025-05-27,P,221.86,252.12,0.324568,-0.1,3.25,3.3,95,355
2025-03-31,MSFT,2025-04-25,C,281.57,251.4,0.241174,0.1,2.4,2.45,422,2591
2025-03-31,MSFT,2025-04-25,C,266.49,251.4,0.25162,0.25,2.51,2.55,397,2888
2025-03-31,MSFT,2025-04-25,C,251.4,251.4,0.286439,0.5,2.86,2.9,407,4632
2025-03-31,MSFT,2025-04-25,P,251.4,251.4,0.286439,-0.5,2.86,2.9,310,4356
2025-03-31,MSFT,2025-04-25,P,236.32,251.4,0.321259,-0.25,3.21,3.25,98,495
2025-03-31,MSFT,2025-04-25,P,221.23,251.4,0.335187,-0.1,3.35,3.4,268,3795
2025-03-31,MSFT,2025-05-02,C,281.57,251.4,0.243974,0.1,2.42,2.48,132,2610
2025-03-31,MSFT,2025-05-02,C,266.49,251.4,0.25442,0.25,2.53,2.58,416,232
2025-03-31,MSFT,2025-05-02,C,251.4,251.4,0.289239,0.5,2.88,2.93,285,1906
2025-03-31,MSFT,2025-05-02,P,251.4,251.4,0.289239,-0.5,2.88,2.94,121,2405
2025-03-31,MSFT,2025-05-02,P,236.32,251.4,0.324059,-0.25,3.23,3.29,403,4242
2025-03-31,MSFT,2025-05-02,P,221.23,251.4,0.337987,-0.1,3.38,3.42,188,2209
2025-03-31,MSFT,2025-05-30,C,281.57,251.4,0.255174,0.1,2.54,2.59,448,2128
2025-03-31,MSFT,2025-05-30,C,266.49,251.4,0.26562,0.25,2.65,2.7,328,4366
2025-03-31,MSFT,2025-05-30,C,251.4,251.4,0.300439,0.5,3.0,3.04,214,4473
2025-03-31,MSFT,2025-05-30,P,251.4,251.4,0.300439,-0.5,3.0,3.05,15,2969
2025-03-31,MSFT,2025-05-30,P,236.32,251.4,0.335259,-0.25,3.35,3.39,497,2640
2025-03-31,MSFT,2025-05-30,P,221.23,251.4,0.349187,-0.1,3.49,3.53,194,335
2025-04-01,MSFT,2025-04-26,C,279.72,249.75,0.226325,0.1,2.24,2.28,138,3082
2025-04-01,MSFT,2025-04-26,C,264.73,249.75,0.236507,0.25,2.34,2.38,42,846
2025-04-01,MSFT,2025-04-26,C,249.75,249.75,0.270446,0.5,2.68,2.72,496,2208
2025-04-01,MSFT,2025-04-26,P,249.75,249.75,0.270446,-0.5,2.68,2.72,212,696
2025-04-01,MSFT,2025-04-26,P,234.76,249.75,0.304384,-0.25,3.01,3.07,38,3721
2025-04-01,MSFT,2025-04-26,P,219.78,249.75,0.31796,-0.1,3.15,3.2,404,1388
2025-04-01,MSFT,2025-05-03,C,279.72,249.75,0.229125,0.1,2.26,2.32,304,3062
2025-04-01,MSFT,2025-05-03,C,264.73,249.75,0.239307,0.25,2.36,2.42,64,1072
2025-04-01,MSFT,2025-05-03,C,249.75,249.75,0.273246,0.5,2.71,2.75,333,2379
2025-04-01,MSFT,2025-05-03,P,249.75,249.75,0.273246,-0.5,2.71,2.75,155,3443
2025-04-01,MSFT,2025-05-03,P,234.76,249.75,0.307184,-0.25,3.05,3.09,499,768
2025-04-01,MSFT,2025-05-03,P,219.78,249.75,0.32076,-0.1,3.18,3.23,353,644
2025-04-01,MSFT,2025-05-31,C,279.72,249.75,0.240325,0.1,2.38,2.43,346,25
2025-04-01,MSFT,2025-05-31,C,264.73,249.75,0.250507,0.25,2.48,2.53,121,1498
2025-04-01,MSFT,2025-05-31,C,249.75,249.75,0.284446,0.5,2.82,2.87,289,4677
2025-04-01,MSFT,2025-05-31,P,249.75,249.75,0.284446,-0.5,2.81,2.87,487,2886
2025-04-01,MSFT,2025-05-31,P,234.76,249.75,0.318384,-0.25,3.16,3.2,24,3494
2025-04-01,MSFT,2025-05-31,P,219.78,249.75,0.33196,-0.1,3.29,3.35,326,2452
2025-04-02,MSFT,2025-04-27,C,281.47,251.31,0.198218,0.1,1.96,2.02,133,62
2025-04-02,MSFT,2025-04-27,C,266.39,251.31,0.208456,0.25,2.07,2.12,290,433
2025-04-02,MSFT,2025-04-27,C,251.31,251.31,0.242584,0.5,2.42,2.46,379,3910
2025-04-02,MSFT,2025-04-27,P,251.31,251.31,0.242584,-0.5,2.41,2.47,11,2813
2025-04-02,MSFT,2025-04-27,P,236.24,251.31,0.276713,-0.25,2.75,2.81,244,4258
2025-04-02,MSFT,2025-04-27,P,221.16,251.31,0.290364,-0.1,2.89,2.94,473,4981
2025-04-02,MSFT,2025-05-04,C,281.47,251.31,0.201018,0.1,2.0,2.04,323,865
2025-04-02,MSFT,2025-05-04,C,266.39,251.31,0.211256,0.25,2.1,2.15,448,2083
2025-04-02,MSFT,2025-05-04,C,251.31,251.31,0.245384,0.5,2.44,2.5,101,315
2025-04-02,MSFT,2025-05-04,P,251.31,251.31,0.245384,-0.5,2.45,2.49,440,210
2025-04-02,MSFT,2025-05-04,P,236.24,251.31,0.279513,-0.25,2.78,2.84,304,4161
2025-04-02,MSFT,2025-05-04,P,221.16,251.31,0.293164,-0.1,2.92,2.97,117,462
2025-04-02,MSFT,2025-06-01,C,281.47,251.31,0.212218,0.1,2.11,2.16,449,1746
2025-04-02,MSFT,2025-06-01,C,266.39,251.31,0.222456,0.25,2.21,2.26,356,3264
2025-04-02,MSFT,2025-06-01,C,251.31,251.31,0.256584,0.5,2.56,2.6,6,2106
2025-04-02,MSFT,2025-06-01,P,251.31,251.31,0.256584,-0.5,2.55,2.61,337,1301
2025-04-02,MSFT,2025-06-01,P,236.24,251.31,0.290713,-0.25,2.9,2.95,69,3072
2025-04-02,MSFT,2025-06-01,P,221.16,251.31,0.304364,-0.1,3.04,3.08,298,163
2025-04-03,MSFT,2025-04-28,C,281.0,250.89,0.240291,0.1,2.38,2.44,77,1250
2025-04-03,MSFT,2025-04-28,C,265.95,250.89,0.250854,0.25,2.49,2.55,318,2339
2025-04-03,MSFT,2025-04-28,C,250.89,250.89,0.286064,0.5,2.85,2.9,443,3854
2025-04-03,MSFT,2025-04-28,P,250.89,250.89,0.286064,-0.5,2.85,2.89,13,1200
2025-04-03,MSFT,2025-04-28,P,235.84,250.89,0.321273,-0.25,3.2,3.25,3,3362
2025-04-03,MSFT,2025-04-28,P,220.79,250.89,0.335357,-0.1,3.34,3.39,382,4048
2025-04-03,MSFT,2025-05-05,C,281.0,250.89,0.243091,0.1,2.42,2.46,325,2079
2025-04-03,MSFT,2025-05-05,C,265.95,250.89,0.253654,0.25,2.52,2.57,95,1005
2025-04-03,MSFT,2025-05-05,C,250.89,250.89,0.288864,0.5,2.87,2.93,212,485
2025-04-03,MSFT,2025-05-05,P,250.89,250.89,0.288864,-0.5,2.87,2.93,264,144
2025-04-03,MSFT,2025-05-05,P,235.84,250.89,0.324073,-0.25,3.23,3.28,430,301
2025-04-03,MSFT,2025-05-05,P,220.79,250.89,0.338157,-0.1,3.37,3.42,26,1065
2025-04-03,MSFT,2025-06-02,C,281.0,250.89,0.254291,0.1,2.53,2.58,88,4583
2025-04-03,MSFT,2025-06-02,C,265.95,250.89,0.264854,0.25,2.63,2.68,393,899
2025-04-03,MSFT,2025-06-02,C,250.89,250.89,0.300064,0.5,2.98,3.04,47,2212
2025-04-03,MSFT,2025-06-02,P,250.89,250.89,0.300064,-0.5,2.99,3.03,226,2438
2025-04-03,MSFT,2025-06-02,P,235.84,250.89,0.335273,-0.25,3.34,3.39,48,2155
2025-04-03,MSFT,2025-06-02,P,220.79,250.89,0.349357,-0.1,3.48,3.53,278,3530
2025-04-04,MSFT,2025-04-29,C,279.94,249.94,0.218099,0.1,2.16,2.2,472,3635
2025-04-04,MSFT,2025-04-29,C,264.94,249.94,0.228068,0.25,2.26,2.3,435,858
2025-04-04,MSFT,2025-04-29,C,249.94,249.94,0.2613,0.5,2.59,2.64,239,4385
2025-04-04,MSFT,2025-04-29,P,249.94,249.94,0.2613,-0.5,2.59,2.64,5,1182
2025-04-04,MSFT,2025-04-29,P,234.95,249.94,0.294532,-0.25,2.92,2.97,441,285
2025-04-04,MSFT,2025-04-29,P,219.95,249.94,0.307824,-0.1,3.05,3.11,168,2688
2025-04-04,MSFT,2025-05-06,C,279.94,249.94,0.220899,0.1,2.18,2.24,488,3867
2025-04-04,MSFT,2025-05-06,C,264.94,249.94,0.230868,0.25,2.28,2.33,362,3996
2025-04-04,MSFT,2025-05-06,C,249.94,249.94,0.2641,0.5,2.61,2.67,102,3711
2025-04-04,MSFT,2025-05-06,P,249.94,249.94,0.2641,-0.5,2.61,2.67,298,2166
2025-04-04,MSFT,2025-05-06,P,234.95,249.94,0.297332,-0.25,2.94,3.0,408,453
2025-04-04,MSFT,2025-05-06,P,219.95,249.94,0.310624,-0.1,3.08,3.13,433,1816
2025-04-04,MSFT,2025-06-03,C,279.94,249.94,0.232099,0.1,2.29,2.35,111,4465
2025-04-04,MSFT,2025-06-03,C,264.94,249.94,0.242068,0.25,2.39,2.45,144,137
2025-04-04,MSFT,2025-06-03,C,249.94,249.94,0.2753,0.5,2.73,2.78,164,4645
2025-04-04,MSFT,2025-06-03,P,249.94,249.94,0.2753,-0.5,2.73,2.78,403,4308
2025-04-04,MSFT,2025-06-03,P,234.95,249.94,0.308532,-0.25,3.06,3.11,356,4307
2025-04-04,MSFT,2025-06-03,P,219.95,249.94,0.321824,-0.1,3.19,3.24,444,2376
2025-04-07,MSFT,2025-05-02,C,280.39,250.35,0.238831,0.1,2.36,2.42,9,742
2025-04-07,MSFT,2025-05-02,C,265.37,250.35,0.249323,0.25,2.47,2.52,260,1740
2025-04-07,MSFT,2025-05-02,C,250.35,250.35,0.284296,0.5,2.82,2.87,20,4376
2025-04-07,MSFT,2025-05-02,P,250.35,250.35,0.284296,-0.5,2.82,2.87,495,575
2025-04-07,MSFT,2025-05-02,P,235.33,250.35,0.319269,-0.25,3.17,3.22,370,4286
2025-04-07,MSFT,2025-05-02,P,220.31,250.35,0.333259,-0.1,3.31,3.36,430,523
2025-04-07,MSFT,2025-05-09,C,280.39,250.35,0.241631,0.1,2.4,2.44,301,4035
2025-04-07,MSFT,2025-05-09,C,265.37,250.35,0.252123,0.25,2.5,2.55,435,866
2025-04-07,MSFT,2025-05-09,C,250.35,250.35,0.287096,0.5,2.85,2.9,138,4768
2025-04-07,MSFT,2025-05-09,P,250.35,250.35,0.287096,-0.5,2.85,2.9,165,2213
2025-04-07,MSFT,2025-05-09,P,235.33,250.35,0.322069,-0.25,3.2,3.25,88,1529
2025-04-07,MSFT,2025-05-09,P,220.31,250.35,0.336059,-0.1,3.34,3.39,106,3933
2025-04-07,MSFT,2025-06-06,C,280.39,250.35,0.252831,0.1,2.51,2.56,480,4469
2025-04-07,MSFT,2025-06-06,C,265.37,250.35,0.263323,0.25,2.61,2.66,151,4323
2025-04-07,MSFT,2025-06-06,C,250.35,250.35,0.298296,0.5,2.97,3.01,358,1742
2025-04-07,MSFT,2025-06-06,P,250.35,250.35,0.298296,-0.5,2.96,3.02,53,4507
2025-04-07,MSFT,2025-06-06,P,235.33,250.35,0.333269,-0.25,3.31,3.36,138,3352
2025-04-07,MSFT,2025-06-06,P,220.31,250.35,0.347259,-0.1,3.45,3.51,216,3540
2025-04-08,MSFT,2025-05-03,C,281.26,251.13,0.213384,0.1,2.12,2.17,113,3306
2025-04-08,MSFT,2025-05-03,C,266.2,251.13,0.223859,0.25,2.22,2.27,181,4426
2025-04-08,MSFT,2025-05-03,C,251.13,251.13,0.258778,0.5,2.57,2.62,355,898
2025-04-08,MSFT,2025-05-03,P,251.13,251.13,0.258778,-0.5,2.58,2.62,433,4231
2025-04-08,MSFT,2025-05-03,P,236.06,251.13,0.293696,-0.25,2.93,2.97,368,4346
2025-04-08,MSFT,2025-05-03,P,220.99,251.13,0.307664,-0.1,3.07,3.11,323,1964
2025-04-08,MSFT,2025-05-10,C,281.26,251.13,0.216184,0.1,2.14,2.2,399,2044
2025-04-08,MSFT,2025-05-10,C,266.2,251.13,0.226659,0.25,2.25,2.31,58,510
2025-04-08,MSFT,2025-05-10,C,251.13,251.13,0.261578,0.5,2.6,2.65,38,2916
2025-04-08,MSFT,2025-05-10,P,251.13,251.13,0.261578,-0.5,2.6,2.66,216,477
2025-04-08,MSFT,2025-05-10,P,236.06,251.13,0.296496,-0.25,2.95,3.0,131,3300
2025-04-08,MSFT,2025-05-10,P,220.99,251.13,0.310464,-0.1,3.09,3.15,218,4242
2025-04-08,MSFT,2025-06-07,C,281.26,251.13,0.227384,0.1,2.26,2.31,471,2590
2025-04-08,MSFT,2025-06-07,C,266.2,251.13,0.237859,0.25,2.36,2.41,37,4294
2025-04-08,MSFT,2025-06-07,C,251.13,251.13,0.272778,0.5,2.71,2.77,58,4013
2025-04-08,MSFT,2025-06-07,P,251.13,251.13,0.272778,-0.5,2.71,2.77,496,4399
2025-04-08,MSFT,2025-06-07,P,236.06,251.13,0.307696,-0.25,3.07,3.11,165,1470
2025-04-08,MSFT,2025-06-07,P,220.99,251.13,0.321664,-0.1,3.2,3.26,343,2728
2025-04-09,MSFT,2025-05-04,C,282.12,251.89,0.22583,0.1,2.25,2.3,102,3232
2025-04-09,MSFT,2025-05-04,C,267.0,251.89,0.236735,0.25,2.36,2.41,421,4062
2025-04-09,MSFT,2025-05-04,C,251.89,251.89,0.273085,0.5,2.73,2.77,482,2273
2025-04-09,MSFT,2025-05-04,P,251.89,251.89,0.273085,-0.5,2.73,2.77,444,4441
2025-04-09,MSFT,2025-05-04,P,236.78,251.89,0.309436,-0.25,3.1,3.14,421,3128
2025-04-09,MSFT,2025-05-04,P,221.66,251.89,0.323976,-0.1,3.24,3.29,238,3131
2025-04-09,MSFT,2025-05-11,C,282.12,251.89,0.22863,0.1,2.28,2.33,339,3580
2025-04-09,MSFT,2025-05-11,C,267.0,251.89,0.239535,0.25,2.39,2.44,350,460
2025-04-09,MSFT,2025-05-11,C,251.89,251.89,0.275885,0.5,2.76,2.8,274,2737
2025-04-09,MSFT,2025-05-11,P,251.89,251.89,0.275885,-0.5,2.76,2.8,192,3804
2025-04-09,MSFT,2025-05-11,P,236.78,251.89,0.312236,-0.25,3.12,3.17,172,4145
2025-04-09,MSFT,2025-05-11,P,221.66,251.89,0.326776,-0.1,3.27,3.31,200,3849
2025-04-09,MSFT,2025-06-08,C,282.12,251.89,0.23983,0.1,2.39,2.44,80,2644
2025-04-09,MSFT,2025-06-08,C,267.0,251.89,0.250735,0.25,2.5,2.55,68,3190
2025-04-09,MSFT,2025-06-08,C,251.89,251.89,0.287085,0.5,2.87,2.91,333,3979
2025-04-09,MSFT,2025-06-08,P,251.89,251.89,0.287085,-0.5,2.87,2.92,84,4786
2025-04-09,MSFT,2025-06-08,P,236.78,251.89,0.323436,-0.25,3.23,3.29,451,3040
2025-04-09,MSFT,2025-06-08,P,221.66,251.89,0.337976,-0.1,3.38,3.43,20,1106
2025-04-10,MSFT,2025-05-05,C,282.14,251.91,0.210978,0.1,2.1,2.15,247,3721
2025-04-10,MSFT,2025-05-05,C,267.03,251.91,0.221545,0.25,2.21,2.25,343,2144
2025-04-10,MSFT,2025-05-05,C,251.91,251.91,0.256767,0.5,2.56,2.61,135,2308
2025-04-10,MSFT,2025-05-05,P,251.91,251.91,0.256767,-0.5,2.56,2.61,442,2327
2025-04-10,MSFT,2025-05-05,P,236.8,251.91,0.291988,-0.25,2.91,2.97,416,1042
2025-04-10,MSFT,2025-05-05,P,221.68,251.91,0.306077,-0.1,3.06,3.11,455,4951
2025-04-10,MSFT,2025-05-12,C,282.14,251.91,0.213778,0.1,2.13,2.18,267,179
2025-04-10,MSFT,2025-05-12,C,267.03,251.91,0.224345,0.25,2.24,2.29,22,336
2025-04-10,MSFT,2025-05-12,C,251.91,251.91,0.259567,0.5,2.59,2.64,348,2213
2025-04-10,MSFT,2025-05-12,P,251.91,251.91,0.259567,-0.5,2.59,2.64,162,1372
2025-04-10,MSFT,2025-05-12,P,236.8,251.91,0.294788,-0.25,2.94,3.0,109,733
2025-04-10,MSFT,2025-05-12,P,221.68,251.91,0.308877,-0.1,3.08,3.14,286,2461
2025-04-10,MSFT,2025-06-09,C,282.14,251.91,0.224978,0.1,2.24,2.29,249,4205
2025-04-10,MSFT,2025-06-09,C,267.03,251.91,0.235545,0.25,2.35,2.4,408,884
2025-04-10,MSFT,2025-06-09,C,251.91,251.91,0.270767,0.5,2.7,2.75,197,3932
2025-04-10,MSFT,2025-06-09,P,251.91,251.91,0.270767,-0.5,2.71,2.75,249,3977
2025-04-10,MSFT,2025-06-09,P,236.8,251.91,0.305988,-0.25,3.06,3.11,308,2813
2025-04-10,MSFT,2025-06-09,P,221.68,251.91,0.320077,-0.1,3.2,3.25,337,290
2025-04-11,MSFT,2025-05-06,C,282.36,252.1,0.202507,0.1,2.02,2.07,310,4724
2025-04-11,MSFT,2025-05-06,C,267.23,252.1,0.213943,0.25,2.14,2.18,111,2253
2025-04-11,MSFT,2025-05-06,C,252.1,252.1,0.252064,0.5,2.52,2.57,93,541
2025-04-11,MSFT,2025-05-06,P,252.1,252.1,0.252064,-0.5,2.51,2.57,198,4807
2025-04-11,MSFT,2025-05-06,P,236.98,252.1,0.290184,-0.25,2.9,2.95,245,4734
2025-04-11,MSFT,2025-05-06,P,221.85,252.1,0.305433,-0.1,3.06,3.1,136,4904
2025-04-11,MSFT,2025-05-13,C,282.36,252.1,0.205307,0.1,2.04,2.1,464,1079
2025-04-11,MSFT,2025-05-13,C,267.23,252.1,0.216743,0.25,2.16,2.21,397,3993
2025-04-11,MSFT,2025-05-13,C,252.1,252.1,0.254864,0.5,2.55,2.59,470,1775
2025-04-11,MSFT,2025-05-13,P,252.1,252.1,0.254864,-0.5,2.54,2.6,98,743
2025-04-11,MSFT,2025-05-13,P,236.98,252.1,0.292984,-0.25,2.93,2.98,445,1256
2025-04-11,MSFT,2025-05-13,P,221.85,252.1,0.308233,-0.1,3.08,3.14,89,1839
2025-04-11,MSFT,2025-06-10,C,282.36,252.1,0.216507,0.1,2.16,2.21,237,985
2025-04-11,MSFT,2025-06-10,C,267.23,252.1,0.227943,0.25,2.28,2.32,28,3255
2025-04-11,MSFT,2025-06-10,C,252.1,252.1,0.266064,0.5,2.66,2.7,166,3342
2025-04-11,MSFT,2025-06-10,P,252.1,252.1,0.266064,-0.5,2.66,2.71,372,3359
2025-04-11,MSFT,2025-06-10,P,236.98,252.1,0.304184,-0.25,3.04,3.09,242,4231
2025-04-11,MSFT,2025-06-10,P,221.85,252.1,0.319433,-0.1,3.2,3.24,419,4467
2025-04-14,MSFT,2025-05-09,C,282.67,252.38,0.21026,0.1,2.1,2.14,55,2816
2025-04-14,MSFT,2025-05-09,C,267.53,252.38,0.222183,0.25,2.22,2.27,149,2301
2025-04-14,MSFT,2025-05-09,C,252.38,252.38,0.261928,0.5,2.62,2.67,334,3959
2025-04-14,MSFT,2025-05-09,P,252.38,252.38,0.261928,-0.5,2.62,2.67,181,4889
2025-04-14,MSFT,2025-05-09,P,237.24,252.38,0.301672,-0.25,3.02,3.07,208,206
2025-04-14,MSFT,2025-05-09,P,222.1,252.38,0.31757,-0.1,3.18,3.23,350,1114
2025-04-14,MSFT,2025-05-16,C,282.67,252.38,0.21306,0.1,2.13,2.17,121,359
2025-04-14,MSFT,2025-05-16,C,267.53,252.38,0.224983,0.25,2.25,2.29,397,1637
2025-04-14,MSFT,2025-05-16,C,252.38,252.38,0.264728,0.5,2.65,2.7,262,2970
2025-04-14,MSFT,2025-05-16,P,252.38,252.38,0.264728,-0.5,2.64,2.7,433,4689
2025-04-14,MSFT,2025-05-16,P,237.24,252.38,0.304472,-0.25,3.05,3.09,225,760
2025-04-14,MSFT,2025-05-16,P,222.1,252.38,0.32037,-0.1,3.21,3.26,138,499
2025-04-14,MSFT,2025-06-13,C,282.67,252.38,0.22426,0.1,2.24,2.29,419,3126
2025-04-14,MSFT,2025-06-13,C,267.53,252.38,0.236183,0.25,2.36,2.41,133,1095
2025-04-14,MSFT,2025-06-13,C,252.38,252.38,0.275928,0.5,2.76,2.81,146,3232
2025-04-14,MSFT,2025-06-13,P,252.38,252.38,0.275928,-0.5,2.76,2.81,254,1575
2025-04-14,MSFT,2025-06-13,P,237.24,252.38,0.315672,-0.25,3.16,3.21,186,3762
2025-04-14,MSFT,2025-06-13,P,222.1,252.38,0.33157,-0.1,3.32,3.37,413,3109
2025-04-15,MSFT,2025-05-10,C,283.12,252.79,0.202916,0.1,2.03,2.07,212,2264
2025-04-15,MSFT,2025-05-10,C,267.95,252.79,0.21473,0.25,2.15,2.2,149,3869
2025-04-15,MSFT,2025-05-10,C,252.79,252.79,0.254107,0.5,2.55,2.59,316,2510
2025-04-15,MSFT,2025-05-10,P,252.79,252.79,0.254107,-0.5,2.55,2.59,239,3237
2025-04-15,MSFT,2025-05-10,P,237.62,252.79,0.293485,-0.25,2.94,2.99,498,2510
2025-04-15,MSFT,2025-05-10,P,222.45,252.79,0.309236,-0.1,3.1,3.15,165,1582
2025-04-15,MSFT,2025-05-17,C,283.12,252.79,0.205716,0.1,2.06,2.1,374,3728
2025-04-15,MSFT,2025-05-17,C,267.95,252.79,0.21753,0.25,2.18,2.22,182,3859
2025-04-15,MSFT,2025-05-17,C,252.79,252.79,0.256907,0.5,2.57,2.62,367,4423
2025-04-15,MSFT,2025-05-17,P,252.79,252.79,0.256907,-0.5,2.58,2.62,235,2535
2025-04-15,MSFT,2025-05-17,P,237.62,252.79,0.296285,-0.25,2.98,3.02,123,4563
2025-04-15,MSFT,2025-05-17,P,222.45,252.79,0.312036,-0.1,3.13,3.18,125,3118
2025-04-15,MSFT,2025-06-14,C,283.12,252.79,0.216916,0.1,2.17,2.22,46,1428
2025-04-15,MSFT,2025-06-14,C,267.95,252.79,0.22873,0.25,2.29,2.34,420,4006
2025-04-15,MSFT,2025-06-14,C,252.79,252.79,0.268107,0.5,2.69,2.73,177,4794
2025-04-15,MSFT,2025-06-14,P,252.79,252.79,0.268107,-0.5,2.68,2.74,30,4815
2025-04-15,MSFT,2025-06-14,P,237.62,252.79,0.307485,-0.25,3.08,3.14,438,1478
2025-04-15,MSFT,2025-06-14,P,222.45,252.79,0.323236,-0.1,3.24,3.29,361,609
2025-04-16,MSFT,2025-05-11,C,283.69,253.3,0.203844,0.1,2.04,2.09,444,4335
2025-04-16,MSFT,2025-05-11,C,268.49,253.3,0.216154,0.25,2.17,2.21,334,810
2025-04-16,MSFT,2025-05-11,C,253.3,253.3,0.257188,0.5,2.59,2.63,247,3559
2025-04-16,MSFT,2025-05-11,P,253.3,253.3,0.257188,-0.5,2.58,2.63,139,996
2025-04-16,MSFT,2025-05-11,P,238.1,253.3,0.298221,-0.25,3.0,3.04,139,1535
2025-04-16,MSFT,2025-05-11,P,222.9,253.3,0.314635,-0.1,3.16,3.22,105,2438
2025-04-16,MSFT,2025-05-18,C,283.69,253.3,0.206644,0.1,2.07,2.12,236,860
2025-04-16,MSFT,2025-05-18,C,268.49,253.3,0.218954,0.25,2.2,2.24,220,1831
2025-04-16,MSFT,2025-05-18,C,253.3,253.3,0.259988,0.5,2.61,2.66,499,144
2025-04-16,MSFT,2025-05-18,P,253.3,253.3,0.259988,-0.5,2.61,2.66,488,1599
2025-04-16,MSFT,2025-05-18,P,238.1,253.3,0.301021,-0.25,3.02,3.08,26,344
2025-04-16,MSFT,2025-05-18,P,222.9,253.3,0.317435,-0.1,3.19,3.24,489,3106
2025-04-16,MSFT,2025-06-15,C,283.69,253.3,0.217844,0.1,2.18,2.24,138,928
2025-04-16,MSFT,2025-06-15,C,268.49,253.3,0.230154,0.25,2.3,2.36,335,4325
2025-04-16,MSFT,2025-06-15,C,253.3,253.3,0.271188,0.5,2.72,2.78,447,4044
2025-04-16,MSFT,2025-06-15,P,253.3,253.3,0.271188,-0.5,2.73,2.77,372,4736
2025-04-16,MSFT,2025-06-15,P,238.1,253.3,0.312221,-0.25,3.14,3.19,175,1069
2025-04-16,MSFT,2025-06-15,P,222.9,253.3,0.328635,-0.1,3.31,3.35,241,4682
2025-04-17,MSFT,2025-05-12,C,285.16,254.61,0.191348,0.1,1.92,1.98,231,2032
2025-04-17,MSFT,2025-05-12,C,269.89,254.61,0.20461,0.25,2.06,2.11,454,468
2025-04-17,MSFT,2025-05-12,C,254.61,254.61,0.248814,0.5,2.51,2.56,18,2564
2025-04-17,MSFT,2025-05-12,P,254.61,254.61,0.248814,-0.5,2.51,2.56,340,950
2025-04-17,MSFT,2025-05-12,P,239.33,254.61,0.293019,-0.25,2.96,3.01,402,989
2025-04-17,MSFT,2025-05-12,P,224.06,254.61,0.3107,-0.1,3.14,3.19,79,4900
2025-04-17,MSFT,2025-05-19,C,285.16,254.61,0.194148,0.1,1.96,2.0,350,1012
2025-04-17,MSFT,2025-05-19,C,269.89,254.61,0.20741,0.25,2.08,2.14,342,1241
2025-04-17,MSFT,2025-05-19,C,254.61,254.61,0.251614,0.5,2.54,2.58,316,3364
2025-04-17,MSFT,2025-05-19,P,254.61,254.61,0.251614,-0.5,2.54,2.59,31,4179
2025-04-17,MSFT,2025-05-19,P,239.33,254.61,0.295819,-0.25,2.99,3.04,52,1448
2025-04-17,MSFT,2025-05-19,P,224.06,254.61,0.3135,-0.1,3.17,3.22,393,4333
2025-04-17,MSFT,2025-06-16,C,285.16,254.61,0.205348,0.1,2.07,2.11,204,3684
2025-04-17,MSFT,2025-06-16,C,269.89,254.61,0.21861,0.25,2.2,2.25,393,2719
2025-04-17,MSFT,2025-06-16,C,254.61,254.61,0.262814,0.5,2.65,2.7,145,312
2025-04-17,MSFT,2025-06-16,P,254.61,254.61,0.262814,-0.5,2.65,2.7,163,485
2025-04-17,MSFT,2025-06-16,P,239.33,254.61,0.307019,-0.25,3.1,3.15,137,3042
2025-04-17,MSFT,2025-06-16,P,224.06,254.61,0.3247,-0.1,3.28,3.33,156,390
2025-04-18,MSFT,2025-05-13,C,285.24,254.68,0.205144,0.1,2.07,2.11,498,1384
2025-04-18,MSFT,2025-05-13,C,269.96,254.68,0.219727,0.25,2.22,2.26,155,2890
2025-04-18,MSFT,2025-05-13,C,254.68,254.68,0.268336,0.5,2.71,2.76,216,4215
2025-04-18,MSFT,2025-05-13,P,254.68,254.68,0.268336,-0.5,2.71,2.76,209,29
2025-04-18,MSFT,2025-05-13,P,239.4,254.68,0.316945,-0.25,3.2,3.25,10,1166
2025-04-18,MSFT,2025-05-13,P,224.12,254.68,0.336389,-0.1,3.41,3.45,124,3100
2025-04-18,MSFT,2025-05-20,C,285.24,254.68,0.207944,0.1,2.1,2.14,30,4499
2025-04-18,MSFT,2025-05-20,C,269.96,254.68,0.222527,0.25,2.24,2.29,29,1053
2025-04-18,MSFT,2025-05-20,C,254.68,254.68,0.271136,0.5,2.73,2.79,385,2736
2025-04-18,MSFT,2025-05-20,P,254.68,254.68,0.271136,-0.5,2.74,2.78,494,2591
2025-04-18,MSFT,2025-05-20,P,239.4,254.68,0.319745,-0.25,3.23,3.29,48,2126
2025-04-18,MSFT,2025-05-20,P,224.12,254.68,0.339189,-0.1,3.43,3.48,134,2311
2025-04-18,MSFT,2025-06-17,C,285.24,254.68,0.219144,0.1,2.21,2.26,26,817
2025-04-18,MSFT,2025-06-17,C,269.96,254.68,0.233727,0.25,2.36,2.41,489,4472
2025-04-18,MSFT,2025-06-17,C,254.68,254.68,0.282336,0.5,2.85,2.9,46,489
2025-04-18,MSFT,2025-06-17,P,254.68,254.68,0.282336,-0.5,2.85,2.9,498,36
2025-04-18,MSFT,2025-06-17,P,239.4,254.68,0.330945,-0.25,3.35,3.39,492,3350
2025-04-18,MSFT,2025-06-17,P,224.12,254.68,0.350389,-0.1,3.55,3.59,447,4204
2025-04-21,MSFT,2025-05-16,C,284.14,253.7,0.227721,0.1,2.28,2.34,33,4420
2025-04-21,MSFT,2025-05-16,C,268.92,253.7,0.24108,0.25,2.42,2.47,125,4487
2025-04-21,MSFT,2025-05-16,C,253.7,253.7,0.285611,0.5,2.87,2.93,350,2839
2025-04-21,MSFT,2025-05-16,P,253.7,253.7,0.285611,-0.5,2.88,2.92,264,1497
2025-04-21,MSFT,2025-05-16,P,238.47,253.7,0.330143,-0.25,3.32,3.38,249,278
2025-04-21,MSFT,2025-05-16,P,223.25,253.7,0.347955,-0.1,3.5,3.56,331,1642
2025-04-21,MSFT,2025-05-23,C,284.14,253.7,0.230521,0.1,2.31,2.37,143,1656
2025-04-21,MSFT,2025-05-23,C,268.92,253.7,0.24388,0.25,2.45,2.5,338,192
2025-04-21,MSFT,2025-05-23,C,253.7,253.7,0.288411,0.5,2.9,2.95,268,4338
2025-04-21,MSFT,2025-05-23,P,253.7,253.7,0.288411,-0.5,2.9,2.95,55,1385
2025-04-21,MSFT,2025-05-23,P,238.47,253.7,0.332943,-0.25,3.35,3.41,8,4154
2025-04-21,MSFT,2025-05-23,P,223.25,253.7,0.350755,-0.1,3.54,3.58,342,2905
2025-04-21,MSFT,2025-06-20,C,284.14,253.7,0.241721,0.1,2.43,2.48,174,1083
2025-04-21,MSFT,2025-06-20,C,268.92,253.7,0.25508,0.25,2.56,2.61,85,628
2025-04-21,MSFT,2025-06-20,C,253.7,253.7,0.299611,0.5,3.02,3.07,133,1286
2025-04-21,MSFT,2025-06-20,P,253.7,253.7,0.299611,-0.5,3.01,3.07,421,2776
2025-04-21,MSFT,2025-06-20,P,238.47,253.7,0.344143,-0.25,3.47,3.51,154,4633
2025-04-21,MSFT,2025-06-20,P,223.25,253.7,0.361955,-0.1,3.64,3.7,152,1333
2025-04-22,MSFT,2025-05-17,C,283.95,253.52,0.205063,0.1,2.06,2.1,295,1470
2025-04-22,MSFT,2025-05-17,C,268.73,253.52,0.219065,0.25,2.2,2.25,32,832
2025-04-22,MSFT,2025-05-17,C,253.52,253.52,0.265735,0.5,2.67,2.72,135,2791
2025-04-22,MSFT,2025-05-17,P,253.52,253.52,0.265735,-0.5,2.67,2.72,284,1211
2025-04-22,MSFT,2025-05-17,P,238.31,253.52,0.312405,-0.25,3.15,3.19,70,1799
2025-04-22,MSFT,2025-05-17,P,223.1,253.52,0.331073,-0.1,3.34,3.38,27,4731
2025-04-22,MSFT,2025-05-24,C,283.95,253.52,0.207863,0.1,2.08,2.14,34,3982
2025-04-22,MSFT,2025-05-24,C,268.73,253.52,0.221865,0.25,2.22,2.28,245,1221
2025-04-22,MSFT,2025-05-24,C,253.52,253.52,0.268535,0.5,2.7,2.74,415,2152
2025-04-22,MSFT,2025-05-24,P,253.52,253.52,0.268535,-0.5,2.69,2.75,84,1659
2025-04-22,MSFT,2025-05-24,P,238.31,253.52,0.315205,-0.25,3.18,3.22,493,3303
2025-04-22,MSFT,2025-05-24,P,223.1,253.52,0.333873,-0.1,3.36,3.41,295,2718
2025-04-22,MSFT,2025-06-21,C,283.95,253.52,0.219063,0.1,2.2,2.24,235,2549
2025-04-22,MSFT,2025-06-21,C,268.73,253.52,0.233065,0.25,2.34,2.39,49,4403
2025-04-22,MSFT,2025-06-21,C,253.52,253.52,0.279735,0.5,2.81,2.86,22,189
2025-04-22,MSFT,2025-06-21,P,253.52,253.52,0.279735,-0.5,2.81,2.86,121,3958
2025-04-22,MSFT,2025-06-21,P,238.31,253.52,0.326405,-0.25,3.28,3.34,492,4647
2025-04-22,MSFT,2025-06-21,P,223.1,253.52,0.345073,-0.1,3.47,3.53,302,1102
2025-04-23,MSFT,2025-05-18,C,284.96,254.43,0.197469,0.1,1.99,2.03,51,2529
2025-04-23,MSFT,2025-05-18,C,269.69,254.43,0.211783,0.25,2.13,2.18,477,3081
2025-04-23,MSFT,2025-05-18,C,254.43,254.43,0.259495,0.5,2.62,2.66,484,4708
2025-04-23,MSFT,2025-05-18,P,254.43,254.43,0.259495,-0.5,2.61,2.67,229,1337
2025-04-23,MSFT,2025-05-18,P,239.16,254.43,0.307207,-0.25,3.1,3.16,462,1727
2025-04-23,MSFT,2025-05-18,P,223.9,254.43,0.326291,-0.1,3.3,3.35,367,2401
2025-04-23,MSFT,2025-05-25,C,284.96,254.43,0.200269,0.1,2.01,2.07,186,1335
2025-04-23,MSFT,2025-05-25,C,269.69,254.43,0.214583,0.25,2.16,2.21,278,3304
2025-04-23,MSFT,2025-05-25,C,254.43,254.43,0.262295,0.5,2.64,2.7,127,583
2025-04-23,MSFT,2025-05-25,P,254.43,254.43,0.262295,-0.5,2.65,2.69,375,4740
2025-04-23,MSFT,2025-05-25,P,239.16,254.43,0.310007,-0.25,3.13,3.18,247,1736
2025-04-23,MSFT,2025-05-25,P,223.9,254.43,0.329091,-0.1,3.33,3.37,438,2352
2025-04-23,MSFT,2025-06-22,C,284.96,254.43,0.211469,0.1,2.13,2.18,95,2809
2025-04-23,MSFT,2025-06-22,C,269.69,254.43,0.225783,0.25,2.27,2.33,113,280
2025-04-23,MSFT,2025-06-22,C,254.43,254.43,0.273495,0.5,2.76,2.81,133,299
2025-04-23,MSFT,2025-06-22,P,254.43,254.43,0.273495,-0.5,2.75,2.81,113,225
2025-04-23,MSFT,2025-06-22,P,239.16,254.43,0.321207,-0.25,3.25,3.29,103,909
2025-04-23,MSFT,2025-06-22,P,223.9,254.43,0.340291,-0.1,3.44,3.49,274,2014
2025-04-24,MSFT,2025-05-19,C,282.56,252.28,0.188152,0.1,1.87,1.93,98,2627
2025-04-24,MSFT,2025-05-19,C,267.42,252.28,0.202353,0.25,2.02,2.07,70,1603
2025-04-24,MSFT,2025-05-19,C,252.28,252.28,0.249689,0.5,2.49,2.55,213,561
2025-04-24,MSFT,2025-05-19,P,252.28,252.28,0.249689,-0.5,2.5,2.54,165,493
2025-04-24,MSFT,2025-05-19,P,237.15,252.28,0.297025,-0.25,2.98,3.02,17,2937
2025-04-24,MSFT,2025-05-19,P,222.01,252.28,0.315959,-0.1,3.17,3.21,27,512
2025-04-24,MSFT,2025-05-26,C,282.56,252.28,0.190952,0.1,1.9,1.96,155,600
2025-04-24,MSFT,2025-05-26,C,267.42,252.28,0.205153,0.25,2.04,2.1,179,1766
2025-04-24,MSFT,2025-05-26,C,252.28,252.28,0.252489,0.5,2.52,2.58,188,3540
2025-04-24,MSFT,2025-05-26,P,252.28,252.28,0.252489,-0.5,2.53,2.57,124,4478
2025-04-24,MSFT,2025-05-26,P,237.15,252.28,0.299825,-0.25,3.0,3.05,78,1498
2025-04-24,MSFT,2025-05-26,P,222.01,252.28,0.318759,-0.1,3.19,3.24,38,3592
2025-04-24,MSFT,2025-06-23,C,282.56,252.28,0.202152,0.1,2.02,2.06,241,1764
2025-04-24,MSFT,2025-06-23,C,267.42,252.28,0.216353,0.25,2.16,2.2,438,2971
2025-04-24,MSFT,2025-06-23,C,252.28,252.28,0.263689,0.5,2.63,2.69,239,2088
2025-04-24,MSFT,2025-06-23,P,252.28,252.28,0.263689,-0.5,2.63,2.69,423,890
2025-04-24,MSFT,2025-06-23,P,237.15,252.28,0.311025,-0.25,3.11,3.17,211,4641
2025-04-24,MSFT,2025-06-23,P,222.01,252.28,0.329959,-0.1,3.3,3.36,92,555
2025-04-25,MSFT,2025-05-20,C,280.16,250.15,0.216414,0.1,2.14,2.19,381,3012
2025-04-25,MSFT,2025-05-20,C,265.16,250.15,0.229825,0.25,2.27,2.33,435,1880
2025-04-25,MSFT,2025-05-20,C,250.15,250.15,0.274526,0.5,2.73,2.77,243,1350
2025-04-25,MSFT,2025-05-20,P,250.15,250.15,0.274526,-0.5,2.72,2.77,64,2849
2025-04-25,MSFT,2025-05-20,P,235.14,250.15,0.319228,-0.25,3.17,3.22,281,3756
2025-04-25,MSFT,2025-05-20,P,220.13,250.15,0.337109,-0.1,3.35,3.39,281,3118
2025-04-25,MSFT,2025-05-27,C,280.16,250.15,0.219214,0.1,2.17,2.22,48,644
2025-04-25,MSFT,2025-05-27,C,265.16,250.15,0.232625,0.25,2.3,2.35,369,3368
2025-04-25,MSFT,2025-05-27,C,250.15,250.15,0.277326,0.5,2.75,2.8,24,3991
2025-04-25,MSFT,2025-05-27,P,250.15,250.15,0.277326,-0.5,2.75,2.8,225,1435
2025-04-25,MSFT,2025-05-27,P,235.14,250.15,0.322028,-0.25,3.19,3.25,60,4720
2025-04-25,MSFT,2025-05-27,P,220.13,250.15,0.339909,-0.1,3.38,3.42,451,4730
2025-04-25,MSFT,2025-06-24,C,280.16,250.15,0.230414,0.1,2.28,2.33,246,542
2025-04-25,MSFT,2025-06-24,C,265.16,250.15,0.243825,0.25,2.41,2.46,368,184
2025-04-25,MSFT,2025-06-24,C,250.15,250.15,0.288526,0.5,2.86,2.91,427,4666
2025-04-25,MSFT,2025-06-24,P,250.15,250.15,0.288526,-0.5,2.86,2.91,236,2548
2025-04-25,MSFT,2025-06-24,P,235.14,250.15,0.333228,-0.25,3.31,3.36,194,2709
2025-04-25,MSFT,2025-06-24,P,220.13,250.15,0.351109,-0.1,3.49,3.54,377,1084
2025-04-28,MSFT,2025-05-23,C,281.4,251.25,0.206066,0.1,2.05,2.09,459,3741
2025-04-28,MSFT,2025-05-23,C,266.32,251.25,0.220395,0.25,2.19,2.24,396,3496
2025-04-28,MSFT,2025-05-23,C,251.25,251.25,0.268161,0.5,2.67,2.72,214,3000
2025-04-28,MSFT,2025-05-23,P,251.25,251.25,0.268161,-0.5,2.67,2.72,493,3407
2025-04-28,MSFT,2025-05-23,P,236.17,251.25,0.315927,-0.25,3.15,3.2,312,4335
2025-04-28,MSFT,2025-05-23,P,221.1,251.25,0.335033,-0.1,3.34,3.39,101,288
2025-04-28,MSFT,2025-05-30,C,281.4,251.25,0.208866,0.1,2.07,2.13,307,313
2025-04-28,MSFT,2025-05-30,C,266.32,251.25,0.223195,0.25,2.21,2.27,26,3065
2025-04-28,MSFT,2025-05-30,C,251.25,251.25,0.270961,0.5,2.69,2.75,257,2829
2025-04-28,MSFT,2025-05-30,P,251.25,251.25,0.270961,-0.5,2.69,2.75,258,3609
2025-04-28,MSFT,2025-05-30,P,236.17,251.25,0.318727,-0.25,3.18,3.23,358,1822
2025-04-28,MSFT,2025-05-30,P,221.1,251.25,0.337833,-0.1,3.38,3.42,335,1262
2025-04-28,MSFT,2025-06-27,C,281.4,251.25,0.220066,0.1,2.18,2.24,438,1384
2025-04-28,MSFT,2025-06-27,C,266.32,251.25,0.234395,0.25,2.33,2.38,253,2547
2025-04-28,MSFT,2025-06-27,C,251.25,251.25,0.282161,0.5,2.81,2.86,287,4955
2025-04-28,MSFT,2025-06-27,P,251.25,251.25,0.282161,-0.5,2.82,2.86,29,2914
2025-04-28,MSFT,2025-06-27,P,236.17,251.25,0.329927,-0.25,3.29,3.34,475,391
2025-04-28,MSFT,2025-06-27,P,221.1,251.25,0.349033,-0.1,3.49,3.53,229,3474
2025-04-29,MSFT,2025-05-24,C,283.44,253.07,0.1914,0.1,1.91,1.97,15,3129
2025-04-29,MSFT,2025-05-24,C,268.26,253.07,0.204746,0.25,2.05,2.09,276,1441
2025-04-29,MSFT,2025-05-24,C,253.07,253.07,0.249232,0.5,2.5,2.54,334,3990
2025-04-29,MSFT,2025-05-24,P,253.07,253.07,0.249232,-0.5,2.5,2.55,324,24
2025-04-29,MSFT,2025-05-24,P,237.89,253.07,0.293718,-0.25,2.95,3.0,153,2419
2025-04-29,MSFT,2025-05-24,P,222.7,253.07,0.311512,-0.1,3.13,3.18,388,183
2025-04-29,MSFT,2025-05-31,C,283.44,253.07,0.1942,0.1,1.95,1.99,325,1753
2025-04-29,MSFT,2025-05-31,C,268.26,253.07,0.207546,0.25,2.07,2.13,276,3336
2025-04-29,MSFT,2025-05-31,C,253.07,253.07,0.252032,0.5,2.53,2.57,312,1088
2025-04-29,MSFT,2025-05-31,P,253.07,253.07,0.252032,-0.5,2.52,2.58,499,145
2025-04-29,MSFT,2025-05-31,P,237.89,253.07,0.296518,-0.25,2.98,3.03,428,2126
2025-04-29,MSFT,2025-05-31,P,222.7,253.07,0.314312,-0.1,3.16,3.2,427,2606
2025-04-29,MSFT,2025-06-28,C,283.44,253.07,0.2054,0.1,2.06,2.1,130,2825
2025-04-29,MSFT,2025-06-28,C,268.26,253.07,0.218746,0.25,2.19,2.24,326,2034
2025-04-29,MSFT,2025-06-28,C,253.07,253.07,0.263232,0.5,2.64,2.69,349,168
2025-04-29,MSFT,2025-06-28,P,253.07,253.07,0.263232,-0.5,2.64,2.69,130,3754
2025-04-29,MSFT,2025-06-28,P,237.89,253.07,0.307718,-0.25,3.09,3.14,395,1023
2025-04-29,MSFT,2025-06-28,P,222.7,253.07,0.325512,-0.1,3.27,3.32,437,1531
2025-04-30,MSFT,2025-05-25,C,281.74,251.55,0.194712,0.1,1.94,1.98,148,1515
2025-04-30,MSFT,2025-05-25,C,266.65,251.55,0.208464,0.25,2.07,2.13,133,199
2025-04-30,MSFT,2025-05-25,C,251.55,251.55,0.254304,0.5,2.53,2.58,329,2256
2025-04-30,MSFT,2025-05-25,P,251.55,251.55,0.254304,-0.5,2.53,2.59,379,3658
2025-04-30,MSFT,2025-05-25,P,236.46,251.55,0.300144,-0.25,3.0,3.04,291,3185
2025-04-30,MSFT,2025-05-25,P,221.37,251.55,0.31848,-0.1,3.18,3.23,172,678
2025-04-30,MSFT,2025-06-01,C,281.74,251.55,0.197512,0.1,1.96,2.02,358,3775
2025-04-30,MSFT,2025-06-01,C,266.65,251.55,0.211264,0.25,2.1,2.15,113,3604
2025-04-30,MSFT,2025-06-01,C,251.55,251.55,0.257104,0.5,2.56,2.61,15,2158
2025-04-30,MSFT,2025-06-01,P,251.55,251.55,0.257104,-0.5,2.56,2.61,68,188
2025-04-30,MSFT,2025-06-01,P,236.46,251.55,0.302944,-0.25,3.02,3.07,209,1734
2025-04-30,MSFT,2025-06-01,P,221.37,251.55,0.32128,-0.1,3.21,3.25,239,4237
2025-04-30,MSFT,2025-06-29,C,281.74,251.55,0.208712,0.1,2.08,2.12,390,2509
2025-04-30,MSFT,2025-06-29,C,266.65,251.55,0.222464,0.25,2.21,2.27,163,3026
2025-04-30,MSFT,2025-06-29,C,251.55,251.55,0.268304,0.5,2.68,2.72,377,3094
2025-04-30,MSFT,2025-06-29,P,251.55,251.55,0.268304,-0.5,2.67,2.73,310,4275
2025-04-30,MSFT,2025-06-29,P,236.46,251.55,0.314144,-0.25,3.14,3.18,468,179
2025-04-30,MSFT,2025-06-29,P,221.37,251.55,0.33248,-0.1,3.32,3.37,267,1136
2025-05-01,MSFT,2025-05-26,C,281.88,251.68,0.200474,0.1,1.99,2.04,265,3868
2025-05-01,MSFT,2025-05-26,C,266.78,251.68,0.215169,0.25,2.14,2.2,63,2926
2025-05-01,MSFT,2025-05-26,C,251.68,251.68,0.264153,0.5,2.63,2.69,123,3213
2025-05-01,MSFT,2025-05-26,P,251.68,251.68,0.264153,-0.5,2.64,2.68,208,3998
2025-05-01,MSFT,2025-05-26,P,236.58,251.68,0.313137,-0.25,3.13,3.18,286,4889
2025-05-01,MSFT,2025-05-26,P,221.47,251.68,0.332731,-0.1,3.33,3.37,451,1672
2025-05-01,MSFT,2025-06-02,C,281.88,251.68,0.203274,0.1,2.02,2.07,406,323
2025-05-01,MSFT,2025-06-02,C,266.78,251.68,0.217969,0.25,2.17,2.22,140,2682
2025-05-01,MSFT,2025-06-02,C,251.68,251.68,0.266953,0.5,2.67,2.71,67,833
2025-05-01,MSFT,2025-06-02,P,251.68,251.68,0.266953,-0.5,2.66,2.72,243,87
2025-05-01,MSFT,2025-06-02,P,236.58,251.68,0.315937,-0.25,3.15,3.21,417,3666
2025-05-01,MSFT,2025-06-02,P,221.47,251.68,0.335531,-0.1,3.35,3.4,35,2053
2025-05-01,MSFT,2025-06-30,C,281.88,251.68,0.214474,0.1,2.14,2.18,8,4010
2025-05-01,MSFT,2025-06-30,C,266.78,251.68,0.229169,0.25,2.29,2.33,296,1411
2025-05-01,MSFT,2025-06-30,C,251.68,251.68,0.278153,0.5,2.77,2.83,412,1516
2025-05-01,MSFT,2025-06-30,P,251.68,251.68,0.278153,-0.5,2.78,2.82,120,4867
2025-05-01,MSFT,2025-06-30,P,236.58,251.68,0.327137,-0.25,3.27,3.31,443,811
2025-05-01,MSFT,2025-06-30,P,221.47,251.68,0.346731,-0.1,3.47,3.51,9,3940
2025-05-02,MSFT,2025-05-27,C,281.34,251.2,0.201715,0.1,2.0,2.05,453,4881
2025-05-02,MSFT,2025-05-27,C,266.27,251.2,0.215164,0.25,2.14,2.18,173,3101
2025-05-02,MSFT,2025-05-27,C,251.2,251.2,0.259995,0.5,2.59,2.63,198,4552
2025-05-02,MSFT,2025-05-27,P,251.2,251.2,0.259995,-0.5,2.58,2.64,401,1522
2025-05-02,MSFT,2025-05-27,P,236.12,251.2,0.304826,-0.25,3.03,3.09,378,3155
2025-05-02,MSFT,2025-05-27,P,221.05,251.2,0.322759,-0.1,3.22,3.26,193,3017
2025-05-02,MSFT,2025-06-03,C,281.34,251.2,0.204515,0.1,2.03,2.08,286,1547
2025-05-02,MSFT,2025-06-03,C,266.27,251.2,0.217964,0.25,2.17,2.21,296,4884
2025-05-02,MSFT,2025-06-03,C,251.2,251.2,0.262795,0.5,2.62,2.66,331,2160
2025-05-02,MSFT,2025-06-03,P,251.2,251.2,0.262795,-0.5,2.61,2.67,482,3025
2025-05-02,MSFT,2025-06-03,P,236.12,251.2,0.307626,-0.25,3.07,3.11,76,508
2025-05-02,MSFT,2025-06-03,P,221.05,251.2,0.325559,-0.1,3.24,3.3,21,2422
2025-05-02,MSFT,2025-07-01,C,281.34,251.2,0.215715,0.1,2.14,2.19,33,4303
2025-05-02,MSFT,2025-07-01,C,266.27,251.2,0.229164,0.25,2.28,2.32,67,4298
2025-05-02,MSFT,2025-07-01,C,251.2,251.2,0.273995,0.5,2.73,2.78,167,4734
2025-05-02,MSFT,2025-07-01,P,251.2,251.2,0.273995,-0.5,2.73,2.78,382,1618
2025-05-02,MSFT,2025-07-01,P,236.12,251.2,0.318826,-0.25,3.18,3.23,83,4629
2025-05-02,MSFT,2025-07-01,P,221.05,251.2,0.336759,-0.1,3.35,3.41,139,2089
2025-05-05,MSFT,2025-05-30,C,280.99,250.88,0.198597,0.1,1.97,2.01,260,3472
2025-05-05,MSFT,2025-05-30,C,265.94,250.88,0.211802,0.25,2.1,2.15,460,3995
2025-05-05,MSFT,2025-05-30,C,250.88,250.88,0.255817,0.5,2.54,2.59,452,4816
2025-05-05,MSFT,2025-05-30,P,250.88,250.88,0.255817,-0.5,2.55,2.59,22,2474
2025-05-05,MSFT,2025-05-30,P,235.83,250.88,0.299833,-0.25,2.98,3.03,448,2687
2025-05-05,MSFT,2025-05-30,P,220.78,250.88,0.317439,-0.1,3.16,3.21,447,3051
2025-05-05,MSFT,2025-06-06,C,280.99,250.88,0.201397,0.1,2.0,2.04,321,907
2025-05-05,MSFT,2025-06-06,C,265.94,250.88,0.214602,0.25,2.13,2.18,42,3475
2025-05-05,MSFT,2025-06-06,C,250.88,250.88,0.258617,0.5,2.57,2.62,175,1783
2025-05-05,MSFT,2025-06-06,P,250.88,250.88,0.258617,-0.5,2.57,2.62,98,3931
2025-05-05,MSFT,2025-06-06,P,235.83,250.88,0.302633,-0.25,3.01,3.06,70,2698
2025-05-05,MSFT,2025-06-06,P,220.78,250.88,0.320239,-0.1,3.19,3.24,385,1334
2025-05-05,MSFT,2025-07-04,C,280.99,250.88,0.212597,0.1,2.11,2.16,254,326
2025-05-05,MSFT,2025-07-04,C,265.94,250.88,0.225802,0.25,2.24,2.29,389,1366
2025-05-05,MSFT,2025-07-04,C,250.88,250.88,0.269817,0.5,2.68,2.73,140,4967
2025-05-05,MSFT,2025-07-04,P,250.88,250.88,0.269817,-0.5,2.68,2.73,231,2558
2025-05-05,MSFT,2025-07-04,P,235.83,250.88,0.313833,-0.25,3.13,3.17,487,1458
2025-05-05,MSFT,2025-07-04,P,220.78,250.88,0.331439,-0.1,3.31,3.35,246,4275
2025-05-06,MSFT,2025-05-31,C,281.4,251.25,0.223954,0.1,2.22,2.28,320,4793
2025-05-06,MSFT,2025-05-31,C,266.32,251.25,0.23617,0.25,2.35,2.39,450,3378
2025-05-06,MSFT,2025-05-31,C,251.25,251.25,0.27689,0.5,2.76,2.8,229,2295
2025-05-06,MSFT,2025-05-31,P,251.25,251.25,0.27689,-0.5,2.75,2.81,94,366
2025-05-06,MSFT,2025-05-31,P,236.17,251.25,0.31761,-0.25,3.16,3.22,57,2908
2025-05-06,MSFT,2025-05-31,P,221.1,251.25,0.333898,-0.1,3.33,3.38,276,107
2025-05-06,MSFT,2025-06-07,C,281.4,251.25,0.226754,0.1,2.25,2.3,8,2479
2025-05-06,MSFT,2025-06-07,C,266.32,251.25,0.23897,0.25,2.38,2.42,81,2457
2025-05-06,MSFT,2025-06-07,C,251.25,251.25,0.27969,0.5,2.79,2.83,169,4997
2025-05-06,MSFT,2025-06-07,P,251.25,251.25,0.27969,-0.5,2.79,2.83,369,2406
2025-05-06,MSFT,2025-06-07,P,236.17,251.25,0.32041,-0.25,3.19,3.25,16,3566
2025-05-06,MSFT,2025-06-07,P,221.1,251.25,0.336698,-0.1,3.35,3.41,362,4707
2025-05-06,MSFT,2025-07-05,C,281.4,251.25,0.237954,0.1,2.37,2.41,451,1958
2025-05-06,MSFT,2025-07-05,C,266.32,251.25,0.25017,0.25,2.49,2.54,250,234
2025-05-06,MSFT,2025-07-05,C,251.25,251.25,0.29089,0.5,2.9,2.95,49,34
2025-05-06,MSFT,2025-07-05,P,251.25,251.25,0.29089,-0.5,2.89,2.95,313,3593
2025-05-06,MSFT,2025-07-05,P,236.17,251.25,0.33161,-0.25,3.31,3.36,128,2150
2025-05-06,MSFT,2025-07-05,P,221.1,251.25,0.347898,-0.1,3.47,3.53,449,3685
2025-05-07,MSFT,2025-06-01,C,279.66,249.7,0.189315,0.1,1.86,1.92,37,119
2025-05-07,MSFT,2025-06-01,C,264.68,249.7,0.201728,0.25,1.99,2.04,170,999
2025-05-07,MSFT,2025-06-01,C,249.7,249.7,0.243104,0.5,2.4,2.45,21,3123
2025-05-07,MSFT,2025-06-01,P,249.7,249.7,0.243104,-0.5,2.4,2.45,441,4865
2025-05-07,MSFT,2025-06-01,P,234.72,249.7,0.284479,-0.25,2.82,2.86,225,3885
2025-05-07,MSFT,2025-06-01,P,219.73,249.7,0.301029,-0.1,2.98,3.03,164,2099
2025-05-07,MSFT,2025-06-08,C,279.66,249.7,0.192115,0.1,1.9,1.94,399,3641
2025-05-07,MSFT,2025-06-08,C,264.68,249.7,0.204528,0.25,2.02,2.07,261,1601
2025-05-07,MSFT,2025-06-08,C,249.7,249.7,0.245904,0.5,2.43,2.48,106,3036
2025-05-07,MSFT,2025-06-08,P,249.7,249.7,0.245904,-0.5,2.43,2.48,230,3081
2025-05-07,MSFT,2025-06-08,P,234.72,249.7,0.287279,-0.25,2.84,2.89,478,4391
2025-05-07,MSFT,2025-06-08,P,219.73,249.7,0.303829,-0.1,3.01,3.06,405,561
2025-05-07,MSFT,2025-07-06,C,279.66,249.7,0.203315,0.1,2.0,2.06,29,1694
2025-05-07,MSFT,2025-07-06,C,264.68,249.7,0.215728,0.25,2.13,2.18,496,3020
2025-05-07,MSFT,2025-07-06,C,249.7,249.7,0.257104,0.5,2.55,2.59,405,3674
2025-05-07,MSFT,2025-07-06,P,249.7,249.7,0.257104,-0.5,2.55,2.59,73,4387
2025-05-07,MSFT,2025-07-06,P,234.72,249.7,0.298479,-0.25,2.95,3.01,57,3479
2025-05-07,MSFT,2025-07-06,P,219.73,249.7,0.315029,-0.1,3.12,3.17,387,3014
2025-05-08,MSFT,2025-06-02,C,278.17,248.37,0.206119,0.1,2.03,2.07,298,4644
2025-05-08,MSFT,2025-06-02,C,263.27,248.37,0.21967,0.25,2.16,2.21,335,1571
2025-05-08,MSFT,2025-06-02,C,248.37,248.37,0.264839,0.5,2.61,2.65,13,4962
2025-05-08,MSFT,2025-06-02,P,248.37,248.37,0.264839,-0.5,2.6,2.66,343,1753
2025-05-08,MSFT,2025-06-02,P,233.47,248.37,0.310009,-0.25,3.06,3.1,91,4028
2025-05-08,MSFT,2025-06-02,P,218.57,248.37,0.328077,-0.1,3.24,3.28,294,4839
2025-05-08,MSFT,2025-06-09,C,278.17,248.37,0.208919,0.1,2.05,2.1,455,3799
2025-05-08,MSFT,2025-06-09,C,263.27,248.37,0.22247,0.25,2.19,2.23,61,3513
2025-05-08,MSFT,2025-06-09,C,248.37,248.37,0.267639,0.5,2.63,2.69,4,1872
2025-05-08,MSFT,2025-06-09,P,248.37,248.37,0.267639,-0.5,2.63,2.69,61,2046
2025-05-08,MSFT,2025-06-09,P,233.47,248.37,0.312809,-0.25,3.08,3.14,458,3271
2025-05-08,MSFT,2025-06-09,P,218.57,248.37,0.330877,-0.1,3.27,3.31,206,2400
2025-05-08,MSFT,2025-07-07,C,278.17,248.37,0.220119,0.1,2.17,2.21,338,1981
2025-05-08,MSFT,2025-07-07,C,263.27,248.37,0.23367,0.25,2.29,2.35,179,1168
2025-05-08,MSFT,2025-07-07,C,248.37,248.37,0.278839,0.5,2.74,2.8,412,508
2025-05-08,MSFT,2025-07-07,P,248.37,248.37,0.278839,-0.5,2.74,2.8,443,4828
2025-05-08,MSFT,2025-07-07,P,233.47,248.37,0.324009,-0.25,3.19,3.25,177,4496
2025-05-08,MSFT,2025-07-07,P,218.57,248.37,0.342077,-0.1,3.37,3.43,477,3212
2025-05-09,MSFT,2025-06-03,C,277.77,248.01,0.200716,0.1,1.97,2.01,490,2142
2025-05-09,MSFT,2025-06-03,C,262.89,248.01,0.215754,0.25,2.12,2.16,180,4122
2025-05-09,MSFT,2025-06-03,C,248.01,248.01,0.265879,0.5,2.61,2.66,160,3075
2025-05-09,MSFT,2025-06-03,P,248.01,248.01,0.265879,-0.5,2.61,2.67,246,453
2025-05-09,MSFT,2025-06-03,P,233.13,248.01,0.316005,-0.25,3.11,3.16,441,512
2025-05-09,MSFT,2025-06-03,P,218.25,248.01,0.336055,-0.1,3.31,3.36,417,3155
2025-05-09,MSFT,2025-06-10,C,277.77,248.01,0.203516,0.1,2.0,2.04,304,3415
2025-05-09,MSFT,2025-06-10,C,262.89,248.01,0.218554,0.25,2.14,2.2,72,4144
2025-05-09,MSFT,2025-06-10,C,248.01,248.01,0.268679,0.5,2.64,2.69,247,918
2025-05-09,MSFT,2025-06-10,P,248.01,248.01,0.268679,-0.5,2.64,2.69,143,2459
2025-05-09,MSFT,2025-06-10,P,233.13,248.01,0.318805,-0.25,3.14,3.18,306,1599
2025-05-09,MSFT,2025-06-10,P,218.25,248.01,0.338855,-0.1,3.33,3.39,16,4743
2025-05-09,MSFT,2025-07-08,C,277.77,248.01,0.214716,0.1,2.1,2.16,239,13
2025-05-09,MSFT,2025-07-08,C,262.89,248.01,0.229754,0.25,2.25,2.3,19,841
2025-05-09,MSFT,2025-07-08,C,248.01,248.01,0.279879,0.5,2.75,2.8,221,2145
2025-05-09,MSFT,2025-07-08,P,248.01,248.01,0.279879,-0.5,2.75,2.81,339,3172
2025-05-09,MSFT,2025-07-08,P,233.13,248.01,0.330005,-0.25,3.25,3.3,279,3217
2025-05-09,MSFT,2025-07-08,P,218.25,248.01,0.350055,-0.1,3.44,3.5,118,305
2025-05-12,MSFT,2025-06-06,C,277.57,247.83,0.218741,0.1,2.15,2.19,436,774
2025-05-12,MSFT,2025-06-06,C,262.7,247.83,0.23239,0.25,2.27,2.33,161,19
2025-05-12,MSFT,2025-06-06,C,247.83,247.83,0.277888,0.5,2.73,2.78,378,445
2025-05-12,MSFT,2025-06-06,P,247.83,247.83,0.277888,-0.5,2.73,2.78,330,3108
2025-05-12,MSFT,2025-06-06,P,232.96,247.83,0.323385,-0.25,3.18,3.23,39,4114
2025-05-12,MSFT,2025-06-06,P,218.09,247.83,0.341585,-0.1,3.36,3.41,215,1908
2025-05-12,MSFT,2025-06-13,C,277.57,247.83,0.221541,0.1,2.17,2.22,111,3182
2025-05-12,MSFT,2025-06-13,C,262.7,247.83,0.23519,0.25,2.31,2.36,237,398
2025-05-12,MSFT,2025-06-13,C,247.83,247.83,0.280688,0.5,2.75,2.81,123,1578
2025-05-12,MSFT,2025-06-13,P,247.83,247.83,0.280688,-0.5,2.76,2.8,51,4509
2025-05-12,MSFT,2025-06-13,P,232.96,247.83,0.326185,-0.25,3.21,3.26,441,3667
2025-05-12,MSFT,2025-06-13,P,218.09,247.83,0.344385,-0.1,3.39,3.44,359,2028
2025-05-12,MSFT,2025-07-11,C,277.57,247.83,0.232741,0.1,2.28,2.33,6,1262
2025-05-12,MSFT,2025-07-11,C,262.7,247.83,0.24639,0.25,2.42,2.47,371,1175
2025-05-12,MSFT,2025-07-11,C,247.83,247.83,0.291888,0.5,2.87,2.92,348,68
2025-05-12,MSFT,2025-07-11,P,247.83,247.83,0.291888,-0.5,2.87,2.92,244,1241
2025-05-12,MSFT,2025-07-11,P,232.96,247.83,0.337385,-0.25,3.32,3.37,100,2852
2025-05-12,MSFT,2025-07-11,P,218.09,247.83,0.355585,-0.1,3.5,3.55,342,2844
2025-05-13,MSFT,2025-06-07,C,276.06,246.48,0.18401,0.1,1.79,1.84,65,4442
2025-05-13,MSFT,2025-06-07,C,261.27,246.48,0.197206,0.25,1.92,1.97,79,3258
2025-05-13,MSFT,2025-06-07,C,246.48,246.48,0.241193,0.5,2.36,2.4,206,631
2025-05-13,MSFT,2025-06-07,P,246.48,246.48,0.241193,-0.5,2.35,2.41,173,2843
2025-05-13,MSFT,2025-06-07,P,231.69,246.48,0.28518,-0.25,2.79,2.84,314,4875
2025-05-13,MSFT,2025-06-07,P,216.9,246.48,0.302774,-0.1,2.96,3.01,143,4005
2025-05-13,MSFT,2025-06-14,C,276.06,246.48,0.18681,0.1,1.82,1.87,407,1183
2025-05-13,MSFT,2025-06-14,C,261.27,246.48,0.200006,0.25,1.95,1.99,37,3083
2025-05-13,MSFT,2025-06-14,C,246.48,246.48,0.243993,0.5,2.38,2.43,106,3480
2025-05-13,MSFT,2025-06-14,P,246.48,246.48,0.243993,-0.5,2.38,2.43,452,2282
2025-05-13,MSFT,2025-06-14,P,231.69,246.48,0.28798,-0.25,2.81,2.86,48,3136
2025-05-13,MSFT,2025-06-14,P,216.9,246.48,0.305574,-0.1,2.99,3.04,12,4388
2025-05-13,MSFT,2025-07-12,C,276.06,246.48,0.19801,0.1,1.93,1.97,391,4899
2025-05-13,MSFT,2025-07-12,C,261.27,246.48,0.211206,0.25,2.06,2.1,495,1048
2025-05-13,MSFT,2025-07-12,C,246.48,246.48,0.255193,0.5,2.49,2.54,166,433
2025-05-13,MSFT,2025-07-12,P,246.48,246.48,0.255193,-0.5,2.49,2.54,430,778
2025-05-13,MSFT,2025-07-12,P,231.69,246.48,0.29918,-0.25,2.92,2.98,120,2898
2025-05-13,MSFT,2025-07-12,P,216.9,246.48,0.316774,-0.1,3.1,3.14,410,2306
2025-05-14,MSFT,2025-06-08,C,277.12,247.43,0.185976,0.1,1.81,1.87,172,548
2025-05-14,MSFT,2025-06-08,C,262.28,247.43,0.199685,0.25,1.95,2.0,315,2414
2025-05-14,MSFT,2025-06-08,C,247.43,247.43,0.245379,0.5,2.4,2.45,320,4782
2025-05-14,MSFT,2025-06-08,P,247.43,247.43,0.245379,-0.5,2.41,2.45,143,3746
2025-05-14,MSFT,2025-06-08,P,232.58,247.43,0.291074,-0.25,2.86,2.91,349,3307
2025-05-14,MSFT,2025-06-08,P,217.74,247.43,0.309351,-0.1,3.04,3.09,377,1143
2025-05-14,MSFT,2025-06-15,C,277.12,247.43,0.188776,0.1,1.85,1.89,375,517
2025-05-14,MSFT,2025-06-15,C,262.28,247.43,0.202485,0.25,1.97,2.03,409,3944
2025-05-14,MSFT,2025-06-15,C,247.43,247.43,0.248179,0.5,2.43,2.48,492,2650
2025-05-14,MSFT,2025-06-15,P,247.43,247.43,0.248179,-0.5,2.43,2.48,350,1769
2025-05-14,MSFT,2025-06-15,P,232.58,247.43,0.293874,-0.25,2.88,2.93,301,3594
2025-05-14,MSFT,2025-06-15,P,217.74,247.43,0.312151,-0.1,3.07,3.11,25,2636
2025-05-14,MSFT,2025-07-13,C,277.12,247.43,0.199976,0.1,1.96,2.0,356,25
2025-05-14,MSFT,2025-07-13,C,262.28,247.43,0.213685,0.25,2.09,2.14,341,3539
2025-05-14,MSFT,2025-07-13,C,247.43,247.43,0.259379,0.5,2.54,2.6,373,913
2025-05-14,MSFT,2025-07-13,P,247.43,247.43,0.259379,-0.5,2.54,2.59,156,4740
2025-05-14,MSFT,2025-07-13,P,232.58,247.43,0.305074,-0.25,2.99,3.05,335,4816
2025-05-14,MSFT,2025-07-13,P,217.74,247.43,0.323351,-0.1,3.17,3.23,142,4010
2025-05-15,MSFT,2025-06-09,C,276.56,246.93,0.223821,0.1,2.18,2.24,34,2490
2025-05-15,MSFT,2025-06-09,C,261.74,246.93,0.23868,0.25,2.33,2.39,190,4156
2025-05-15,MSFT,2025-06-09,C,246.93,246.93,0.288212,0.5,2.83,2.87,379,1520
2025-05-15,MSFT,2025-06-09,P,246.93,246.93,0.288212,-0.5,2.82,2.87,275,4277
2025-05-15,MSFT,2025-06-09,P,232.11,246.93,0.337744,-0.25,3.31,3.36,148,1527
2025-05-15,MSFT,2025-06-09,P,217.3,246.93,0.357557,-0.1,3.51,3.56,12,389
2025-05-15,MSFT,2025-06-16,C,276.56,246.93,0.226621,0.1,2.21,2.27,252,2460
2025-05-15,MSFT,2025-06-16,C,261.74,246.93,0.24148,0.25,2.36,2.41,16,1361
2025-05-15,MSFT,2025-06-16,C,246.93,246.93,0.291012,0.5,2.85,2.9,409,3173
2025-05-15,MSFT,2025-06-16,P,246.93,246.93,0.291012,-0.5,2.85,2.9,120,1664
2025-05-15,MSFT,2025-06-16,P,232.11,246.93,0.340544,-0.25,3.33,3.39,302,3865
2025-05-15,MSFT,2025-06-16,P,217.3,246.93,0.360357,-0.1,3.53,3.59,165,2235
2025-05-15,MSFT,2025-07-14,C,276.56,246.93,0.237821,0.1,2.32,2.38,279,3553
2025-05-15,MSFT,2025-07-14,C,261.74,246.93,0.25268,0.25,2.47,2.52,466,4803
2025-05-15,MSFT,2025-07-14,C,246.93,246.93,0.302212,0.5,2.96,3.01,226,3702
2025-05-15,MSFT,2025-07-14,P,246.93,246.93,0.302212,-0.5,2.96,3.01,435,2123
2025-05-15,MSFT,2025-07-14,P,232.11,246.93,0.351744,-0.25,3.45,3.5,399,965
2025-05-15,MSFT,2025-07-14,P,217.3,246.93,0.371557,-0.1,3.64,3.7,226,1855
2025-05-16,MSFT,2025-06-10,C,275.99,246.42,0.177373,0.1,1.72,1.78,224,832
2025-05-16,MSFT,2025-06-10,C,261.21,246.42,0.192489,0.25,1.87,1.93,166,1414
2025-05-16,MSFT,2025-06-10,C,246.42,246.42,0.242875,0.5,2.37,2.41,280,211
2025-05-16,MSFT,2025-06-10,P,246.42,246.42,0.242875,-0.5,2.37,2.42,109,2277
2025-05-16,MSFT,2025-06-10,P,231.64,246.42,0.293261,-0.25,2.87,2.91,66,3347
2025-05-16,MSFT,2025-06-10,P,216.85,246.42,0.313415,-0.1,3.06,3.11,50,379
2025-05-16,MSFT,2025-06-17,C,275.99,246.42,0.180173,0.1,1.75,1.8,148,518
2025-05-16,MSFT,2025-06-17,C,261.21,246.42,0.195289,0.25,1.9,1.95,452,1049
2025-05-16,MSFT,2025-06-17,C,246.42,246.42,0.245675,0.5,2.39,2.45,177,3483
2025-05-16,MSFT,2025-06-17,P,246.42,246.42,0.245675,-0.5,2.39,2.45,155,3784
2025-05-16,MSFT,2025-06-17,P,231.64,246.42,0.296061,-0.25,2.89,2.94,167,1569
2025-05-16,MSFT,2025-06-17,P,216.85,246.42,0.316215,-0.1,3.1,3.14,74,3239
2025-05-16,MSFT,2025-07-15,C,275.99,246.42,0.191373,0.1,1.86,1.91,324,1257
2025-05-16,MSFT,2025-07-15,C,261.21,246.42,0.206489,0.25,2.01,2.07,17,879
2025-05-16,MSFT,2025-07-15,C,246.42,246.42,0.256875,0.5,2.51,2.55,243,4747
2025-05-16,MSFT,2025-07-15,P,246.42,246.42,0.256875,-0.5,2.51,2.56,4,1973
2025-05-16,MSFT,2025-07-15,P,231.64,246.42,0.307261,-0.25,3.01,3.05,264,2026
2025-05-16,MSFT,2025-07-15,P,216.85,246.42,0.327415,-0.1,3.2,3.26,446,3473
2025-05-19,MSFT,2025-06-13,C,276.37,246.76,0.18506,0.1,1.8,1.85,6,1836
2025-05-19,MSFT,2025-06-13,C,261.57,246.76,0.199554,0.25,1.94,2.0,178,1279
2025-05-19,MSFT,2025-06-13,C,246.76,246.76,0.24787,0.5,2.43,2.47,63,3484
2025-05-19,MSFT,2025-06-13,P,246.76,246.76,0.24787,-0.5,2.42,2.48,369,4508
2025-05-19,MSFT,2025-06-13,P,231.96,246.76,0.296186,-0.25,2.9,2.95,85,2657
2025-05-19,MSFT,2025-06-13,P,217.15,246.76,0.315512,-0.1,3.09,3.14,202,4632
2025-05-19,MSFT,2025-06-20,C,276.37,246.76,0.18786,0.1,1.83,1.87,398,2066
2025-05-19,MSFT,2025-06-20,C,261.57,246.76,0.202354,0.25,1.98,2.02,36,4983
2025-05-19,MSFT,2025-06-20,C,246.76,246.76,0.25067,0.5,2.44,2.5,91,4012
2025-05-19,MSFT,2025-06-20,P,246.76,246.76,0.25067,-0.5,2.45,2.5,334,4760
2025-05-19,MSFT,2025-06-20,P,231.96,246.76,0.298986,-0.25,2.93,2.97,421,948
2025-05-19,MSFT,2025-06-20,P,217.15,246.76,0.318312,-0.1,3.12,3.17,399,3967
2025-05-19,MSFT,2025-07-18,C,276.37,246.76,0.19906,0.1,1.94,1.99,65,1509
2025-05-19,MSFT,2025-07-18,C,261.57,246.76,0.213554,0.25,2.08,2.13,358,2279
2025-05-19,MSFT,2025-07-18,C,246.76,246.76,0.26187,0.5,2.56,2.61,304,4321
2025-05-19,MSFT,2025-07-18,P,246.76,246.76,0.26187,-0.5,2.56,2.61,338,1004
2025-05-19,MSFT,2025-07-18,P,231.96,246.76,0.310186,-0.25,3.04,3.09,463,3555
2025-05-19,MSFT,2025-07-18,P,217.15,246.76,0.329512,-0.1,3.22,3.28,362,1084
2025-05-20,MSFT,2025-06-14,C,276.2,246.61,0.202824,0.1,1.97,2.03,451,2758
2025-05-20,MSFT,2025-06-14,C,261.4,246.61,0.217493,0.25,2.12,2.17,478,1004
2025-05-20,MSFT,2025-06-14,C,246.61,246.61,0.266387,0.5,2.6,2.66,427,3598
2025-05-20,MSFT,2025-06-14,P,246.61,246.61,0.266387,-0.5,2.61,2.65,491,465
2025-05-20,MSFT,2025-06-14,P,231.81,246.61,0.315282,-0.25,3.09,3.13,304,1246
2025-05-20,MSFT,2025-06-14,P,217.01,246.61,0.33484,-0.1,3.28,3.32,348,1155
2025-05-20,MSFT,2025-06-21,C,276.2,246.61,0.205624,0.1,2.01,2.05,485,1894
2025-05-20,MSFT,2025-06-21,C,261.4,246.61,0.220293,0.25,2.15,2.2,298,2281
2025-05-20,MSFT,2025-06-21,C,246.61,246.61,0.269187,0.5,2.63,2.68,321,1277
2025-05-20,MSFT,2025-06-21,P,246.61,246.61,0.269187,-0.5,2.63,2.68,166,4541
2025-05-20,MSFT,2025-06-21,P,231.81,246.61,0.318082,-0.25,3.11,3.17,330,913
2025-05-20,MSFT,2025-06-21,P,217.01,246.61,0.33764,-0.1,3.31,3.35,220,3122
2025-05-20,MSFT,2025-07-19,C,276.2,246.61,0.216824,0.1,2.12,2.16,317,437
2025-05-20,MSFT,2025-07-19,C,261.4,246.61,0.231493,0.25,2.26,2.3,187,3034
2025-05-20,MSFT,2025-07-19,C,246.61,246.61,0.280387,0.5,2.74,2.79,262,1301
2025-05-20,MSFT,2025-07-19,P,246.61,246.61,0.280387,-0.5,2.74,2.8,483,3961
2025-05-20,MSFT,2025-07-19,P,231.81,246.61,0.329282,-0.25,3.23,3.27,286,2042
2025-05-20,MSFT,2025-07-19,P,217.01,246.61,0.34884,-0.1,3.42,3.46,107,4576
2025-05-21,MSFT,2025-06-15,C,277.33,247.61,0.179435,0.1,1.75,1.8,64,3416
2025-05-21,MSFT,2025-06-15,C,262.47,247.61,0.194039,0.25,1.9,1.94,62,4668
2025-05-21,MSFT,2025-06-15,C,247.61,247.61,0.242717,0.5,2.37,2.43,11,3700
2025-05-21,MSFT,2025-06-15,P,247.61,247.61,0.242717,-0.5,2.38,2.43,436,245
2025-05-21,MSFT,2025-06-15,P,232.76,247.61,0.291395,-0.25,2.87,2.91,182,699
2025-05-21,MSFT,2025-06-15,P,217.9,247.61,0.310867,-0.1,3.05,3.1,321,3992
2025-05-21,MSFT,2025-06-22,C,277.33,247.61,0.182235,0.1,1.78,1.83,225,885
2025-05-21,MSFT,2025-06-22,C,262.47,247.61,0.196839,0.25,1.93,1.97,301,279
2025-05-21,MSFT,2025-06-22,C,247.61,247.61,0.245517,0.5,2.4,2.46,83,3906
2025-05-21,MSFT,2025-06-22,P,247.61,247.61,0.245517,-0.5,2.41,2.46,367,2882
2025-05-21,MSFT,2025-06-22,P,232.76,247.61,0.294195,-0.25,2.89,2.94,68,1279
2025-05-21,MSFT,2025-06-22,P,217.9,247.61,0.313667,-0.1,3.08,3.13,299,1491
2025-05-21,MSFT,2025-07-20,C,277.33,247.61,0.193435,0.1,1.89,1.94,284,2792
2025-05-21,MSFT,2025-07-20,C,262.47,247.61,0.208039,0.25,2.04,2.08,289,3647
2025-05-21,MSFT,2025-07-20,C,247.61,247.61,0.256717,0.5,2.52,2.57,150,2665
2025-05-21,MSFT,2025-07-20,P,247.61,247.61,0.256717,-0.5,2.51,2.57,189,1618
2025-05-21,MSFT,2025-07-20,P,232.76,247.61,0.305395,-0.25,3.0,3.05,214,10
2025-05-21,MSFT,2025-07-20,P,217.9,247.61,0.324867,-0.1,3.19,3.25,465,2517
2025-05-22,MSFT,2025-06-16,C,276.07,246.49,0.177516,0.1,1.73,1.77,250,3537
2025-05-22,MSFT,2025-06-16,C,261.28,246.49,0.191916,0.25,1.87,1.92,402,3330
2025-05-22,MSFT,2025-06-16,C,246.49,246.49,0.239919,0.5,2.34,2.39,301,3200
2025-05-22,MSFT,2025-06-16,P,246.49,246.49,0.239919,-0.5,2.34,2.39,391,1202
2025-05-22,MSFT,2025-06-16,P,231.7,246.49,0.287922,-0.25,2.81,2.86,323,2577
2025-05-22,MSFT,2025-06-16,P,216.91,246.49,0.307123,-0.1,3.0,3.06,273,2173
2025-05-22,MSFT,2025-06-23,C,276.07,246.49,0.180316,0.1,1.75,1.8,81,4922
2025-05-22,MSFT,2025-06-23,C,261.28,246.49,0.194716,0.25,1.89,1.95,258,1219
2025-05-22,MSFT,2025-06-23,C,246.49,246.49,0.242719,0.5,2.36,2.42,472,698
2025-05-22,MSFT,2025-06-23,P,246.49,246.49,0.242719,-0.5,2.36,2.42,324,924
2025-05-22,MSFT,2025-06-23,P,231.7,246.49,0.290722,-0.25,2.84,2.89,63,4919
2025-05-22,MSFT,2025-06-23,P,216.91,246.49,0.309923,-0.1,3.03,3.08,171,4200
2025-05-22,MSFT,2025-07-21,C,276.07,246.49,0.191516,0.1,1.86,1.91,72,563
2025-05-22,MSFT,2025-07-21,C,261.28,246.49,0.205916,0.25,2.0,2.06,48,2750
2025-05-22,MSFT,2025-07-21,C,246.49,246.49,0.253919,0.5,2.47,2.53,280,4346
2025-05-22,MSFT,2025-07-21,P,246.49,246.49,0.253919,-0.5,2.48,2.52,232,1331
2025-05-22,MSFT,2025-07-21,P,231.7,246.49,0.301922,-0.25,2.95,3.0,204,2678
2025-05-22,MSFT,2025-07-21,P,216.91,246.49,0.321123,-0.1,3.15,3.19,276,1950
2025-05-23,MSFT,2025-06-17,C,274.19,244.82,0.215888,0.1,2.09,2.14,380,3509
2025-05-23,MSFT,2025-06-17,C,259.5,244.82,0.229696,0.25,2.22,2.27,160,362
2025-05-23,MSFT,2025-06-17,C,244.82,244.82,0.275722,0.5,2.68,2.72,264,713
2025-05-23,MSFT,2025-06-17,P,244.82,244.82,0.275722,-0.5,2.67,2.73,172,445
2025-05-23,MSFT,2025-06-17,P,230.13,244.82,0.321749,-0.25,3.12,3.18,197,4035
2025-05-23,MSFT,2025-06-17,P,215.44,244.82,0.34016,-0.1,3.31,3.35,325,4442
2025-05-23,MSFT,2025-06-24,C,274.19,244.82,0.218688,0.1,2.11,2.17,54,226
2025-05-23,MSFT,2025-06-24,C,259.5,244.82,0.232496,0.25,2.25,2.31,498,1404
2025-05-23,MSFT,2025-06-24,C,244.82,244.82,0.278522,0.5,2.7,2.75,456,882
2025-05-23,MSFT,2025-06-24,P,244.82,244.82,0.278522,-0.5,2.7,2.76,34,4211
2025-05-23,MSFT,2025-06-24,P,230.13,244.82,0.324549,-0.25,3.15,3.21,105,4962
2025-05-23,MSFT,2025-06-24,P,215.44,244.82,0.34296,-0.1,3.34,3.38,224,3293
2025-05-23,MSFT,2025-07-22,C,274.19,244.82,0.229888,0.1,2.23,2.27,195,636
2025-05-23,MSFT,2025-07-22,C,259.5,244.82,0.243696,0.25,2.36,2.41,477,4682
2025-05-23,MSFT,2025-07-22,C,244.82,244.82,0.289722,0.5,2.81,2.86,69,261
2025-05-23,MSFT,2025-07-22,P,244.82,244.82,0.289722,-0.5,2.81,2.87,239,4040
2025-05-23,MSFT,2025-07-22,P,230.13,244.82,0.335749,-0.25,3.26,3.31,406,2359
2025-05-23,MSFT,2025-07-22,P,215.44,244.82,0.35416,-0.1,3.44,3.5,363,3383
2025-05-26,MSFT,2025-06-20,C,273.78,244.44,0.180088,0.1,1.74,1.79,162,225
2025-05-26,MSFT,2025-06-20,C,259.11,244.44,0.194156,0.25,1.87,1.92,260,1707
2025-05-26,MSFT,2025-06-20,C,244.44,244.44,0.241048,0.5,2.33,2.38,324,1355
2025-05-26,MSFT,2025-06-20,P,244.44,244.44,0.241048,-0.5,2.33,2.38,278,2151
2025-05-26,MSFT,2025-06-20,P,229.78,244.44,0.287941,-0.25,2.79,2.84,401,804
2025-05-26,MSFT,2025-06-20,P,215.11,244.44,0.306698,-0.1,2.97,3.03,122,1127
2025-05-26,MSFT,2025-06-27,C,273.78,244.44,0.182888,0.1,1.76,1.81,347,959
2025-05-26,MSFT,2025-06-27,C,259.11,244.44,0.196956,0.25,1.9,1.95,447,2186
2025-05-26,MSFT,2025-06-27,C,244.44,244.44,0.243848,0.5,2.36,2.41,321,4376
2025-05-26,MSFT,2025-06-27,P,244.44,244.44,0.243848,-0.5,2.36,2.41,83,2604
2025-05-26,MSFT,2025-06-27,P,229.78,244.44,0.290741,-0.25,2.82,2.87,461,4799
2025-05-26,MSFT,2025-06-27,P,215.11,244.44,0.309498,-0.1,3.0,3.06,423,3526
2025-05-26,MSFT,2025-07-25,C,273.78,244.44,0.194088,0.1,1.87,1.93,293,4496
2025-05-26,MSFT,2025-07-25,C,259.11,244.44,0.208156,0.25,2.01,2.06,210,420
2025-05-26,MSFT,2025-07-25,C,244.44,244.44,0.255048,0.5,2.46,2.52,327,3518
2025-05-26,MSFT,2025-07-25,P,244.44,244.44,0.255048,-0.5,2.47,2.52,31,2071
2025-05-26,MSFT,2025-07-25,P,229.78,244.44,0.301941,-0.25,2.93,2.98,360,4023
2025-05-26,MSFT,2025-07-25,P,215.11,244.44,0.320698,-0.1,3.11,3.16,114,1011
2025-05-27,MSFT,2025-06-21,C,273.86,244.52,0.234373,0.1,2.27,2.31,25,2489
2025-05-27,MSFT,2025-06-21,C,259.19,244.52,0.248634,0.25,2.41,2.46,217,3182
2025-05-27,MSFT,2025-06-21,C,244.52,244.52,0.296172,0.5,2.88,2.92,51,487
2025-05-27,MSFT,2025-06-21,P,244.52,244.52,0.296172,-0.5,2.87,2.92,400,3039
2025-05-27,MSFT,2025-06-21,P,229.84,244.52,0.343709,-0.25,3.33,3.39,380,3897
2025-05-27,MSFT,2025-06-21,P,215.17,244.52,0.362724,-0.1,3.52,3.58,478,1657
2025-05-27,MSFT,2025-06-28,C,273.86,244.52,0.237173,0.1,2.3,2.34,150,4460
2025-05-27,MSFT,2025-06-28,C,259.19,244.52,0.251434,0.25,2.43,2.48,170,511
2025-05-27,MSFT,2025-06-28,C,244.52,244.52,0.298972,0.5,2.9,2.95,315,3380
2025-05-27,MSFT,2025-06-28,P,244.52,244.52,0.298972,-0.5,2.9,2.95,52,56
2025-05-27,MSFT,2025-06-28,P,229.84,244.52,0.346509,-0.25,3.36,3.42,186,210
2025-05-27,MSFT,2025-06-28,P,215.17,244.52,0.365524,-0.1,3.55,3.6,178,4125
2025-05-27,MSFT,2025-07-26,C,273.86,244.52,0.248373,0.1,2.4,2.46,88,1857
2025-05-27,MSFT,2025-07-26,C,259.19,244.52,0.262634,0.25,2.55,2.59,462,2469
2025-05-27,MSFT,2025-07-26,C,244.52,244.52,0.310172,0.5,3.01,3.06,26,4464
2025-05-27,MSFT,2025-07-26,P,244.52,244.52,0.310172,-0.5,3.01,3.06,267,2027
2025-05-27,MSFT,2025-07-26,P,229.84,244.52,0.357709,-0.25,3.47,3.53,114,1712
2025-05-27,MSFT,2025-07-26,P,215.17,244.52,0.376724,-0.1,3.66,3.71,483,4614
2025-05-28,MSFT,2025-06-22,C,272.19,243.03,0.223146,0.1,2.15,2.19,178,4429
2025-05-28,MSFT,2025-06-22,C,257.61,243.03,0.237296,0.25,2.28,2.33,458,1596
2025-05-28,MSFT,2025-06-22,C,243.03,243.03,0.284465,0.5,2.74,2.79,497,2100
2025-05-28,MSFT,2025-06-22,P,243.03,243.03,0.284465,-0.5,2.74,2.79,217,2037
2025-05-28,MSFT,2025-06-22,P,228.45,243.03,0.331633,-0.25,3.2,3.25,190,1851
2025-05-28,MSFT,2025-06-22,P,213.86,243.03,0.3505,-0.1,3.38,3.43,414,4457
2025-05-28,MSFT,2025-06-29,C,272.19,243.03,0.225946,0.1,2.17,2.22,206,3234
2025-05-28,MSFT,2025-06-29,C,257.61,243.03,0.240096,0.25,2.31,2.36,267,834
2025-05-28,MSFT,2025-06-29,C,243.03,243.03,0.287265,0.5,2.77,2.82,175,262
2025-05-28,MSFT,2025-06-29,P,243.03,243.03,0.287265,-0.5,2.77,2.82,151,4994
2025-05-28,MSFT,2025-06-29,P,228.45,243.03,0.334433,-0.25,3.23,3.27,457,4300
2025-05-28,MSFT,2025-06-29,P,213.86,243.03,0.3533,-0.1,3.41,3.46,48,2303
2025-05-28,MSFT,2025-07-27,C,272.19,243.03,0.237146,0.1,2.28,2.33,7,1015
2025-05-28,MSFT,2025-07-27,C,257.61,243.03,0.251296,0.25,2.42,2.47,62,3259
2025-05-28,MSFT,2025-07-27,C,243.03,243.03,0.298465,0.5,2.88,2.93,470,4223
2025-05-28,MSFT,2025-07-27,P,243.03,243.03,0.298465,-0.5,2.87,2.93,25,2414
2025-05-28,MSFT,2025-07-27,P,228.45,243.03,0.345633,-0.25,3.33,3.39,12,369
2025-05-28,MSFT,2025-07-27,P,213.86,243.03,0.3645,-0.1,3.52,3.57,140,2089
2025-05-29,MSFT,2025-06-23,C,270.33,241.36,0.169549,0.1,1.61,1.66,166,2844
2025-05-29,MSFT,2025-06-23,C,255.84,241.36,0.183496,0.25,1.74,1.8,473,1395
2025-05-29,MSFT,2025-06-23,C,241.36,241.36,0.229985,0.5,2.19,2.25,64,2794
2025-05-29,MSFT,2025-06-23,P,241.36,241.36,0.229985,-0.5,2.2,2.25,23,1504
2025-05-29,MSFT,2025-06-23,P,226.88,241.36,0.276475,-0.25,2.65,2.69,6,1948
2025-05-29,MSFT,2025-06-23,P,212.4,241.36,0.29507,-0.1,2.82,2.88,69,2388
2025-05-29,MSFT,2025-06-30,C,270.33,241.36,0.172349,0.1,1.64,1.69,61,3801
2025-05-29,MSFT,2025-06-30,C,255.84,241.36,0.186296,0.25,1.77,1.83,189,4746
2025-05-29,MSFT,2025-06-30,C,241.36,241.36,0.232785,0.5,2.22,2.27,317,3275
2025-05-29,MSFT,2025-06-30,P,241.36,241.36,0.232785,-0.5,2.22,2.27,159,3407
2025-05-29,MSFT,2025-06-30,P,226.88,241.36,0.279275,-0.25,2.67,2.72,356,697
2025-05-29,MSFT,2025-06-30,P,212.4,241.36,0.29787,-0.1,2.85,2.91,367,3604
2025-05-29,MSFT,2025-07-28,C,270.33,241.36,0.183549,0.1,1.75,1.8,331,2412
2025-05-29,MSFT,2025-07-28,C,255.84,241.36,0.197496,0.25,1.88,1.93,262,642
2025-05-29,MSFT,2025-07-28,C,241.36,241.36,0.243985,0.5,2.33,2.38,180,632
2025-05-29,MSFT,2025-07-28,P,241.36,241.36,0.243985,-0.5,2.33,2.38,49,116
2025-05-29,MSFT,2025-07-28,P,226.88,241.36,0.290475,-0.25,2.78,2.83,432,1144
2025-05-29,MSFT,2025-07-28,P,212.4,241.36,0.30907,-0.1,2.96,3.01,353,4523
2025-05-30,MSFT,2025-06-24,C,270.57,241.58,0.217198,0.1,2.07,2.13,14,2306
2025-05-30,MSFT,2025-06-24,C,256.08,241.58,0.230154,0.25,2.19,2.25,499,2427
2025-05-30,MSFT,2025-06-24,C,241.58,241.58,0.273341,0.5,2.62,2.67,388,1479
2025-05-30,MSFT,2025-06-24,P,241.58,241.58,0.273341,-0.5,2.61,2.67,86,1138
2025-05-30,MSFT,2025-06-24,P,227.09,241.58,0.316528,-0.25,3.03,3.09,320,978
2025-05-30,MSFT,2025-06-24,P,212.59,241.58,0.333802,-0.1,3.2,3.25,482,2260
2025-05-30,MSFT,2025-07-01,C,270.57,241.58,0.219998,0.1,2.1,2.15,15,638
2025-05-30,MSFT,2025-07-01,C,256.08,241.58,0.232954,0.25,2.23,2.27,151,3835
2025-05-30,MSFT,2025-07-01,C,241.58,241.58,0.276141,0.5,2.64,2.7,271,1033
2025-05-30,MSFT,2025-07-01,P,241.58,241.58,0.276141,-0.5,2.64,2.69,418,493
2025-05-30,MSFT,2025-07-01,P,227.09,241.58,0.319328,-0.25,3.06,3.11,125,3968
2025-05-30,MSFT,2025-07-01,P,212.59,241.58,0.336602,-0.1,3.22,3.28,105,4429
2025-05-30,MSFT,2025-07-29,C,270.57,241.58,0.231198,0.1,2.21,2.26,175,1280
2025-05-30,MSFT,2025-07-29,C,256.08,241.58,0.244154,0.25,2.33,2.39,419,738
2025-05-30,MSFT,2025-07-29,C,241.58,241.58,0.287341,0.5,2.76,2.8,307,1578
2025-05-30,MSFT,2025-07-29,P,241.58,241.58,0.287341,-0.5,2.75,2.8,99,3474
2025-05-30,MSFT,2025-07-29,P,227.09,241.58,0.330528,-0.25,3.16,3.22,361,1804
2025-05-30,MSFT,2025-07-29,P,212.59,241.58,0.347802,-0.1,3.34,3.38,402,1897
2025-06-02,MSFT,2025-06-27,C,269.55,240.67,0.19672,0.1,1.87,1.92,95,4739
2025-06-02,MSFT,2025-06-27,C,255.11,240.67,0.209308,0.25,1.99,2.04,438,3917
2025-06-02,MSFT,2025-06-27,C,240.67,240.67,0.251268,0.5,2.39,2.45,398,2399
2025-06-02,MSFT,2025-06-27,P,240.67,240.67,0.251268,-0.5,2.39,2.45,170,1829
2025-06-02,MSFT,2025-06-27,P,226.23,240.67,0.293228,-0.25,2.79,2.85,44,4121
2025-06-02,MSFT,2025-06-27,P,211.79,240.67,0.310012,-0.1,2.96,3.01,434,1098
2025-06-02,MSFT,2025-07-04,C,269.55,240.67,0.19952,0.1,1.89,1.95,187,4735
2025-06-02,MSFT,2025-07-04,C,255.11,240.67,0.212108,0.25,2.02,2.07,255,4919
2025-06-02,MSFT,2025-07-04,C,240.67,240.67,0.254068,0.5,2.42,2.47,233,1883
2025-06-02,MSFT,2025-07-04,P,240.67,240.67,0.254068,-0.5,2.42,2.47,382,239
2025-06-02,MSFT,2025-07-04,P,226.23,240.67,0.296028,-0.25,2.82,2.88,376,3334
2025-06-02,MSFT,2025-07-04,P,211.79,240.67,0.312812,-0.1,2.99,3.03,186,1285
2025-06-02,MSFT,2025-08-01,C,269.55,240.67,0.21072,0.1,2.0,2.06,239,3970
2025-06-02,MSFT,2025-08-01,C,255.11,240.67,0.223308,0.25,2.12,2.18,237,1273
2025-06-02,MSFT,2025-08-01,C,240.67,240.67,0.265268,0.5,2.53,2.58,355,868
2025-06-02,MSFT,2025-08-01,P,240.67,240.67,0.265268,-0.5,2.53,2.58,138,3648
2025-06-02,MSFT,2025-08-01,P,226.23,240.67,0.307228,-0.25,2.93,2.98,463,3971
2025-06-02,MSFT,2025-08-01,P,211.79,240.67,0.324012,-0.1,3.1,3.14,425,1073
2025-06-03,MSFT,2025-06-28,C,267.6,238.93,0.210976,0.1,2.0,2.04,439,1400
2025-06-03,MSFT,2025-06-28,C,253.26,238.93,0.224468,0.25,2.12,2.17,463,1607
2025-06-03,MSFT,2025-06-28,C,238.93,238.93,0.269441,0.5,2.55,2.6,275,612
2025-06-03,MSFT,2025-06-28,P,238.93,238.93,0.269441,-0.5,2.55,2.6,268,2927
2025-06-03,MSFT,2025-06-28,P,224.59,238.93,0.314414,-0.25,2.98,3.03,43,2426
2025-06-03,MSFT,2025-06-28,P,210.26,238.93,0.332403,-0.1,3.15,3.2,283,4260
2025-06-03,MSFT,2025-07-05,C,267.6,238.93,0.213776,0.1,2.02,2.06,118,4072
2025-06-03,MSFT,2025-07-05,C,253.26,238.93,0.227268,0.25,2.15,2.19,338,2415
2025-06-03,MSFT,2025-07-05,C,238.93,238.93,0.272241,0.5,2.58,2.63,467,995
2025-06-03,MSFT,2025-07-05,P,238.93,238.93,0.272241,-0.5,2.58,2.62,360,383
2025-06-03,MSFT,2025-07-05,P,224.59,238.93,0.317214,-0.25,3.01,3.05,402,2872
2025-06-03,MSFT,2025-07-05,P,210.26,238.93,0.335203,-0.1,3.18,3.23,460,4045
2025-06-03,MSFT,2025-08-02,C,267.6,238.93,0.224976,0.1,2.12,2.18,72,1469
2025-06-03,MSFT,2025-08-02,C,253.26,238.93,0.238468,0.25,2.26,2.3,420,2053
2025-06-03,MSFT,2025-08-02,C,238.93,238.93,0.283441,0.5,2.68,2.74,382,2005
2025-06-03,MSFT,2025-08-02,P,238.93,238.93,0.283441,-0.5,2.69,2.73,414,4923
2025-06-03,MSFT,2025-08-02,P,224.59,238.93,0.328414,-0.25,3.11,3.16,424,1718
2025-06-03,MSFT,2025-08-02,P,210.26,238.93,0.346403,-0.1,3.28,3.34,190,4637
2025-06-04,MSFT,2025-06-29,C,268.9,240.09,0.178684,0.1,1.69,1.74,481,2418
2025-06-04,MSFT,2025-06-29,C,254.49,240.09,0.192014,0.25,1.82,1.87,175,2396
2025-06-04,MSFT,2025-06-29,C,240.09,240.09,0.236445,0.5,2.25,2.29,157,3114
2025-06-04,MSFT,2025-06-29,P,240.09,240.09,0.236445,-0.5,2.24,2.3,239,4847
2025-06-04,MSFT,2025-06-29,P,225.68,240.09,0.280877,-0.25,2.67,2.73,245,439
2025-06-04,MSFT,2025-06-29,P,211.28,240.09,0.298649,-0.1,2.85,2.89,70,2663
2025-06-04,MSFT,2025-07-06,C,268.9,240.09,0.181484,0.1,1.72,1.77,311,81
2025-06-04,MSFT,2025-07-06,C,254.49,240.09,0.194814,0.25,1.84,1.9,7,1795
2025-06-04,MSFT,2025-07-06,C,240.09,240.09,0.239245,0.5,2.28,2.32,489,2549
2025-06-04,MSFT,2025-07-06,P,240.09,240.09,0.239245,-0.5,2.27,2.33,279,3395
2025-06-04,MSFT,2025-07-06,P,225.68,240.09,0.283677,-0.25,2.7,2.75,23,2576
2025-06-04,MSFT,2025-07-06,P,211.28,240.09,0.301449,-0.1,2.87,2.92,287,280
2025-06-04,MSFT,2025-08-03,C,268.9,240.09,0.192684,0.1,1.82,1.88,298,3609
2025-06-04,MSFT,2025-08-03,C,254.49,240.09,0.206014,0.25,1.95,2.01,243,759
2025-06-04,MSFT,2025-08-03,C,240.09,240.09,0.250445,0.5,2.38,2.43,221,1618
2025-06-04,MSFT,2025-08-03,P,240.09,240.09,0.250445,-0.5,2.38,2.43,472,425
2025-06-04,MSFT,2025-08-03,P,225.68,240.09,0.294877,-0.25,2.81,2.86,179,209
2025-06-04,MSFT,2025-08-03,P,211.28,240.09,0.312649,-0.1,2.97,3.03,126,4330
2025-06-05,MSFT,2025-06-30,C,268.05,239.33,0.202614,0.1,1.91,1.97,203,4906
2025-06-05,MSFT,2025-06-30,C,253.69,239.33,0.214854,0.25,2.04,2.08,156,3627
2025-06-05,MSFT,2025-06-30,C,239.33,239.33,0.255655,0.5,2.42,2.48,83,3987
2025-06-05,MSFT,2025-06-30,P,239.33,239.33,0.255655,-0.5,2.42,2.47,401,4425
2025-06-05,MSFT,2025-06-30,P,224.97,239.33,0.296456,-0.25,2.81,2.87,194,1469
2025-06-05,MSFT,2025-06-30,P,210.61,239.33,0.312776,-0.1,2.97,3.02,207,2567
2025-06-05,MSFT,2025-07-07,C,268.05,239.33,0.205414,0.1,1.94,1.99,299,1654
2025-06-05,MSFT,2025-07-07,C,253.69,239.33,0.217654,0.25,2.06,2.11,195,4227
2025-06-05,MSFT,2025-07-07,C,239.33,239.33,0.258455,0.5,2.45,2.5,323,1663
2025-06-05,MSFT,2025-07-07,P,239.33,239.33,0.258455,-0.5,2.45,2.5,375,649
2025-06-05,MSFT,2025-07-07,P,224.97,239.33,0.299256,-0.25,2.84,2.89,434,3131
2025-06-05,MSFT,2025-07-07,P,210.61,239.33,0.315576,-0.1,3.0,3.04,94,4801
2025-06-05,MSFT,2025-08-04,C,268.05,239.33,0.216614,0.1,2.05,2.1,139,138
2025-06-05,MSFT,2025-08-04,C,253.69,239.33,0.228854,0.25,2.16,2.22,299,1844
2025-06-05,MSFT,2025-08-04,C,239.33,239.33,0.269655,0.5,2.56,2.6,192,601
2025-06-05,MSFT,2025-08-04,P,239.33,239.33,0.269655,-0.5,2.55,2.61,499,1800
2025-06-05,MSFT,2025-08-04,P,224.97,239.33,0.310456,-0.25,2.94,3.0,175,3156
2025-06-05,MSFT,2025-08-04,P,210.61,239.33,0.326776,-0.1,3.1,3.16,160,3116
2025-06-06,MSFT,2025-07-01,C,269.59,240.71,0.193723,0.1,1.84,1.89,105,2318
2025-06-06,MSFT,2025-07-01,C,255.15,240.71,0.206972,0.25,1.97,2.02,241,3321
2025-06-06,MSFT,2025-07-01,C,240.71,240.71,0.251136,0.5,2.4,2.44,290,3496
2025-06-06,MSFT,2025-07-01,P,240.71,240.71,0.251136,-0.5,2.4,2.44,358,2713
2025-06-06,MSFT,2025-07-01,P,226.27,240.71,0.295299,-0.25,2.82,2.86,163,124
2025-06-06,MSFT,2025-07-01,P,211.82,240.71,0.312965,-0.1,2.99,3.03,25,799
2025-06-06,MSFT,2025-07-08,C,269.59,240.71,0.196523,0.1,1.87,1.91,315,670
2025-06-06,MSFT,2025-07-08,C,255.15,240.71,0.209772,0.25,1.99,2.05,42,2007
2025-06-06,MSFT,2025-07-08,C,240.71,240.71,0.253936,0.5,2.42,2.47,296,4045
2025-06-06,MSFT,2025-07-08,P,240.71,240.71,0.253936,-0.5,2.42,2.47,118,2089
2025-06-06,MSFT,2025-07-08,P,226.27,240.71,0.298099,-0.25,2.85,2.89,464,1816
2025-06-06,MSFT,2025-07-08,P,211.82,240.71,0.315765,-0.1,3.02,3.07,56,3352
2025-06-06,MSFT,2025-08-05,C,269.59,240.71,0.207723,0.1,1.97,2.03,191,1791
2025-06-06,MSFT,2025-08-05,C,255.15,240.71,0.220972,0.25,2.1,2.15,464,1454
2025-06-06,MSFT,2025-08-05,C,240.71,240.71,0.265136,0.5,2.52,2.58,497,4822
2025-06-06,MSFT,2025-08-05,P,240.71,240.71,0.265136,-0.5,2.53,2.58,347,3925
2025-06-06,MSFT,2025-08-05,P,226.27,240.71,0.309299,-0.25,2.95,3.01,351,2458
2025-06-06,MSFT,2025-08-05,P,211.82,240.71,0.326965,-0.1,3.13,3.17,342,3933
2025-06-09,MSFT,2025-07-04,C,269.63,240.74,0.206865,0.1,1.97,2.01,439,3136
2025-06-09,MSFT,2025-07-04,C,255.19,240.74,0.220496,0.25,2.1,2.15,56,446
2025-06-09,MSFT,2025-07-04,C,240.74,240.74,0.265932,0.5,2.53,2.59,139,1230
2025-06-09,MSFT,2025-07-04,P,240.74,240.74,0.265932,-0.5,2.54,2.59,70,3339
2025-06-09,MSFT,2025-07-04,P,226.3,240.74,0.311367,-0.25,2.98,3.02,232,3699
2025-06-09,MSFT,2025-07-04,P,211.85,240.74,0.329542,-0.1,3.15,3.2,119,2473
2025-06-09,MSFT,2025-07-11,C,269.63,240.74,0.209665,0.1,1.99,2.04,120,4774
2025-06-09,MSFT,2025-07-11,C,255.19,240.74,0.223296,0.25,2.12,2.18,362,568
2025-06-09,MSFT,2025-07-11,C,240.74,240.74,0.268732,0.5,2.56,2.61,478,2588
2025-06-09,MSFT,2025-07-11,P,240.74,240.74,0.268732,-0.5,2.56,2.62,59,4084
2025-06-09,MSFT,2025-07-11,P,226.3,240.74,0.314167,-0.25,3.0,3.05,22,4432
2025-06-09,MSFT,2025-07-11,P,211.85,240.74,0.332342,-0.1,3.18,3.22,93,1363
2025-06-09,MSFT,2025-08-08,C,269.63,240.74,0.220865,0.1,2.1,2.15,259,1785
2025-06-09,MSFT,2025-08-08,C,255.19,240.74,0.234496,0.25,2.23,2.28,6,2054
2025-06-09,MSFT,2025-08-08,C,240.74,240.74,0.279932,0.5,2.67,2.72,427,4772
2025-06-09,MSFT,2025-08-08,P,240.74,240.74,0.279932,-0.5,2.67,2.72,230,2554
2025-06-09,MSFT,2025-08-08,P,226.3,240.74,0.325367,-0.25,3.11,3.16,353,801
2025-06-09,MSFT,2025-08-08,P,211.85,240.74,0.343542,-0.1,3.28,3.34,376,2919
2025-06-10,MSFT,2025-07-05,C,270.03,241.1,0.185069,0.1,1.76,1.81,412,2139
2025-06-10,MSFT,2025-07-05,C,255.56,241.1,0.200248,0.25,1.91,1.95,296,985
2025-06-10,MSFT,2025-07-05,C,241.1,241.1,0.250842,0.5,2.39,2.45,26,4679
2025-06-10,MSFT,2025-07-05,P,241.1,241.1,0.250842,-0.5,2.4,2.44,226,403
2025-06-10,MSFT,2025-07-05,P,226.63,241.1,0.301436,-0.25,2.89,2.93,461,3275
2025-06-10,MSFT,2025-07-05,P,212.16,241.1,0.321674,-0.1,3.08,3.13,447,2136
2025-06-10,MSFT,2025-07-12,C,270.03,241.1,0.187869,0.1,1.79,1.84,476,2333
2025-06-10,MSFT,2025-07-12,C,255.56,241.1,0.203048,0.25,1.93,1.98,278,2710
2025-06-10,MSFT,2025-07-12,C,241.1,241.1,0.253642,0.5,2.42,2.47,497,2461
2025-06-10,MSFT,2025-07-12,P,241.1,241.1,0.253642,-0.5,2.42,2.47,300,2733
2025-06-10,MSFT,2025-07-12,P,226.63,241.1,0.304236,-0.25,2.91,2.96,259,776
2025-06-10,MSFT,2025-07-12,P,212.16,241.1,0.324474,-0.1,3.1,3.15,461,1384
2025-06-10,MSFT,2025-08-09,C,270.03,241.1,0.199069,0.1,1.89,1.95,73,1870
2025-06-10,MSFT,2025-08-09,C,255.56,241.1,0.214248,0.25,2.04,2.09,66,3285
2025-06-10,MSFT,2025-08-09,C,241.1,241.1,0.264842,0.5,2.53,2.58,141,796
2025-06-10,MSFT,2025-08-09,P,241.1,241.1,0.264842,-0.5,2.53,2.58,274,2164
2025-06-10,MSFT,2025-08-09,P,226.63,241.1,0.315436,-0.25,3.01,3.07,494,975
2025-06-10,MSFT,2025-08-09,P,212.16,241.1,0.335674,-0.1,3.21,3.27,316,4081
2025-06-11,MSFT,2025-07-06,C,269.74,240.84,0.217006,0.1,2.07,2.12,143,3271
2025-06-11,MSFT,2025-07-06,C,255.29,240.84,0.232164,0.25,2.21,2.26,207,1957
2025-06-11,MSFT,2025-07-06,C,240.84,240.84,0.282692,0.5,2.69,2.75,473,3507
2025-06-11,MSFT,2025-07-06,P,240.84,240.84,0.282692,-0.5,2.69,2.75,499,4232
2025-06-11,MSFT,2025-07-06,P,226.39,240.84,0.33322,-0.25,3.18,3.24,380,3630
2025-06-11,MSFT,2025-07-06,P,211.94,240.84,0.353432,-0.1,3.38,3.43,195,4435
2025-06-11,MSFT,2025-07-13,C,269.74,240.84,0.219806,0.1,2.09,2.14,371,385
2025-06-11,MSFT,2025-07-13,C,255.29,240.84,0.234964,0.25,2.24,2.29,472,523
2025-06-11,MSFT,2025-07-13,C,240.84,240.84,0.285492,0.5,2.72,2.78,346,3236
2025-06-11,MSFT,2025-07-13,P,240.84,240.84,0.285492,-0.5,2.72,2.78,273,997
2025-06-11,MSFT,2025-07-13,P,226.39,240.84,0.33602,-0.25,3.21,3.26,157,1719
2025-06-11,MSFT,2025-07-13,P,211.94,240.84,0.356232,-0.1,3.41,3.46,235,3026
2025-06-11,MSFT,2025-08-10,C,269.74,240.84,0.231006,0.1,2.2,2.25,281,1271
2025-06-11,MSFT,2025-08-10,C,255.29,240.84,0.246164,0.25,2.35,2.4,470,2313
2025-06-11,MSFT,2025-08-10,C,240.84,240.84,0.296692,0.5,2.83,2.89,372,4472
2025-06-11,MSFT,2025-08-10,P,240.84,240.84,0.296692,-0.5,2.83,2.89,73,1605
2025-06-11,MSFT,2025-08-10,P,226.39,240.84,0.34722,-0.25,3.32,3.37,382,4627
2025-06-11,MSFT,2025-08-10,P,211.94,240.84,0.367432,-0.1,3.51,3.57,44,643
2025-06-12,MSFT,2025-07-07,C,266.17,237.66,0.197636,0.1,1.85,1.9,286,751
2025-06-12,MSFT,2025-07-07,C,251.92,237.66,0.212384,0.25,1.99,2.05,298,4666
2025-06-12,MSFT,2025-07-07,C,237.66,237.66,0.261546,0.5,2.46,2.52,268,728
2025-06-12,MSFT,2025-07-07,P,237.66,237.66,0.261546,-0.5,2.46,2.51,34,4479
2025-06-12,MSFT,2025-07-07,P,223.4,237.66,0.310707,-0.25,2.93,2.98,460,2178
2025-06-12,MSFT,2025-07-07,P,209.14,237.66,0.330372,-0.1,3.12,3.17,382,202
2025-06-12,MSFT,2025-07-14,C,266.17,237.66,0.200436,0.1,1.88,1.93,46,4299
2025-06-12,MSFT,2025-07-14,C,251.92,237.66,0.215184,0.25,2.03,2.07,7,808
2025-06-12,MSFT,2025-07-14,C,237.66,237.66,0.264346,0.5,2.49,2.54,241,2809
2025-06-12,MSFT,2025-07-14,P,237.66,237.66,0.264346,-0.5,2.49,2.54,4,149
2025-06-12,MSFT,2025-07-14,P,223.4,237.66,0.313507,-0.25,2.95,3.01,120,1222
2025-06-12,MSFT,2025-07-14,P,209.14,237.66,0.333172,-0.1,3.14,3.19,297,2800
2025-06-12,MSFT,2025-08-11,C,266.17,237.66,0.211636,0.1,1.99,2.04,376,2955
2025-06-12,MSFT,2025-08-11,C,251.92,237.66,0.226384,0.25,2.13,2.18,449,2865
2025-06-12,MSFT,2025-08-11,C,237.66,237.66,0.275546,0.5,2.59,2.64,133,2186
2025-06-12,MSFT,2025-08-11,P,237.66,237.66,0.275546,-0.5,2.6,2.64,75,2459
2025-06-12,MSFT,2025-08-11,P,223.4,237.66,0.324707,-0.25,3.06,3.11,369,2200
2025-06-12,MSFT,2025-08-11,P,209.14,237.66,0.344372,-0.1,3.25,3.3,417,3626
2025-06-13,MSFT,2025-07-08,C,264.65,236.29,0.200894,0.1,1.87,1.93,148,3127
2025-06-13,MSFT,2025-07-08,C,250.47,236.29,0.214508,0.25,2.01,2.05,263,3298
2025-06-13,MSFT,2025-07-08,C,236.29,236.29,0.25989,0.5,2.43,2.48,293,4649
2025-06-13,MSFT,2025-07-08,P,236.29,236.29,0.25989,-0.5,2.43,2.49,408,4231
2025-06-13,MSFT,2025-07-08,P,222.11,236.29,0.305271,-0.25,2.86,2.91,184,4596
2025-06-13,MSFT,2025-07-08,P,207.94,236.29,0.323423,-0.1,3.03,3.08,14,4376
2025-06-13,MSFT,2025-07-15,C,264.65,236.29,0.203694,0.1,1.9,1.95,437,4521
2025-06-13,MSFT,2025-07-15,C,250.47,236.29,0.217308,0.25,2.03,2.08,305,1523
2025-06-13,MSFT,2025-07-15,C,236.29,236.29,0.26269,0.5,2.45,2.51,467,3437
2025-06-13,MSFT,2025-07-15,P,236.29,236.29,0.26269,-0.5,2.45,2.51,463,37
2025-06-13,MSFT,2025-07-15,P,222.11,236.29,0.308071,-0.25,2.89,2.94,289,3565
2025-06-13,MSFT,2025-07-15,P,207.94,236.29,0.326223,-0.1,3.06,3.1,83,3815
2025-06-13,MSFT,2025-08-12,C,264.65,236.29,0.214894,0.1,2.0,2.06,221,1381
2025-06-13,MSFT,2025-08-12,C,250.47,236.29,0.228508,0.25,2.13,2.19,252,663
2025-06-13,MSFT,2025-08-12,C,236.29,236.29,0.27389,0.5,2.56,2.62,299,4332
2025-06-13,MSFT,2025-08-12,P,236.29,236.29,0.27389,-0.5,2.56,2.61,474,2542
2025-06-13,MSFT,2025-08-12,P,222.11,236.29,0.319271,-0.25,2.99,3.04,324,1733
2025-06-13,MSFT,2025-08-12,P,207.94,236.29,0.337423,-0.1,3.16,3.22,218,1531
2025-06-16,MSFT,2025-07-11,C,264.48,236.14,0.188918,0.1,1.76,1.81,235,3286
2025-06-16,MSFT,2025-07-11,C,250.31,236.14,0.203496,0.25,1.89,1.95,143,830
2025-06-16,MSFT,2025-07-11,C,236.14,236.14,0.252088,0.5,2.36,2.4,196,529
2025-06-16,MSFT,2025-07-11,P,236.14,236.14,0.252088,-0.5,2.36,2.4,190,2040
2025-06-16,MSFT,2025-07-11,P,221.97,236.14,0.300681,-0.25,2.81,2.87,309,2712
2025-06-16,MSFT,2025-07-11,P,207.8,236.14,0.320117,-0.1,3.0,3.04,28,3129
2025-06-16,MSFT,2025-07-18,C,264.48,236.14,0.191718,0.1,1.78,1.84,400,1973
2025-06-16,MSFT,2025-07-18,C,250.31,236.14,0.206296,0.25,1.93,1.97,393,3822
2025-06-16,MSFT,2025-07-18,C,236.14,236.14,0.254888,0.5,2.39,2.43,388,4079
2025-06-16,MSFT,2025-07-18,P,236.14,236.14,0.254888,-0.5,2.38,2.44,320,4441
2025-06-16,MSFT,2025-07-18,P,221.97,236.14,0.303481,-0.25,2.85,2.89,323,547
2025-06-16,MSFT,2025-07-18,P,207.8,236.14,0.322917,-0.1,3.02,3.08,484,2381
2025-06-16,MSFT,2025-08-15,C,264.48,236.14,0.202918,0.1,1.89,1.94,121,2870
2025-06-16,MSFT,2025-08-15,C,250.31,236.14,0.217496,0.25,2.03,2.07,305,3222
2025-06-16,MSFT,2025-08-15,C,236.14,236.14,0.266088,0.5,2.48,2.54,352,3381
2025-06-16,MSFT,2025-08-15,P,236.14,236.14,0.266088,-0.5,2.49,2.54,217,4804
2025-06-16,MSFT,2025-08-15,P,221.97,236.14,0.314681,-0.25,2.95,3.0,270,294
2025-06-16,MSFT,2025-08-15,P,207.8,236.14,0.334117,-0.1,3.13,3.18,115,307
2025-06-17,MSFT,2025-07-12,C,264.97,236.58,0.199813,0.1,1.86,1.92,9,1085
2025-06-17,MSFT,2025-07-12,C,250.77,236.58,0.216257,0.25,2.03,2.07,376,3093
2025-06-17,MSFT,2025-07-12,C,236.58,236.58,0.271068,0.5,2.54,2.59,237,2669
2025-06-17,MSFT,2025-07-12,P,236.58,236.58,0.271068,-0.5,2.54,2.59,295,3435
2025-06-17,MSFT,2025-07-12,P,222.38,236.58,0.325879,-0.25,3.05,3.11,495,441
2025-06-17,MSFT,2025-07-12,P,208.19,236.58,0.347803,-0.1,3.26,3.32,404,788
2025-06-17,MSFT,2025-07-19,C,264.97,236.58,0.202613,0.1,1.89,1.94,147,1793
2025-06-17,MSFT,2025-07-19,C,250.77,236.58,0.219057,0.25,2.05,2.1,271,385
2025-06-17,MSFT,2025-07-19,C,236.58,236.58,0.273868,0.5,2.56,2.62,192,3970
2025-06-17,MSFT,2025-07-19,P,236.58,236.58,0.273868,-0.5,2.56,2.62,69,4673
2025-06-17,MSFT,2025-07-19,P,222.38,236.58,0.328679,-0.25,3.09,3.13,68,675
2025-06-17,MSFT,2025-07-19,P,208.19,236.58,0.350603,-0.1,3.3,3.34,48,2662
2025-06-17,MSFT,2025-08-16,C,264.97,236.58,0.213813,0.1,1.99,2.05,487,1346
2025-06-17,MSFT,2025-08-16,C,250.77,236.58,0.230257,0.25,2.16,2.2,113,2200
2025-06-17,MSFT,2025-08-16,C,236.58,236.58,0.285068,0.5,2.67,2.73,456,2263
2025-06-17,MSFT,2025-08-16,P,236.58,236.58,0.285068,-0.5,2.67,2.72,122,2318
2025-06-17,MSFT,2025-08-16,P,222.38,236.58,0.339879,-0.25,3.19,3.24,237,2210
2025-06-17,MSFT,2025-08-16,P,208.19,236.58,0.361803,-0.1,3.4,3.45,450,3774
2025-06-18,MSFT,2025-07-13,C,262.56,234.43,0.177737,0.1,1.64,1.69,427,704
2025-06-18,MSFT,2025-07-13,C,248.5,234.43,0.193467,0.25,1.79,1.83,162,575
2025-06-18,MSFT,2025-07-13,C,234.43,234.43,0.245901,0.5,2.28,2.33,269,3452
2025-06-18,MSFT,2025-07-13,P,234.43,234.43,0.245901,-0.5,2.28,2.33,196,3687
2025-06-18,MSFT,2025-07-13,P,220.37,234.43,0.298334,-0.25,2.77,2.82,489,4971
2025-06-18,MSFT,2025-07-13,P,206.3,234.43,0.319308,-0.1,2.96,3.02,350,1351
2025-06-18,MSFT,2025-07-20,C,262.56,234.43,0.180537,0.1,1.67,1.71,234,774
2025-06-18,MSFT,2025-07-20,C,248.5,234.43,0.196267,0.25,1.81,1.87,409,520
2025-06-18,MSFT,2025-07-20,C,234.43,234.43,0.248701,0.5,2.31,2.36,58,2656
2025-06-18,MSFT,2025-07-20,P,234.43,234.43,0.248701,-0.5,2.31,2.36,287,2982
2025-06-18,MSFT,2025-07-20,P,220.37,234.43,0.301134,-0.25,2.8,2.85,130,2862
2025-06-18,MSFT,2025-07-20,P,206.3,234.43,0.322108,-0.1,2.99,3.05,321,432
2025-06-18,MSFT,2025-08-17,C,262.56,234.43,0.191737,0.1,1.77,1.83,37,2954
2025-06-18,MSFT,2025-08-17,C,248.5,234.43,0.207467,0.25,1.92,1.97,172,4888
2025-06-18,MSFT,2025-08-17,C,234.43,234.43,0.259901,0.5,2.41,2.47,236,4230
2025-06-18,MSFT,2025-08-17,P,234.43,234.43,0.259901,-0.5,2.41,2.47,164,1916
2025-06-18,MSFT,2025-08-17,P,220.37,234.43,0.312334,-0.25,2.91,2.95,70,922
2025-06-18,MSFT,2025-08-17,P,206.3,234.43,0.333308,-0.1,3.1,3.15,189,4134
2025-06-19,MSFT,2025-07-14,C,262.49,234.37,0.218152,0.1,2.02,2.07,210,3165
2025-06-19,MSFT,2025-07-14,C,248.43,234.37,0.233318,0.25,2.17,2.21,29,832
2025-06-19,MSFT,2025-07-14,C,234.37,234.37,0.283871,0.5,2.64,2.69,140,3841
2025-06-19,MSFT,2025-07-14,P,234.37,234.37,0.283871,-0.5,2.64,2.68,235,4578
2025-06-19,MSFT,2025-07-14,P,220.3,234.37,0.334425,-0.25,3.11,3.16,355,1568
2025-06-19,MSFT,2025-07-14,P,206.24,234.37,0.354646,-0.1,3.3,3.35,365,2997
2025-06-19,MSFT,2025-07-21,C,262.49,234.37,0.220952,0.1,2.04,2.1,183,1933
2025-06-19,MSFT,2025-07-21,C,248.43,234.37,0.236118,0.25,2.19,2.24,286,72
2025-06-19,MSFT,2025-07-21,C,234.37,234.37,0.286671,0.5,2.66,2.71,478,3806
2025-06-19,MSFT,2025-07-21,P,234.37,234.37,0.286671,-0.5,2.66,2.72,138,4462
2025-06-19,MSFT,2025-07-21,P,220.3,234.37,0.337225,-0.25,3.14,3.18,2,4902
2025-06-19,MSFT,2025-07-21,P,206.24,234.37,0.357446,-0.1,3.33,3.37,495,215
2025-06-19,MSFT,2025-08-18,C,262.49,234.37,0.232152,0.1,2.15,2.2,27,4530
2025-06-19,MSFT,2025-08-18,C,248.43,234.37,0.247318,0.25,2.29,2.35,418,4126
2025-06-19,MSFT,2025-08-18,C,234.37,234.37,0.297871,0.5,2.77,2.81,121,778
2025-06-19,MSFT,2025-08-18,P,234.37,234.37,0.297871,-0.5,2.77,2.81,214,2914
2025-06-19,MSFT,2025-08-18,P,220.3,234.37,0.348425,-0.25,3.24,3.29,112,555
2025-06-19,MSFT,2025-08-18,P,206.24,234.37,0.368646,-0.1,3.43,3.48,297,2840
2025-06-20,MSFT,2025-07-15,C,260.98,233.02,0.205767,0.1,1.89,1.94,401,1598
2025-06-20,MSFT,2025-07-15,C,247.0,233.02,0.221311,0.25,2.04,2.09,16,3424
2025-06-20,MSFT,2025-07-15,C,233.02,233.02,0.273126,0.5,2.52,2.57,457,108
2025-06-20,MSFT,2025-07-15,P,233.02,233.02,0.273126,-0.5,2.52,2.58,427,3778
2025-06-20,MSFT,2025-07-15,P,219.04,233.02,0.32494,-0.25,3.01,3.05,245,2832
2025-06-20,MSFT,2025-07-15,P,205.06,233.02,0.345666,-0.1,3.2,3.25,45,638
2025-06-20,MSFT,2025-07-22,C,260.98,233.02,0.208567,0.1,1.92,1.97,41,4783
2025-06-20,MSFT,2025-07-22,C,247.0,233.02,0.224111,0.25,2.06,2.11,184,965
2025-06-20,MSFT,2025-07-22,C,233.02,233.02,0.275926,0.5,2.54,2.6,376,2358
2025-06-20,MSFT,2025-07-22,P,233.02,233.02,0.275926,-0.5,2.55,2.6,244,1494
2025-06-20,MSFT,2025-07-22,P,219.04,233.02,0.32774,-0.25,3.03,3.08,435,833
2025-06-20,MSFT,2025-07-22,P,205.06,233.02,0.348466,-0.1,3.22,3.28,23,3121
2025-06-20,MSFT,2025-08-19,C,260.98,233.02,0.219767,0.1,2.02,2.08,254,117
2025-06-20,MSFT,2025-08-19,C,247.0,233.02,0.235311,0.25,2.17,2.22,462,2429
2025-06-20,MSFT,2025-08-19,C,233.02,233.02,0.287126,0.5,2.65,2.7,263,1797
2025-06-20,MSFT,2025-08-19,P,233.02,233.02,0.287126,-0.5,2.65,2.7,370,187
2025-06-20,MSFT,2025-08-19,P,219.04,233.02,0.33894,-0.25,3.14,3.18,198,3996
2025-06-20,MSFT,2025-08-19,P,205.06,233.02,0.359666,-0.1,3.33,3.37,358,79
2025-06-23,MSFT,2025-07-18,C,261.3,233.3,0.200587,0.1,1.85,1.89,66,2916
2025-06-23,MSFT,2025-07-18,C,247.3,233.3,0.215436,0.25,1.98,2.04,493,3732
2025-06-23,MSFT,2025-07-18,C,233.3,233.3,0.264932,0.5,2.45,2.49,461,2809
2025-06-23,MSFT,2025-07-18,P,233.3,233.3,0.264932,-0.5,2.45,2.5,196,1756
2025-06-23,MSFT,2025-07-18,P,219.3,233.3,0.314427,-0.25,2.91,2.96,82,4820
2025-06-23,MSFT,2025-07-18,P,205.31,233.3,0.334225,-0.1,3.1,3.14,338,734
2025-06-23,MSFT,2025-07-25,C,261.3,233.3,0.203387,0.1,1.87,1.93,215,2277
2025-06-23,MSFT,2025-07-25,C,247.3,233.3,0.218236,0.25,2.01,2.06,316,713
2025-06-23,MSFT,2025-07-25,C,233.3,233.3,0.267732,0.5,2.48,2.52,126,3492
2025-06-23,MSFT,2025-07-25,P,233.3,233.3,0.267732,-0.5,2.47,2.53,469,483
2025-06-23,MSFT,2025-07-25,P,219.3,233.3,0.317227,-0.25,2.93,2.99,53,1932
2025-06-23,MSFT,2025-07-25,P,205.31,233.3,0.337025,-0.1,3.12,3.17,30,2555
2025-06-23,MSFT,2025-08-22,C,261.3,233.3,0.214587,0.1,1.98,2.03,386,3470
2025-06-23,MSFT,2025-08-22,C,247.3,233.3,0.229436,0.25,2.12,2.16,312,2413
2025-06-23,MSFT,2025-08-22,C,233.3,233.3,0.278932,0.5,2.58,2.63,279,4142
2025-06-23,MSFT,2025-08-22,P,233.3,233.3,0.278932,-0.5,2.57,2.63,333,2022
2025-06-23,MSFT,2025-08-22,P,219.3,233.3,0.328427,-0.25,3.04,3.09,378,4913
2025-06-23,MSFT,2025-08-22,P,205.31,233.3,0.348225,-0.1,3.23,3.27,36,4045
2025-06-24,MSFT,2025-07-19,C,261.27,233.28,0.176635,0.1,1.62,1.68,224,1469
2025-06-24,MSFT,2025-07-19,C,247.27,233.28,0.191224,0.25,1.76,1.81,141,1635
2025-06-24,MSFT,2025-07-19,C,233.28,233.28,0.239856,0.5,2.22,2.26,182,857
2025-06-24,MSFT,2025-07-19,P,233.28,233.28,0.239856,-0.5,2.21,2.27,394,1252
2025-06-24,MSFT,2025-07-19,P,219.28,233.28,0.288488,-0.25,2.67,2.71,207,1399
2025-06-24,MSFT,2025-07-19,P,205.28,233.28,0.30794,-0.1,2.85,2.9,341,2743
2025-06-24,MSFT,2025-07-26,C,261.27,233.28,0.179435,0.1,1.65,1.7,472,3954
2025-06-24,MSFT,2025-07-26,C,247.27,233.28,0.194024,0.25,1.78,1.84,26,1073
2025-06-24,MSFT,2025-07-26,C,233.28,233.28,0.242656,0.5,2.24,2.29,177,1813
2025-06-24,MSFT,2025-07-26,P,233.28,233.28,0.242656,-0.5,2.24,2.29,318,4682
2025-06-24,MSFT,2025-07-26,P,219.28,233.28,0.291288,-0.25,2.69,2.75,266,1881
2025-06-24,MSFT,2025-07-26,P,205.28,233.28,0.31074,-0.1,2.87,2.92,64,1439
2025-06-24,MSFT,2025-08-23,C,261.27,233.28,0.190635,0.1,1.75,1.8,280,3412
2025-06-24,MSFT,2025-08-23,C,247.27,233.28,0.205224,0.25,1.89,1.94,220,4600
2025-06-24,MSFT,2025-08-23,C,233.28,233.28,0.253856,0.5,2.34,2.4,489,492
2025-06-24,MSFT,2025-08-23,P,233.28,233.28,0.253856,-0.5,2.34,2.4,55,3720
2025-06-24,MSFT,2025-08-23,P,219.28,233.28,0.302488,-0.25,2.8,2.85,146,2611
2025-06-24,MSFT,2025-08-23,P,205.28,233.28,0.32194,-0.1,2.98,3.03,296,4840
2025-06-25,MSFT,2025-07-20,C,262.27,234.17,0.185719,0.1,1.71,1.77,17,4302
2025-06-25,MSFT,2025-07-20,C,248.22,234.17,0.199998,0.25,1.84,1.9,479,362
2025-06-25,MSFT,2025-07-20,C,234.17,234.17,0.247592,0.5,2.29,2.34,368,4369
2025-06-25,MSFT,2025-07-20,P,234.17,234.17,0.247592,-0.5,2.3,2.34,432,2191
2025-06-25,MSFT,2025-07-20,P,220.12,234.17,0.295186,-0.25,2.74,2.79,455,2637
2025-06-25,MSFT,2025-07-20,P,206.07,234.17,0.314224,-0.1,2.92,2.97,316,336
2025-06-25,MSFT,2025-07-27,C,262.27,234.17,0.188519,0.1,1.74,1.79,442,1423
2025-06-25,MSFT,2025-07-27,C,248.22,234.17,0.202798,0.25,1.87,1.93,292,2103
2025-06-25,MSFT,2025-07-27,C,234.17,234.17,0.250392,0.5,2.32,2.37,345,4819
2025-06-25,MSFT,2025-07-27,P,234.17,234.17,0.250392,-0.5,2.32,2.37,338,1745
2025-06-25,MSFT,2025-07-27,P,220.12,234.17,0.297986,-0.25,2.77,2.81,112,2948
2025-06-25,MSFT,2025-07-27,P,206.07,234.17,0.317024,-0.1,2.94,3.0,118,1457
2025-06-25,MSFT,2025-08-24,C,262.27,234.17,0.199719,0.1,1.84,1.9,390,1658
2025-06-25,MSFT,2025-08-24,C,248.22,234.17,0.213998,0.25,1.98,2.03,238,1914
2025-06-25,MSFT,2025-08-24,C,234.17,234.17,0.261592,0.5,2.43,2.47,86,4681
2025-06-25,MSFT,2025-08-24,P,234.17,234.17,0.261592,-0.5,2.43,2.47,430,4724
2025-06-25,MSFT,2025-08-24,P,220.12,234.17,0.309186,-0.25,2.88,2.92,419,1342
2025-06-25,MSFT,2025-08-24,P,206.07,234.17,0.328224,-0.1,3.05,3.1,134,3296
2025-06-26,MSFT,2025-07-21,C,263.7,235.45,0.213079,0.1,1.98,2.03,499,910
2025-06-26,MSFT,2025-07-21,C,249.58,235.45,0.227458,0.25,2.11,2.17,462,258
2025-06-26,MSFT,2025-07-21,C,235.45,235.45,0.27539,0.5,2.57,2.62,58,326
2025-06-26,MSFT,2025-07-21,P,235.45,235.45,0.27539,-0.5,2.57,2.62,422,4679
2025-06-26,MSFT,2025-07-21,P,221.32,235.45,0.323322,-0.25,3.02,3.07,22,1864
2025-06-26,MSFT,2025-07-21,P,207.2,235.45,0.342495,-0.1,3.2,3.25,359,613
2025-06-26,MSFT,2025-07-28,C,263.7,235.45,0.215879,0.1,2.0,2.06,333,414
2025-06-26,MSFT,2025-07-28,C,249.58,235.45,0.230258,0.25,2.14,2.19,187,1842
2025-06-26,MSFT,2025-07-28,C,235.45,235.45,0.27819,0.5,2.59,2.65,2,2549
2025-06-26,MSFT,2025-07-28,P,235.45,235.45,0.27819,-0.5,2.59,2.65,2,4590
2025-06-26,MSFT,2025-07-28,P,221.32,235.45,0.326122,-0.25,3.04,3.1,77,2922
2025-06-26,MSFT,2025-07-28,P,207.2,235.45,0.345295,-0.1,3.22,3.28,5,3177
2025-06-26,MSFT,2025-08-25,C,263.7,235.45,0.227079,0.1,2.11,2.16,27,296
2025-06-26,MSFT,2025-08-25,C,249.58,235.45,0.241458,0.25,2.25,2.3,447,3504
2025-06-26,MSFT,2025-08-25,C,235.45,235.45,0.28939,0.5,2.7,2.75,382,1158
2025-06-26,MSFT,2025-08-25,P,235.45,235.45,0.28939,-0.5,2.7,2.75,294,757
2025-06-26,MSFT,2025-08-25,P,221.32,235.45,0.337322,-0.25,3.15,3.2,249,3592
2025-06-26,MSFT,2025-08-25,P,207.2,235.45,0.356495,-0.1,3.33,3.38,112,1298
2025-06-27,MSFT,2025-07-22,C,264.32,236.0,0.168048,0.1,1.56,1.61,263,3039
2025-06-27,MSFT,2025-07-22,C,250.16,236.0,0.183199,0.25,1.7,1.76,462,4310
2025-06-27,MSFT,2025-07-22,C,236.0,236.0,0.233703,0.5,2.19,2.23,379,3635
2025-06-27,MSFT,2025-07-22,P,236.0,236.0,0.233703,-0.5,2.18,2.23,27,4194
2025-06-27,MSFT,2025-07-22,P,221.84,236.0,0.284206,-0.25,2.66,2.7,291,2760
2025-06-27,MSFT,2025-07-22,P,207.68,236.0,0.304408,-0.1,2.85,2.9,406,1639
2025-06-27,MSFT,2025-07-29,C,264.32,236.0,0.170848,0.1,1.58,1.64,227,543
2025-06-27,MSFT,2025-07-29,C,250.16,236.0,0.185999,0.25,1.73,1.78,177,3224
2025-06-27,MSFT,2025-07-29,C,236.0,236.0,0.236503,0.5,2.21,2.26,499,1329
2025-06-27,MSFT,2025-07-29,P,236.0,236.0,0.236503,-0.5,2.21,2.26,307,793
2025-06-27,MSFT,2025-07-29,P,221.84,236.0,0.287006,-0.25,2.68,2.74,295,2851
2025-06-27,MSFT,2025-07-29,P,207.68,236.0,0.307208,-0.1,2.88,2.92,464,1973
2025-06-27,MSFT,2025-08-26,C,264.32,236.0,0.182048,0.1,1.69,1.75,24,4435
2025-06-27,MSFT,2025-08-26,C,250.16,236.0,0.197199,0.25,1.84,1.88,110,3273
2025-06-27,MSFT,2025-08-26,C,236.0,236.0,0.247703,0.5,2.32,2.36,150,1062
2025-06-27,MSFT,2025-08-26,P,236.0,236.0,0.247703,-0.5,2.31,2.37,128,4476
2025-06-27,MSFT,2025-08-26,P,221.84,236.0,0.298206,-0.25,2.79,2.84,161,4370
2025-06-27,MSFT,2025-08-26,P,207.68,236.0,0.318408,-0.1,2.98,3.03,199,3880
2025-06-30,MSFT,2025-07-25,C,265.48,237.03,0.179346,0.1,1.68,1.73,483,4735
2025-06-30,MSFT,2025-07-25,C,251.26,237.03,0.194448,0.25,1.82,1.87,205,2529
2025-06-30,MSFT,2025-07-25,C,237.03,237.03,0.244787,0.5,2.3,2.34,23,4113
2025-06-30,MSFT,2025-07-25,P,237.03,237.03,0.244787,-0.5,2.3,2.34,159,2174
2025-06-30,MSFT,2025-07-25,P,222.81,237.03,0.295127,-0.25,2.77,2.83,172,1568
2025-06-30,MSFT,2025-07-25,P,208.59,237.03,0.315262,-0.1,2.97,3.01,218,1320
2025-06-30,MSFT,2025-08-01,C,265.48,237.03,0.182146,0.1,1.7,1.75,393,1441
2025-06-30,MSFT,2025-08-01,C,251.26,237.03,0.197248,0.25,1.85,1.89,12,2732
2025-06-30,MSFT,2025-08-01,C,237.03,237.03,0.247587,0.5,2.32,2.38,186,3973
2025-06-30,MSFT,2025-08-01,P,237.03,237.03,0.247587,-0.5,2.33,2.37,174,4416
2025-06-30,MSFT,2025-08-01,P,222.81,237.03,0.297927,-0.25,2.8,2.85,333,3728
2025-06-30,MSFT,2025-08-01,P,208.59,237.03,0.318062,-0.1,2.99,3.04,301,358
2025-06-30,MSFT,2025-08-29,C,265.48,237.03,0.193346,0.1,1.81,1.86,52,2596
2025-06-30,MSFT,2025-08-29,C,251.26,237.03,0.208448,0.25,1.95,2.0,34,59
2025-06-30,MSFT,2025-08-29,C,237.03,237.03,0.258787,0.5,2.43,2.48,106,3032
2025-06-30,MSFT,2025-08-29,P,237.03,237.03,0.258787,-0.5,2.43,2.47,42,3280
2025-06-30,MSFT,2025-08-29,P,222.81,237.03,0.309127,-0.25,2.9,2.96,379,1597
2025-06-30,MSFT,2025-08-29,P,208.59,237.03,0.329262,-0.1,3.1,3.14,86,707
2025-07-01,MSFT,2025-07-26,C,265.01,236.61,0.197216,0.1,1.84,1.89,357,3175
2025-07-01,MSFT,2025-07-26,C,250.81,236.61,0.212938,0.25,1.99,2.04,4,4972
2025-07-01,MSFT,2025-07-26,C,236.61,236.61,0.265347,0.5,2.49,2.53,99,3477
2025-07-01,MSFT,2025-07-26,P,236.61,236.61,0.265347,-0.5,2.49,2.54,30,2472
2025-07-01,MSFT,2025-07-26,P,222.42,236.61,0.317755,-0.25,2.98,3.03,451,1719
2025-07-01,MSFT,2025-07-26,P,208.22,236.61,0.338718,-0.1,3.18,3.23,309,3107
2025-07-01,MSFT,2025-08-02,C,265.01,236.61,0.200016,0.1,1.87,1.92,129,601
2025-07-01,MSFT,2025-08-02,C,250.81,236.61,0.215738,0.25,2.02,2.07,203,3699
2025-07-01,MSFT,2025-08-02,C,236.61,236.61,0.268147,0.5,2.51,2.56,53,28
2025-07-01,MSFT,2025-08-02,P,236.61,236.61,0.268147,-0.5,2.52,2.56,37,3895
2025-07-01,MSFT,2025-08-02,P,222.42,236.61,0.320555,-0.25,3.01,3.06,105,61
2025-07-01,MSFT,2025-08-02,P,208.22,236.61,0.341518,-0.1,3.21,3.26,240,2192
2025-07-01,MSFT,2025-08-30,C,265.01,236.61,0.211216,0.1,1.97,2.03,366,633
2025-07-01,MSFT,2025-08-30,C,250.81,236.61,0.226938,0.25,2.12,2.17,292,4735
2025-07-01,MSFT,2025-08-30,C,236.61,236.61,0.279347,0.5,2.62,2.67,472,1693
2025-07-01,MSFT,2025-08-30,P,236.61,236.61,0.279347,-0.5,2.62,2.66,83,296
2025-07-01,MSFT,2025-08-30,P,222.42,236.61,0.331755,-0.25,3.11,3.17,36,4877
2025-07-01,MSFT,2025-08-30,P,208.22,236.61,0.352718,-0.1,3.32,3.36,8,4504
2025-07-02,MSFT,2025-07-27,C,268.8,240.0,0.206027,0.1,1.95,2.0,317,3393
2025-07-02,MSFT,2025-07-27,C,254.4,240.0,0.221355,0.25,2.1,2.15,65,2649
2025-07-02,MSFT,2025-07-27,C,240.0,240.0,0.272448,0.5,2.59,2.64,346,977
2025-07-02,MSFT,2025-07-27,P,240.0,240.0,0.272448,-0.5,2.59,2.65,44,1027
2025-07-02,MSFT,2025-07-27,P,225.6,240.0,0.323542,-0.25,3.09,3.13,104,4721
2025-07-02,MSFT,2025-07-27,P,211.2,240.0,0.343979,-0.1,3.28,3.33,165,1999
2025-07-02,MSFT,2025-08-03,C,268.8,240.0,0.208827,0.1,1.98,2.03,380,138
2025-07-02,MSFT,2025-08-03,C,254.4,240.0,0.224155,0.25,2.13,2.17,413,1972
2025-07-02,MSFT,2025-08-03,C,240.0,240.0,0.275248,0.5,2.62,2.67,314,2293
2025-07-02,MSFT,2025-08-03,P,240.0,240.0,0.275248,-0.5,2.61,2.67,429,4557
2025-07-02,MSFT,2025-08-03,P,225.6,240.0,0.326342,-0.25,3.11,3.16,211,4798
2025-07-02,MSFT,2025-08-03,P,211.2,240.0,0.346779,-0.1,3.3,3.36,324,4638
2025-07-02,MSFT,2025-08-31,C,268.8,240.0,0.220027,0.1,2.09,2.14,400,999
2025-07-02,MSFT,2025-08-31,C,254.4,240.0,0.235355,0.25,2.24,2.28,452,4544
2025-07-02,MSFT,2025-08-31,C,240.0,240.0,0.286448,0.5,2.72,2.77,191,4453
2025-07-02,MSFT,2025-08-31,P,240.0,240.0,0.286448,-0.5,2.72,2.78,59,1070
2025-07-02,MSFT,2025-08-31,P,225.6,240.0,0.337542,-0.25,3.22,3.26,383,4839
2025-07-02,MSFT,2025-08-31,P,211.2,240.0,0.357979,-0.1,3.42,3.46,117,3575
2025-07-03,MSFT,2025-07-28,C,267.16,238.54,0.165003,0.1,1.55,1.6,371,1367
2025-07-03,MSFT,2025-07-28,C,252.85,238.54,0.180505,0.25,1.7,1.75,92,4220
2025-07-03,MSFT,2025-07-28,C,238.54,238.54,0.232177,0.5,2.19,2.24,406,307
2025-07-03,MSFT,2025-07-28,P,238.54,238.54,0.232177,-0.5,2.19,2.24,142,1885
2025-07-03,MSFT,2025-07-28,P,224.23,238.54,0.28385,-0.25,2.69,2.73,272,1106
2025-07-03,MSFT,2025-07-28,P,209.91,238.54,0.304519,-0.1,2.88,2.93,281,144
2025-07-03,MSFT,2025-08-04,C,267.16,238.54,0.167803,0.1,1.57,1.63,90,4609
2025-07-03,MSFT,2025-08-04,C,252.85,238.54,0.183305,0.25,1.72,1.78,238,3130
2025-07-03,MSFT,2025-08-04,C,238.54,238.54,0.234977,0.5,2.22,2.26,176,2845
2025-07-03,MSFT,2025-08-04,P,238.54,238.54,0.234977,-0.5,2.22,2.27,443,1152
2025-07-03,MSFT,2025-08-04,P,224.23,238.54,0.28665,-0.25,2.71,2.76,50,15
2025-07-03,MSFT,2025-08-04,P,209.91,238.54,0.307319,-0.1,2.91,2.96,61,3283
2025-07-03,MSFT,2025-09-01,C,267.16,238.54,0.179003,0.1,1.68,1.73,219,736
2025-07-03,MSFT,2025-09-01,C,252.85,238.54,0.194505,0.25,1.84,1.88,242,1359
2025-07-03,MSFT,2025-09-01,C,238.54,238.54,0.246177,0.5,2.32,2.37,193,2677
2025-07-03,MSFT,2025-09-01,P,238.54,238.54,0.246177,-0.5,2.33,2.37,452,3072
2025-07-03,MSFT,2025-09-01,P,224.23,238.54,0.29785,-0.25,2.81,2.87,452,2928
2025-07-03,MSFT,2025-09-01,P,209.91,238.54,0.318519,-0.1,3.01,3.06,119,3116
2025-07-04,MSFT,2025-07-29,C,266.45,237.91,0.198808,0.1,1.86,1.92,99,214
2025-07-04,MSFT,2025-07-29,C,252.18,237.91,0.21264,0.25,2.0,2.05,478,587
2025-07-04,MSFT,2025-07-29,C,237.91,237.91,0.258748,0.5,2.43,2.49,56,237
2025-07-04,MSFT,2025-07-29,P,237.91,237.91,0.258748,-0.5,2.43,2.49,9,112
2025-07-04,MSFT,2025-07-29,P,223.63,237.91,0.304855,-0.25,2.88,2.93,350,1385
2025-07-04,MSFT,2025-07-29,P,209.36,237.91,0.323298,-0.1,3.05,3.1,107,2215
2025-07-04,MSFT,2025-08-05,C,266.45,237.91,0.201608,0.1,1.89,1.95,434,2488
2025-07-04,MSFT,2025-08-05,C,252.18,237.91,0.21544,0.25,2.03,2.07,309,3654
2025-07-04,MSFT,2025-08-05,C,237.91,237.91,0.261548,0.5,2.46,2.52,53,3971
2025-07-04,MSFT,2025-08-05,P,237.91,237.91,0.261548,-0.5,2.46,2.52,8,2443
2025-07-04,MSFT,2025-08-05,P,223.63,237.91,0.307655,-0.25,2.9,2.96,116,2436
2025-07-04,MSFT,2025-08-05,P,209.36,237.91,0.326098,-0.1,3.07,3.13,166,4016
2025-07-04,MSFT,2025-09-02,C,266.45,237.91,0.212808,0.1,2.0,2.05,16,244
2025-07-04,MSFT,2025-09-02,C,252.18,237.91,0.22664,0.25,2.13,2.18,195,3432
2025-07-04,MSFT,2025-09-02,C,237.91,237.91,0.272748,0.5,2.57,2.62,372,4881
2025-07-04,MSFT,2025-09-02,P,237.91,237.91,0.272748,-0.5,2.57,2.62,242,1746
2025-07-04,MSFT,2025-09-02,P,223.63,237.91,0.318855,-0.25,3.01,3.06,416,151
2025-07-04,MSFT,2025-09-02,P,209.36,237.91,0.337298,-0.1,3.18,3.24,287,4513
2025-07-07,MSFT,2025-08-01,C,267.67,238.99,0.20242,0.1,1.91,1.96,436,4011
2025-07-07,MSFT,2025-08-01,C,253.33,238.99,0.215141,0.25,2.04,2.08,107,4235
2025-07-07,MSFT,2025-08-01,C,238.99,238.99,0.257546,0.5,2.43,2.49,19,2460
2025-07-07,MSFT,2025-08-01,P,238.99,238.99,0.257546,-0.5,2.44,2.48,16,1447
2025-07-07,MSFT,2025-08-01,P,224.65,238.99,0.299951,-0.25,2.84,2.89,96,1239
2025-07-07,MSFT,2025-08-01,P,210.31,238.99,0.316913,-0.1,3.01,3.05,325,4654
2025-07-07,MSFT,2025-08-08,C,267.67,238.99,0.20522,0.1,1.93,1.99,484,3683
2025-07-07,MSFT,2025-08-08,C,253.33,238.99,0.217941,0.25,2.05,2.11,283,38
2025-07-07,MSFT,2025-08-08,C,238.99,238.99,0.260346,0.5,2.47,2.51,267,3293
2025-07-07,MSFT,2025-08-08,P,238.99,238.99,0.260346,-0.5,2.46,2.51,28,572
2025-07-07,MSFT,2025-08-08,P,224.65,238.99,0.302751,-0.25,2.87,2.92,207,244
2025-07-07,MSFT,2025-08-08,P,210.31,238.99,0.319713,-0.1,3.03,3.08,71,2816
2025-07-07,MSFT,2025-09-05,C,267.67,238.99,0.21642,0.1,2.04,2.1,473,1584
2025-07-07,MSFT,2025-09-05,C,253.33,238.99,0.229141,0.25,2.17,2.21,204,4446
2025-07-07,MSFT,2025-09-05,C,238.99,238.99,0.271546,0.5,2.57,2.63,47,2415
2025-07-07,MSFT,2025-09-05,P,238.99,238.99,0.271546,-0.5,2.58,2.62,175,2908
2025-07-07,MSFT,2025-09-05,P,224.65,238.99,0.313951,-0.25,2.98,3.02,246,920
2025-07-07,MSFT,2025-09-05,P,210.31,238.99,0.330913,-0.1,3.14,3.19,430,904
2025-07-08,MSFT,2025-08-02,C,268.68,239.89,0.211912,0.1,2.01,2.06,474,4183
2025-07-08,MSFT,2025-08-02,C,254.28,239.89,0.225228,0.25,2.14,2.19,177,2143
2025-07-08,MSFT,2025-08-02,C,239.89,239.89,0.269614,0.5,2.57,2.61,162,4380
2025-07-08,MSFT,2025-08-02,P,239.89,239.89,0.269614,-0.5,2.57,2.61,366,1205
2025-07-08,MSFT,2025-08-02,P,225.5,239.89,0.313999,-0.25,2.99,3.04,439,3514
2025-07-08,MSFT,2025-08-02,P,211.1,239.89,0.331754,-0.1,3.16,3.21,324,2057
2025-07-08,MSFT,2025-08-09,C,268.68,239.89,0.214712,0.1,2.04,2.08,179,1449
2025-07-08,MSFT,2025-08-09,C,254.28,239.89,0.228028,0.25,2.16,2.21,135,1749
2025-07-08,MSFT,2025-08-09,C,239.89,239.89,0.272414,0.5,2.59,2.64,54,94
2025-07-08,MSFT,2025-08-09,P,239.89,239.89,0.272414,-0.5,2.58,2.64,341,312
2025-07-08,MSFT,2025-08-09,P,225.5,239.89,0.316799,-0.25,3.02,3.06,161,4607
2025-07-08,MSFT,2025-08-09,P,211.1,239.89,0.334554,-0.1,3.18,3.24,250,2894
2025-07-08,MSFT,2025-09-06,C,268.68,239.89,0.225912,0.1,2.14,2.19,289,494
2025-07-08,MSFT,2025-09-06,C,254.28,239.89,0.239228,0.25,2.27,2.32,183,1258
2025-07-08,MSFT,2025-09-06,C,239.89,239.89,0.283614,0.5,2.69,2.75,210,1164
2025-07-08,MSFT,2025-09-06,P,239.89,239.89,0.283614,-0.5,2.7,2.75,450,2731
2025-07-08,MSFT,2025-09-06,P,225.5,239.89,0.327999,-0.25,3.13,3.17,301,1821
2025-07-08,MSFT,2025-09-06,P,211.1,239.89,0.345754,-0.1,3.29,3.35,173,1070
2025-07-09,MSFT,2025-08-03,C,269.33,240.48,0.195305,0.1,1.86,1.9,81,3137
2025-07-09,MSFT,2025-08-03,C,254.9,240.48,0.208166,0.25,1.98,2.03,384,2359
2025-07-09,MSFT,2025-08-03,C,240.48,240.48,0.251033,0.5,2.39,2.44,398,3720
2025-07-09,MSFT,2025-08-03,P,240.48,240.48,0.251033,-0.5,2.39,2.44,487,2804
2025-07-09,MSFT,2025-08-03,P,226.05,240.48,0.2939,-0.25,2.8,2.85,280,2015
2025-07-09,MSFT,2025-08-03,P,211.62,240.48,0.311047,-0.1,2.97,3.01,407,806
2025-07-09,MSFT,2025-08-10,C,269.33,240.48,0.198105,0.1,1.88,1.93,319,4636
2025-07-09,MSFT,2025-08-10,C,254.9,240.48,0.210966,0.25,2.01,2.05,128,2724
2025-07-09,MSFT,2025-08-10,C,240.48,240.48,0.253833,0.5,2.42,2.46,457,2813
2025-07-09,MSFT,2025-08-10,P,240.48,240.48,0.253833,-0.5,2.41,2.47,205,3679
2025-07-09,MSFT,2025-08-10,P,226.05,240.48,0.2967,-0.25,2.83,2.88,149,3896
2025-07-09,MSFT,2025-08-10,P,211.62,240.48,0.313847,-0.1,3.0,3.04,222,2552
2025-07-09,MSFT,2025-09-07,C,269.33,240.48,0.209305,0.1,1.99,2.04,137,4607
2025-07-09,MSFT,2025-09-07,C,254.9,240.48,0.222166,0.25,2.11,2.16,129,546
2025-07-09,MSFT,2025-09-07,C,240.48,240.48,0.265033,0.5,2.53,2.57,420,2281
2025-07-09,MSFT,2025-09-07,P,240.48,240.48,0.265033,-0.5,2.52,2.58,25,557
2025-07-09,MSFT,2025-09-07,P,226.05,240.48,0.3079,-0.25,2.94,2.99,309,1713
2025-07-09,MSFT,2025-09-07,P,211.62,240.48,0.325047,-0.1,3.1,3.15,129,3247
2025-07-10,MSFT,2025-08-04,C,270.24,241.29,0.178453,0.1,1.69,1.75,367,465
2025-07-10,MSFT,2025-08-04,C,255.76,241.29,0.191742,0.25,1.82,1.88,217,1067
2025-07-10,MSFT,2025-08-04,C,241.29,241.29,0.236041,0.5,2.25,2.3,315,1743
2025-07-10,MSFT,2025-08-04,P,241.29,241.29,0.236041,-0.5,2.25,2.3,352,1344
2025-07-10,MSFT,2025-08-04,P,226.81,241.29,0.280339,-0.25,2.68,2.73,251,50
2025-07-10,MSFT,2025-08-04,P,212.33,241.29,0.298059,-0.1,2.85,2.9,417,4133
2025-07-10,MSFT,2025-08-11,C,270.24,241.29,0.181253,0.1,1.72,1.77,164,2501
2025-07-10,MSFT,2025-08-11,C,255.76,241.29,0.194542,0.25,1.85,1.9,301,2176
2025-07-10,MSFT,2025-08-11,C,241.29,241.29,0.238841,0.5,2.28,2.33,334,2022
2025-07-10,MSFT,2025-08-11,P,241.29,241.29,0.238841,-0.5,2.28,2.33,398,4385
2025-07-10,MSFT,2025-08-11,P,226.81,241.29,0.283139,-0.25,2.71,2.76,125,1835
2025-07-10,MSFT,2025-08-11,P,212.33,241.29,0.300859,-0.1,2.88,2.93,2,3778
2025-07-10,MSFT,2025-09-08,C,270.24,241.29,0.192453,0.1,1.84,1.88,272,1212
2025-07-10,MSFT,2025-09-08,C,255.76,241.29,0.205742,0.25,1.96,2.01,76,3805
2025-07-10,MSFT,2025-09-08,C,241.29,241.29,0.250041,0.5,2.39,2.44,341,953
2025-07-10,MSFT,2025-09-08,P,241.29,241.29,0.250041,-0.5,2.39,2.44,48,3823
2025-07-10,MSFT,2025-09-08,P,226.81,241.29,0.294339,-0.25,2.81,2.87,44,900
2025-07-10,MSFT,2025-09-08,P,212.33,241.29,0.312059,-0.1,2.99,3.03,313,1748
2025-07-11,MSFT,2025-08-05,C,267.44,238.79,0.188157,0.1,1.77,1.82,264,2714
2025-07-11,MSFT,2025-08-05,C,253.11,238.79,0.201836,0.25,1.91,1.95,195,1948
2025-07-11,MSFT,2025-08-05,C,238.79,238.79,0.247433,0.5,2.34,2.38,449,1819
2025-07-11,MSFT,2025-08-05,P,238.79,238.79,0.247433,-0.5,2.34,2.39,236,569
2025-07-11,MSFT,2025-08-05,P,224.46,238.79,0.293031,-0.25,2.78,2.82,374,4409
2025-07-11,MSFT,2025-08-05,P,210.13,238.79,0.311269,-0.1,2.94,3.0,349,22
2025-07-11,MSFT,2025-08-12,C,267.44,238.79,0.190957,0.1,1.8,1.85,351,477
2025-07-11,MSFT,2025-08-12,C,253.11,238.79,0.204636,0.25,1.93,1.98,46,4399
2025-07-11,MSFT,2025-08-12,C,238.79,238.79,0.250233,0.5,2.36,2.42,26,3069
2025-07-11,MSFT,2025-08-12,P,238.79,238.79,0.250233,-0.5,2.37,2.41,390,1254
2025-07-11,MSFT,2025-08-12,P,224.46,238.79,0.295831,-0.25,2.8,2.85,372,677
2025-07-11,MSFT,2025-08-12,P,210.13,238.79,0.314069,-0.1,2.97,3.03,467,2355
2025-07-11,MSFT,2025-09-09,C,267.44,238.79,0.202157,0.1,1.91,1.95,250,2945
2025-07-11,MSFT,2025-09-09,C,253.11,238.79,0.215836,0.25,2.03,2.09,381,2948
2025-07-11,MSFT,2025-09-09,C,238.79,238.79,0.261433,0.5,2.47,2.52,409,4240
2025-07-11,MSFT,2025-09-09,P,238.79,238.79,0.261433,-0.5,2.48,2.52,218,3087
2025-07-11,MSFT,2025-09-09,P,224.46,238.79,0.307031,-0.25,2.91,2.96,49,975
2025-07-11,MSFT,2025-09-09,P,210.13,238.79,0.325269,-0.1,3.08,3.14,429,2025
2025-07-14,MSFT,2025-08-08,C,269.58,240.69,0.197997,0.1,1.88,1.93,331,4988
2025-07-14,MSFT,2025-08-08,C,255.13,240.69,0.212637,0.25,2.02,2.08,415,359
2025-07-14,MSFT,2025-08-08,C,240.69,240.69,0.261435,0.5,2.49,2.54,51,745
2025-07-14,MSFT,2025-08-08,P,240.69,240.69,0.261435,-0.5,2.49,2.54,105,2425
2025-07-14,MSFT,2025-08-08,P,226.25,240.69,0.310233,-0.25,2.97,3.01,290,2789
2025-07-14,MSFT,2025-08-08,P,211.81,240.69,0.329753,-0.1,3.15,3.2,95,1712
2025-07-14,MSFT,2025-08-15,C,269.58,240.69,0.200797,0.1,1.91,1.95,414,4726
2025-07-14,MSFT,2025-08-15,C,255.13,240.69,0.215437,0.25,2.05,2.1,342,2380
2025-07-14,MSFT,2025-08-15,C,240.69,240.69,0.264235,0.5,2.52,2.57,327,1193
2025-07-14,MSFT,2025-08-15,P,240.69,240.69,0.264235,-0.5,2.52,2.57,74,574
2025-07-14,MSFT,2025-08-15,P,226.25,240.69,0.313033,-0.25,2.99,3.03,258,2545
2025-07-14,MSFT,2025-08-15,P,211.81,240.69,0.332553,-0.1,3.17,3.23,250,642
2025-07-14,MSFT,2025-09-12,C,269.58,240.69,0.211997,0.1,2.01,2.07,310,2068
2025-07-14,MSFT,2025-09-12,C,255.13,240.69,0.226637,0.25,2.16,2.2,16,2684
2025-07-14,MSFT,2025-09-12,C,240.69,240.69,0.275435,0.5,2.63,2.67,190,3030
2025-07-14,MSFT,2025-09-12,P,240.69,240.69,0.275435,-0.5,2.63,2.68,142,3335
2025-07-14,MSFT,2025-09-12,P,226.25,240.69,0.324233,-0.25,3.09,3.15,277,1230
2025-07-14,MSFT,2025-09-12,P,211.81,240.69,0.343753,-0.1,3.28,3.34,30,1029
2025-07-15,MSFT,2025-08-09,C,269.3,240.45,0.161164,0.1,1.53,1.57,192,4076
2025-07-15,MSFT,2025-08-09,C,254.87,240.45,0.176357,0.25,1.67,1.72,49,4854
2025-07-15,MSFT,2025-08-09,C,240.45,240.45,0.227,0.5,2.16,2.21,320,2069
2025-07-15,MSFT,2025-08-09,P,240.45,240.45,0.227,-0.5,2.15,2.21,36,4791
2025-07-15,MSFT,2025-08-09,P,226.02,240.45,0.277644,-0.25,2.64,2.7,410,2787
2025-07-15,MSFT,2025-08-09,P,211.59,240.45,0.297901,-0.1,2.84,2.89,261,903
2025-07-15,MSFT,2025-08-16,C,269.3,240.45,0.163964,0.1,1.55,1.61,102,4997
2025-07-15,MSFT,2025-08-16,C,254.87,240.45,0.179157,0.25,1.7,1.75,320,987
2025-07-15,MSFT,2025-08-16,C,240.45,240.45,0.2298,0.5,2.19,2.23,183,4797
2025-07-15,MSFT,2025-08-16,P,240.45,240.45,0.2298,-0.5,2.18,2.24,339,3745
2025-07-15,MSFT,2025-08-16,P,226.02,240.45,0.280444,-0.25,2.67,2.73,127,2521
2025-07-15,MSFT,2025-08-16,P,211.59,240.45,0.300701,-0.1,2.86,2.92,352,822
2025-07-15,MSFT,2025-09-13,C,269.3,240.45,0.175164,0.1,1.66,1.71,222,2566
2025-07-15,MSFT,2025-09-13,C,254.87,240.45,0.190357,0.25,1.81,1.85,7,2168
2025-07-15,MSFT,2025-09-13,C,240.45,240.45,0.241,0.5,2.29,2.35,30,276
2025-07-15,MSFT,2025-09-13,P,240.45,240.45,0.241,-0.5,2.29,2.35,279,450
2025-07-15,MSFT,2025-09-13,P,226.02,240.45,0.291644,-0.25,2.78,2.83,70,1017
2025-07-15,MSFT,2025-09-13,P,211.59,240.45,0.311901,-0.1,2.97,3.03,414,2963
2025-07-16,MSFT,2025-08-10,C,270.98,241.94,0.186033,0.1,1.78,1.82,108,296
2025-07-16,MSFT,2025-08-10,C,256.46,241.94,0.201918,0.25,1.93,1.98,255,1010
2025-07-16,MSFT,2025-08-10,C,241.94,241.94,0.254865,0.5,2.45,2.49,339,3695
2025-07-16,MSFT,2025-08-10,P,241.94,241.94,0.254865,-0.5,2.44,2.49,390,1123
2025-07-16,MSFT,2025-08-10,P,227.43,241.94,0.307813,-0.25,2.96,3.0,483,2318
2025-07-16,MSFT,2025-08-10,P,212.91,241.94,0.328992,-0.1,3.16,3.21,174,3326
2025-07-16,MSFT,2025-08-17,C,270.98,241.94,0.188833,0.1,1.8,1.85,218,2413
2025-07-16,MSFT,2025-08-17,C,256.46,241.94,0.204718,0.25,1.96,2.01,481,1336
2025-07-16,MSFT,2025-08-17,C,241.94,241.94,0.257665,0.5,2.47,2.52,264,1594
2025-07-16,MSFT,2025-08-17,P,241.94,241.94,0.257665,-0.5,2.47,2.52,91,2934
2025-07-16,MSFT,2025-08-17,P,227.43,241.94,0.310613,-0.25,2.98,3.03,72,2548
2025-07-16,MSFT,2025-08-17,P,212.91,241.94,0.331792,-0.1,3.18,3.24,176,2113
2025-07-16,MSFT,2025-09-14,C,270.98,241.94,0.200033,0.1,1.91,1.96,97,4466
2025-07-16,MSFT,2025-09-14,C,256.46,241.94,0.215918,0.25,2.06,2.12,38,2251
2025-07-16,MSFT,2025-09-14,C,241.94,241.94,0.268865,0.5,2.58,2.62,282,1232
2025-07-16,MSFT,2025-09-14,P,241.94,241.94,0.268865,-0.5,2.57,2.63,367,1404
2025-07-16,MSFT,2025-09-14,P,227.43,241.94,0.321813,-0.25,3.09,3.13,173,107
2025-07-16,MSFT,2025-09-14,P,212.91,241.94,0.342992,-0.1,3.29,3.35,427,2803
2025-07-17,MSFT,2025-08-11,C,268.24,239.5,0.211123,0.1,1.99,2.05,411,3611
2025-07-17,MSFT,2025-08-11,C,253.87,239.5,0.226838,0.25,2.15,2.2,12,3875
2025-07-17,MSFT,2025-08-11,C,239.5,239.5,0.279222,0.5,2.65,2.7,171,1011
2025-07-17,MSFT,2025-08-11,P,239.5,239.5,0.279222,-0.5,2.65,2.7,31,4109
2025-07-17,MSFT,2025-08-11,P,225.13,239.5,0.331606,-0.25,3.15,3.2,254,2726
2025-07-17,MSFT,2025-08-11,P,210.76,239.5,0.35256,-0.1,3.36,3.4,149,4210
2025-07-17,MSFT,2025-08-18,C,268.24,239.5,0.213923,0.1,2.02,2.08,98,4767
2025-07-17,MSFT,2025-08-18,C,253.87,239.5,0.229638,0.25,2.18,2.22,113,4883
2025-07-17,MSFT,2025-08-18,C,239.5,239.5,0.282022,0.5,2.68,2.73,134,3110
2025-07-17,MSFT,2025-08-18,P,239.5,239.5,0.282022,-0.5,2.68,2.73,416,2453
2025-07-17,MSFT,2025-08-18,P,225.13,239.5,0.334406,-0.25,3.18,3.23,429,1124
2025-07-17,MSFT,2025-08-18,P,210.76,239.5,0.35536,-0.1,3.38,3.43,342,3512
2025-07-17,MSFT,2025-09-15,C,268.24,239.5,0.225123,0.1,2.14,2.18,474,3505
2025-07-17,MSFT,2025-09-15,C,253.87,239.5,0.240838,0.25,2.28,2.33,54,1366
2025-07-17,MSFT,2025-09-15,C,239.5,239.5,0.293222,0.5,2.78,2.84,160,1082
2025-07-17,MSFT,2025-09-15,P,239.5,239.5,0.293222,-0.5,2.78,2.84,315,4953
2025-07-17,MSFT,2025-09-15,P,225.13,239.5,0.345606,-0.25,3.29,3.34,229,2013
2025-07-17,MSFT,2025-09-15,P,210.76,239.5,0.36656,-0.1,3.49,3.53,17,3893
2025-07-18,MSFT,2025-08-12,C,268.59,239.81,0.199094,0.1,1.88,1.94,234,4953
2025-07-18,MSFT,2025-08-12,C,254.2,239.81,0.214207,0.25,2.03,2.08,282,3418
2025-07-18,MSFT,2025-08-12,C,239.81,239.81,0.264585,0.5,2.51,2.56,100,2710
2025-07-18,MSFT,2025-08-12,P,239.81,239.81,0.264585,-0.5,2.52,2.56,45,3620
2025-07-18,MSFT,2025-08-12,P,225.42,239.81,0.314963,-0.25,3.0,3.04,279,4427
2025-07-18,MSFT,2025-08-12,P,211.03,239.81,0.335114,-0.1,3.19,3.24,29,3177
2025-07-18,MSFT,2025-08-19,C,268.59,239.81,0.201894,0.1,1.91,1.97,277,3692
2025-07-18,MSFT,2025-08-19,C,254.2,239.81,0.217007,0.25,2.06,2.11,159,2019
2025-07-18,MSFT,2025-08-19,C,239.81,239.81,0.267385,0.5,2.54,2.59,475,1714
2025-07-18,MSFT,2025-08-19,P,239.81,239.81,0.267385,-0.5,2.54,2.59,76,1271
2025-07-18,MSFT,2025-08-19,P,225.42,239.81,0.317763,-0.25,3.02,3.07,171,3893
2025-07-18,MSFT,2025-08-19,P,211.03,239.81,0.337914,-0.1,3.22,3.27,240,4434
2025-07-18,MSFT,2025-09-16,C,268.59,239.81,0.213094,0.1,2.02,2.07,21,166
2025-07-18,MSFT,2025-09-16,C,254.2,239.81,0.228207,0.25,2.16,2.22,26,2546
2025-07-18,MSFT,2025-09-16,C,239.81,239.81,0.278585,0.5,2.64,2.7,302,2121
2025-07-18,MSFT,2025-09-16,P,239.81,239.81,0.278585,-0.5,2.65,2.69,238,1655
2025-07-18,MSFT,2025-09-16,P,225.42,239.81,0.328963,-0.25,3.13,3.18,319,2919
2025-07-18,MSFT,2025-09-16,P,211.03,239.81,0.349114,-0.1,3.33,3.37,350,2756
2025-07-21,MSFT,2025-08-15,C,267.83,239.13,0.201214,0.1,1.9,1.95,267,3261
2025-07-21,MSFT,2025-08-15,C,253.48,239.13,0.215718,0.25,2.04,2.09,436,4008
2025-07-21,MSFT,2025-08-15,C,239.13,239.13,0.264062,0.5,2.5,2.55,118,2903
2025-07-21,MSFT,2025-08-15,P,239.13,239.13,0.264062,-0.5,2.5,2.55,95,346
2025-07-21,MSFT,2025-08-15,P,224.79,239.13,0.312406,-0.25,2.97,3.01,252,1068
2025-07-21,MSFT,2025-08-15,P,210.44,239.13,0.331743,-0.1,3.14,3.2,402,1338
2025-07-21,MSFT,2025-08-22,C,267.83,239.13,0.204014,0.1,1.92,1.98,340,2466
2025-07-21,MSFT,2025-08-22,C,253.48,239.13,0.218518,0.25,2.07,2.11,214,1962
2025-07-21,MSFT,2025-08-22,C,239.13,239.13,0.266862,0.5,2.53,2.57,245,4170
2025-07-21,MSFT,2025-08-22,P,239.13,239.13,0.266862,-0.5,2.53,2.57,410,4368
2025-07-21,MSFT,2025-08-22,P,224.79,239.13,0.315206,-0.25,2.99,3.04,270,1505
2025-07-21,MSFT,2025-08-22,P,210.44,239.13,0.334543,-0.1,3.18,3.22,402,3429
2025-07-21,MSFT,2025-09-19,C,267.83,239.13,0.215214,0.1,2.03,2.08,110,4697
2025-07-21,MSFT,2025-09-19,C,253.48,239.13,0.229718,0.25,2.17,2.22,463,213
2025-07-21,MSFT,2025-09-19,C,239.13,239.13,0.278062,0.5,2.63,2.69,184,2901
2025-07-21,MSFT,2025-09-19,P,239.13,239.13,0.278062,-0.5,2.63,2.69,310,2136
2025-07-21,MSFT,2025-09-19,P,224.79,239.13,0.326406,-0.25,3.09,3.15,190,863
2025-07-21,MSFT,2025-09-19,P,210.44,239.13,0.345743,-0.1,3.28,3.34,56,876
2025-07-22,MSFT,2025-08-16,C,268.6,239.82,0.205478,0.1,1.95,1.99,345,3914
2025-07-22,MSFT,2025-08-16,C,254.21,239.82,0.219569,0.25,2.08,2.13,253,4384
2025-07-22,MSFT,2025-08-16,C,239.82,239.82,0.26654,0.5,2.53,2.58,318,2149
2025-07-22,MSFT,2025-08-16,P,239.82,239.82,0.26654,-0.5,2.53,2.59,479,2901
2025-07-22,MSFT,2025-08-16,P,225.43,239.82,0.313511,-0.25,2.98,3.03,126,1187
2025-07-22,MSFT,2025-08-16,P,211.04,239.82,0.3323,-0.1,3.16,3.21,395,1853
2025-07-22,MSFT,2025-08-23,C,268.6,239.82,0.208278,0.1,1.97,2.02,446,990
2025-07-22,MSFT,2025-08-23,C,254.21,239.82,0.222369,0.25,2.11,2.16,232,4245
2025-07-22,MSFT,2025-08-23,C,239.82,239.82,0.26934,0.5,2.56,2.61,194,4481
2025-07-22,MSFT,2025-08-23,P,239.82,239.82,0.26934,-0.5,2.56,2.61,46,2205
2025-07-22,MSFT,2025-08-23,P,225.43,239.82,0.316311,-0.25,3.01,3.06,112,2008
2025-07-22,MSFT,2025-08-23,P,211.04,239.82,0.3351,-0.1,3.19,3.24,31,752
2025-07-22,MSFT,2025-09-20,C,268.6,239.82,0.219478,0.1,2.08,2.13,441,702
2025-07-22,MSFT,2025-09-20,C,254.21,239.82,0.233569,0.25,2.21,2.27,489,4152
2025-07-22,MSFT,2025-09-20,C,239.82,239.82,0.28054,0.5,2.67,2.71,288,2290
2025-07-22,MSFT,2025-09-20,P,239.82,239.82,0.28054,-0.5,2.67,2.72,281,3604
2025-07-22,MSFT,2025-09-20,P,225.43,239.82,0.327511,-0.25,3.12,3.16,26,2036
2025-07-22,MSFT,2025-09-20,P,211.04,239.82,0.3463,-0.1,3.29,3.35,217,2665
2025-07-23,MSFT,2025-08-17,C,269.03,240.2,0.209727,0.1,1.99,2.04,241,464
2025-07-23,MSFT,2025-08-17,C,254.61,240.2,0.222939,0.25,2.12,2.17,392,2359
2025-07-23,MSFT,2025-08-17,C,240.2,240.2,0.26698,0.5,2.54,2.59,326,1152
2025-07-23,MSFT,2025-08-17,P,240.2,240.2,0.26698,-0.5,2.54,2.59,346,3748
2025-07-23,MSFT,2025-08-17,P,225.79,240.2,0.311021,-0.25,2.97,3.01,82,3639
2025-07-23,MSFT,2025-08-17,P,211.38,240.2,0.328637,-0.1,3.13,3.18,209,425
2025-07-23,MSFT,2025-08-24,C,269.03,240.2,0.212527,0.1,2.01,2.07,131,4398
2025-07-23,MSFT,2025-08-24,C,254.61,240.2,0.225739,0.25,2.14,2.2,89,54
2025-07-23,MSFT,2025-08-24,C,240.2,240.2,0.26978,0.5,2.57,2.62,393,4567
2025-07-23,MSFT,2025-08-24,P,240.2,240.2,0.26978,-0.5,2.57,2.62,315,1458
2025-07-23,MSFT,2025-08-24,P,225.79,240.2,0.313821,-0.25,2.99,3.04,28,3427
2025-07-23,MSFT,2025-08-24,P,211.38,240.2,0.331437,-0.1,3.16,3.21,74,4563
2025-07-23,MSFT,2025-09-21,C,269.03,240.2,0.223727,0.1,2.12,2.18,324,1703
2025-07-23,MSFT,2025-09-21,C,254.61,240.2,0.236939,0.25,2.25,2.3,91,516
2025-07-23,MSFT,2025-09-21,C,240.2,240.2,0.28098,0.5,2.68,2.72,51,366
2025-07-23,MSFT,2025-09-21,P,240.2,240.2,0.28098,-0.5,2.67,2.73,249,770
2025-07-23,MSFT,2025-09-21,P,225.79,240.2,0.325021,-0.25,3.1,3.15,297,2171
2025-07-23,MSFT,2025-09-21,P,211.38,240.2,0.342637,-0.1,3.27,3.32,453,2693
2025-07-24,MSFT,2025-08-18,C,269.52,240.64,0.203186,0.1,1.93,1.98,125,2401
2025-07-24,MSFT,2025-08-18,C,255.08,240.64,0.215978,0.25,2.05,2.11,271,3507
2025-07-24,MSFT,2025-08-18,C,240.64,240.64,0.258616,0.5,2.46,2.52,4,1887
2025-07-24,MSFT,2025-08-18,P,240.64,240.64,0.258616,-0.5,2.47,2.51,221,2011
2025-07-24,MSFT,2025-08-18,P,226.2,240.64,0.301254,-0.25,2.87,2.93,54,1079
2025-07-24,MSFT,2025-08-18,P,211.76,240.64,0.318309,-0.1,3.04,3.09,248,4722
2025-07-24,MSFT,2025-08-25,C,269.52,240.64,0.205986,0.1,1.95,2.01,68,754
2025-07-24,MSFT,2025-08-25,C,255.08,240.64,0.218778,0.25,2.08,2.13,90,2154
2025-07-24,MSFT,2025-08-25,C,240.64,240.64,0.261416,0.5,2.49,2.54,470,2498
2025-07-24,MSFT,2025-08-25,P,240.64,240.64,0.261416,-0.5,2.49,2.55,273,931
2025-07-24,MSFT,2025-08-25,P,226.2,240.64,0.304054,-0.25,2.9,2.95,419,38
2025-07-24,MSFT,2025-08-25,P,211.76,240.64,0.321109,-0.1,3.06,3.12,371,3266
2025-07-24,MSFT,2025-09-22,C,269.52,240.64,0.217186,0.1,2.06,2.12,290,4630
2025-07-24,MSFT,2025-09-22,C,255.08,240.64,0.229978,0.25,2.19,2.24,72,3663
2025-07-24,MSFT,2025-09-22,C,240.64,240.64,0.272616,0.5,2.6,2.65,31,4964
2025-07-24,MSFT,2025-09-22,P,240.64,240.64,0.272616,-0.5,2.6,2.65,1,2093
2025-07-24,MSFT,2025-09-22,P,226.2,240.64,0.315254,-0.25,3.01,3.06,120,1976
2025-07-24,MSFT,2025-09-22,P,211.76,240.64,0.332309,-0.1,3.17,3.22,3,1754
2025-07-25,MSFT,2025-08-19,C,268.09,239.37,0.227587,0.1,2.15,2.21,386,4639
2025-07-25,MSFT,2025-08-19,C,253.73,239.37,0.240309,0.25,2.28,2.33,87,4811
2025-07-25,MSFT,2025-08-19,C,239.37,239.37,0.282713,0.5,2.68,2.73,113,1943
2025-07-25,MSFT,2025-08-19,P,239.37,239.37,0.282713,-0.5,2.68,2.74,34,3168
2025-07-25,MSFT,2025-08-19,P,225.01,239.37,0.325117,-0.25,3.09,3.14,97,2069
2025-07-25,MSFT,2025-08-19,P,210.65,239.37,0.342079,-0.1,3.25,3.3,44,425
2025-07-25,MSFT,2025-08-26,C,268.09,239.37,0.230387,0.1,2.18,2.24,208,1147
2025-07-25,MSFT,2025-08-26,C,253.73,239.37,0.243109,0.25,2.3,2.35,182,581
2025-07-25,MSFT,2025-08-26,C,239.37,239.37,0.285513,0.5,2.71,2.76,312,1960
2025-07-25,MSFT,2025-08-26,P,239.37,239.37,0.285513,-0.5,2.71,2.76,465,2646
2025-07-25,MSFT,2025-08-26,P,225.01,239.37,0.327917,-0.25,3.12,3.16,79,63
2025-07-25,MSFT,2025-08-26,P,210.65,239.37,0.344879,-0.1,3.28,3.32,113,3624
2025-07-25,MSFT,2025-09-23,C,268.09,239.37,0.241587,0.1,2.28,2.34,69,1713
2025-07-25,MSFT,2025-09-23,C,253.73,239.37,0.254309,0.25,2.41,2.46,63,1207
2025-07-25,MSFT,2025-09-23,C,239.37,239.37,0.296713,0.5,2.81,2.87,273,4826
2025-07-25,MSFT,2025-09-23,P,239.37,239.37,0.296713,-0.5,2.81,2.87,495,453
2025-07-25,MSFT,2025-09-23,P,225.01,239.37,0.339117,-0.25,3.22,3.27,309,4952
2025-07-25,MSFT,2025-09-23,P,210.65,239.37,0.356079,-0.1,3.39,3.43,149,3355
2025-07-28,MSFT,2025-08-22,C,268.02,239.3,0.186167,0.1,1.75,1.81,208,3048
2025-07-28,MSFT,2025-08-22,C,253.66,239.3,0.199077,0.25,1.88,1.93,147,4644
2025-07-28,MSFT,2025-08-22,C,239.3,239.3,0.242109,0.5,2.29,2.34,201,4507
2025-07-28,MSFT,2025-08-22,P,239.3,239.3,0.242109,-0.5,2.29,2.34,497,3785
2025-07-28,MSFT,2025-08-22,P,224.94,239.3,0.285141,-0.25,2.7,2.76,166,2757
2025-07-28,MSFT,2025-08-22,P,210.59,239.3,0.302354,-0.1,2.87,2.92,232,264
2025-07-28,MSFT,2025-08-29,C,268.02,239.3,0.188967,0.1,1.78,1.84,83,3113
2025-07-28,MSFT,2025-08-29,C,253.66,239.3,0.201877,0.25,1.91,1.96,229,4388
2025-07-28,MSFT,2025-08-29,C,239.3,239.3,0.244909,0.5,2.32,2.37,314,4436
2025-07-28,MSFT,2025-08-29,P,239.3,239.3,0.244909,-0.5,2.32,2.37,333,4883
2025-07-28,MSFT,2025-08-29,P,224.94,239.3,0.287941,-0.25,2.73,2.78,255,530
2025-07-28,MSFT,2025-08-29,P,210.59,239.3,0.305154,-0.1,2.89,2.95,227,2748
2025-07-28,MSFT,2025-09-26,C,268.02,239.3,0.200167,0.1,1.89,1.95,200,3804
2025-07-28,MSFT,2025-09-26,C,253.66,239.3,0.213077,0.25,2.01,2.07,360,1640
2025-07-28,MSFT,2025-09-26,C,239.3,239.3,0.256109,0.5,2.43,2.47,428,1390
2025-07-28,MSFT,2025-09-26,P,239.3,239.3,0.256109,-0.5,2.42,2.48,352,4316
2025-07-28,MSFT,2025-09-26,P,224.94,239.3,0.299141,-0.25,2.84,2.88,420,1047
2025-07-28,MSFT,2025-09-26,P,210.59,239.3,0.316354,-0.1,3.0,3.05,27,1425
2025-07-29,MSFT,2025-08-23,C,267.78,239.09,0.204673,0.1,1.94,1.98,84,3193
2025-07-29,MSFT,2025-08-23,C,253.43,239.09,0.217326,0.25,2.05,2.1,142,4294
2025-07-29,MSFT,2025-08-23,C,239.09,239.09,0.259501,0.5,2.46,2.5,253,692
2025-07-29,MSFT,2025-08-23,P,239.09,239.09,0.259501,-0.5,2.45,2.51,304,4941
2025-07-29,MSFT,2025-08-23,P,224.74,239.09,0.301677,-0.25,2.86,2.91,383,4328
2025-07-29,MSFT,2025-08-23,P,210.4,239.09,0.318547,-0.1,3.02,3.07,252,4558
2025-07-29,MSFT,2025-08-30,C,267.78,239.09,0.207473,0.1,1.96,2.01,127,515
2025-07-29,MSFT,2025-08-30,C,253.43,239.09,0.220126,0.25,2.08,2.13,113,3818
2025-07-29,MSFT,2025-08-30,C,239.09,239.09,0.262301,0.5,2.48,2.54,25,2290
2025-07-29,MSFT,2025-08-30,P,239.09,239.09,0.262301,-0.5,2.49,2.53,395,342
2025-07-29,MSFT,2025-08-30,P,224.74,239.09,0.304477,-0.25,2.89,2.94,241,4593
2025-07-29,MSFT,2025-08-30,P,210.4,239.09,0.321347,-0.1,3.05,3.1,205,3256
2025-07-29,MSFT,2025-09-27,C,267.78,239.09,0.218673,0.1,2.07,2.12,141,4449
2025-07-29,MSFT,2025-09-27,C,253.43,239.09,0.231326,0.25,2.18,2.24,216,1004
2025-07-29,MSFT,2025-09-27,C,239.09,239.09,0.273501,0.5,2.59,2.64,154,4239
2025-07-29,MSFT,2025-09-27,P,239.09,239.09,0.273501,-0.5,2.59,2.64,289,2953
2025-07-29,MSFT,2025-09-27,P,224.74,239.09,0.315677,-0.25,3.0,3.04,360,2795
2025-07-29,MSFT,2025-09-27,P,210.4,239.09,0.332547,-0.1,3.15,3.21,373,1369
2025-07-30,MSFT,2025-08-24,C,268.44,239.68,0.225774,0.1,2.14,2.19,481,4557
2025-07-30,MSFT,2025-08-24,C,254.06,239.68,0.236995,0.25,2.25,2.3,417,12
2025-07-30,MSFT,2025-08-24,C,239.68,239.68,0.274399,0.5,2.61,2.66,327,3145
2025-07-30,MSFT,2025-08-24,P,239.68,239.68,0.274399,-0.5,2.6,2.66,325,2707
2025-07-30,MSFT,2025-08-24,P,225.3,239.68,0.311802,-0.25,2.97,3.01,355,4634
2025-07-30,MSFT,2025-08-24,P,210.92,239.68,0.326763,-0.1,3.11,3.16,182,1364
2025-07-30,MSFT,2025-08-31,C,268.44,239.68,0.228574,0.1,2.16,2.22,231,613
2025-07-30,MSFT,2025-08-31,C,254.06,239.68,0.239795,0.25,2.28,2.32,468,2679
2025-07-30,MSFT,2025-08-31,C,239.68,239.68,0.277199,0.5,2.63,2.68,269,2559
2025-07-30,MSFT,2025-08-31,P,239.68,239.68,0.277199,-0.5,2.63,2.69,428,1321
2025-07-30,MSFT,2025-08-31,P,225.3,239.68,0.314602,-0.25,2.99,3.05,322,106
2025-07-30,MSFT,2025-08-31,P,210.92,239.68,0.329563,-0.1,3.14,3.18,15,936
2025-07-30,MSFT,2025-09-28,C,268.44,239.68,0.239774,0.1,2.28,2.32,417,2196
2025-07-30,MSFT,2025-09-28,C,254.06,239.68,0.250995,0.25,2.38,2.43,418,4105
2025-07-30,MSFT,2025-09-28,C,239.68,239.68,0.288399,0.5,2.74,2.79,497,46
2025-07-30,MSFT,2025-09-28,P,239.68,239.68,0.288399,-0.5,2.74,2.79,420,1988
2025-07-30,MSFT,2025-09-28,P,225.3,239.68,0.325802,-0.25,3.1,3.15,311,3637
2025-07-30,MSFT,2025-09-28,P,210.92,239.68,0.340763,-0.1,3.25,3.29,450,2581
2025-07-31,MSFT,2025-08-25,C,269.77,240.87,0.194524,0.1,1.85,1.9,448,3577
2025-07-31,MSFT,2025-08-25,C,255.32,240.87,0.205733,0.25,1.95,2.01,123,1809
2025-07-31,MSFT,2025-08-25,C,240.87,240.87,0.243096,0.5,2.32,2.37,223,2268
2025-07-31,MSFT,2025-08-25,P,240.87,240.87,0.243096,-0.5,2.31,2.37,245,2202
2025-07-31,MSFT,2025-08-25,P,226.41,240.87,0.28046,-0.25,2.68,2.73,446,1119
2025-07-31,MSFT,2025-08-25,P,211.96,240.87,0.295405,-0.1,2.82,2.88,375,4462
2025-07-31,MSFT,2025-09-01,C,269.77,240.87,0.197324,0.1,1.88,1.93,382,4803
2025-07-31,MSFT,2025-09-01,C,255.32,240.87,0.208533,0.25,1.98,2.04,40,4795
2025-07-31,MSFT,2025-09-01,C,240.87,240.87,0.245896,0.5,2.35,2.39,145,1135
2025-07-31,MSFT,2025-09-01,P,240.87,240.87,0.245896,-0.5,2.34,2.4,232,2105
2025-07-31,MSFT,2025-09-01,P,226.41,240.87,0.28326,-0.25,2.71,2.75,443,3774
2025-07-31,MSFT,2025-09-01,P,211.96,240.87,0.298205,-0.1,2.85,2.9,241,1726
2025-07-31,MSFT,2025-09-29,C,269.77,240.87,0.208524,0.1,1.99,2.03,59,2047
2025-07-31,MSFT,2025-09-29,C,255.32,240.87,0.219733,0.25,2.1,2.14,371,1155
2025-07-31,MSFT,2025-09-29,C,240.87,240.87,0.257096,0.5,2.45,2.5,81,3911
2025-07-31,MSFT,2025-09-29,P,240.87,240.87,0.257096,-0.5,2.45,2.5,26,1922
2025-07-31,MSFT,2025-09-29,P,226.41,240.87,0.29446,-0.25,2.81,2.86,268,794
2025-07-31,MSFT,2025-09-29,P,211.96,240.87,0.309405,-0.1,2.96,3.0,289,1048
2025-08-01,MSFT,2025-08-26,C,269.97,241.05,0.212696,0.1,2.03,2.07,297,2244
2025-08-01,MSFT,2025-08-26,C,255.51,241.05,0.224115,0.25,2.13,2.19,320,4170
2025-08-01,MSFT,2025-08-26,C,241.05,241.05,0.26218,0.5,2.5,2.56,180,4714
2025-08-01,MSFT,2025-08-26,P,241.05,241.05,0.26218,-0.5,2.5,2.55,499,1752
2025-08-01,MSFT,2025-08-26,P,226.58,241.05,0.300244,-0.25,2.87,2.92,122,292
2025-08-01,MSFT,2025-08-26,P,212.12,241.05,0.31547,-0.1,3.02,3.06,49,692
2025-08-01,MSFT,2025-09-02,C,269.97,241.05,0.215496,0.1,2.05,2.1,487,3515
2025-08-01,MSFT,2025-09-02,C,255.51,241.05,0.226915,0.25,2.16,2.21,401,1597
2025-08-01,MSFT,2025-09-02,C,241.05,241.05,0.26498,0.5,2.53,2.58,1,1091
2025-08-01,MSFT,2025-09-02,P,241.05,241.05,0.26498,-0.5,2.53,2.58,345,2555
2025-08-01,MSFT,2025-09-02,P,226.58,241.05,0.303044,-0.25,2.9,2.94,110,1304
2025-08-01,MSFT,2025-09-02,P,212.12,241.05,0.31827,-0.1,3.04,3.1,41,2690
2025-08-01,MSFT,2025-09-30,C,269.97,241.05,0.226696,0.1,2.16,2.21,117,48
2025-08-01,MSFT,2025-09-30,C,255.51,241.05,0.238115,0.25,2.27,2.32,27,1789
2025-08-01,MSFT,2025-09-30,C,241.05,241.05,0.27618,0.5,2.63,2.69,328,884
2025-08-01,MSFT,2025-09-30,P,241.05,241.05,0.27618,-0.5,2.64,2.69,106,4950
2025-08-01,MSFT,2025-09-30,P,226.58,241.05,0.314244,-0.25,3.01,3.05,218,1598
2025-08-01,MSFT,2025-09-30,P,212.12,241.05,0.32947,-0.1,3.15,3.2,464,2486
2025-08-04,MSFT,2025-08-29,C,268.26,239.52,0.210958,0.1,2.0,2.04,272,3954
2025-08-04,MSFT,2025-08-29,C,253.89,239.52,0.223223,0.25,2.12,2.16,145,4035
2025-08-04,MSFT,2025-08-29,C,239.52,239.52,0.264104,0.5,2.5,2.56,113,4247
2025-08-04,MSFT,2025-08-29,P,239.52,239.52,0.264104,-0.5,2.5,2.56,495,3593
2025-08-04,MSFT,2025-08-29,P,225.14,239.52,0.304984,-0.25,2.9,2.94,327,268
2025-08-04,MSFT,2025-08-29,P,210.77,239.52,0.321337,-0.1,3.06,3.1,484,2480
2025-08-04,MSFT,2025-09-05,C,268.26,239.52,0.213758,0.1,2.02,2.07,38,3713
2025-08-04,MSFT,2025-09-05,C,253.89,239.52,0.226023,0.25,2.14,2.19,232,4859
2025-08-04,MSFT,2025-09-05,C,239.52,239.52,0.266904,0.5,2.53,2.58,370,3930
2025-08-04,MSFT,2025-09-05,P,239.52,239.52,0.266904,-0.5,2.53,2.58,246,4943
2025-08-04,MSFT,2025-09-05,P,225.14,239.52,0.307784,-0.25,2.92,2.98,172,1425
2025-08-04,MSFT,2025-09-05,P,210.77,239.52,0.324137,-0.1,3.09,3.13,290,4841
2025-08-04,MSFT,2025-10-03,C,268.26,239.52,0.224958,0.1,2.13,2.18,249,4064
2025-08-04,MSFT,2025-10-03,C,253.89,239.52,0.237223,0.25,2.24,2.3,95,3681
2025-08-04,MSFT,2025-10-03,C,239.52,239.52,0.278104,0.5,2.64,2.69,302,4647
2025-08-04,MSFT,2025-10-03,P,239.52,239.52,0.278104,-0.5,2.64,2.69,76,1902
2025-08-04,MSFT,2025-10-03,P,225.14,239.52,0.318984,-0.25,3.04,3.08,12,203
2025-08-04,MSFT,2025-10-03,P,210.77,239.52,0.335337,-0.1,3.19,3.24,376,4176
2025-08-05,MSFT,2025-08-30,C,268.4,239.65,0.190534,0.1,1.8,1.85,481,1515
2025-08-05,MSFT,2025-08-30,C,254.02,239.65,0.203242,0.25,1.92,1.97,7,4164
2025-08-05,MSFT,2025-08-30,C,239.65,239.65,0.245604,0.5,2.33,2.38,229,707
2025-08-05,MSFT,2025-08-30,P,239.65,239.65,0.245604,-0.5,2.33,2.38,50,2781
2025-08-05,MSFT,2025-08-30,P,225.27,239.65,0.287965,-0.25,2.73,2.79,113,4154
2025-08-05,MSFT,2025-08-30,P,210.89,239.65,0.30491,-0.1,2.89,2.95,468,511
2025-08-05,MSFT,2025-09-06,C,268.4,239.65,0.193334,0.1,1.83,1.88,49,1966
2025-08-05,MSFT,2025-09-06,C,254.02,239.65,0.206042,0.25,1.95,2.0,57,2047
2025-08-05,MSFT,2025-09-06,C,239.65,239.65,0.248404,0.5,2.36,2.4,226,339
2025-08-05,MSFT,2025-09-06,P,239.65,239.65,0.248404,-0.5,2.35,2.41,463,521
2025-08-05,MSFT,2025-09-06,P,225.27,239.65,0.290765,-0.25,2.76,2.82,288,1539
2025-08-05,MSFT,2025-09-06,P,210.89,239.65,0.30771,-0.1,2.93,2.97,486,512
2025-08-05,MSFT,2025-10-04,C,268.4,239.65,0.204534,0.1,1.94,1.98,457,1782
2025-08-05,MSFT,2025-10-04,C,254.02,239.65,0.217242,0.25,2.05,2.11,483,4600
2025-08-05,MSFT,2025-10-04,C,239.65,239.65,0.259604,0.5,2.47,2.51,114,164
2025-08-05,MSFT,2025-10-04,P,239.65,239.65,0.259604,-0.5,2.47,2.51,282,3833
2025-08-05,MSFT,2025-10-04,P,225.27,239.65,0.301965,-0.25,2.87,2.92,301,1161
2025-08-05,MSFT,2025-10-04,P,210.89,239.65,0.31891,-0.1,3.03,3.09,68,4375
2025-08-06,MSFT,2025-08-31,C,271.91,242.78,0.218755,0.1,2.1,2.15,225,1911
2025-08-06,MSFT,2025-08-31,C,257.35,242.78,0.230984,0.25,2.22,2.27,489,3362
2025-08-06,MSFT,2025-08-31,C,242.78,242.78,0.27175,0.5,2.61,2.67,362,719
2025-08-06,MSFT,2025-08-31,P,242.78,242.78,0.27175,-0.5,2.61,2.67,48,2319
2025-08-06,MSFT,2025-08-31,P,228.21,242.78,0.312516,-0.25,3.01,3.06,465,267
2025-08-06,MSFT,2025-08-31,P,213.64,242.78,0.328822,-0.1,3.17,3.22,481,83
2025-08-06,MSFT,2025-09-07,C,271.91,242.78,0.221555,0.1,2.12,2.18,389,406
2025-08-06,MSFT,2025-09-07,C,257.35,242.78,0.233784,0.25,2.25,2.29,18,3910
2025-08-06,MSFT,2025-09-07,C,242.78,242.78,0.27455,0.5,2.64,2.69,235,3205
2025-08-06,MSFT,2025-09-07,P,242.78,242.78,0.27455,-0.5,2.64,2.69,225,3259
2025-08-06,MSFT,2025-09-07,P,228.21,242.78,0.315316,-0.25,3.04,3.09,436,1754
2025-08-06,MSFT,2025-09-07,P,213.64,242.78,0.331622,-0.1,3.2,3.24,243,2214
2025-08-06,MSFT,2025-10-05,C,271.91,242.78,0.232755,0.1,2.24,2.28,109,2349
2025-08-06,MSFT,2025-10-05,C,257.35,242.78,0.244984,0.25,2.35,2.4,319,901
2025-08-06,MSFT,2025-10-05,C,242.78,242.78,0.28575,0.5,2.75,2.8,22,3524
2025-08-06,MSFT,2025-10-05,P,242.78,242.78,0.28575,-0.5,2.75,2.8,354,4630
2025-08-06,MSFT,2025-10-05,P,228.21,242.78,0.326516,-0.25,3.15,3.19,345,1317
2025-08-06,MSFT,2025-10-05,P,213.64,242.78,0.342822,-0.1,3.31,3.35,82,2726
2025-08-07,MSFT,2025-09-01,C,274.12,244.75,0.190863,0.1,1.84,1.9,41,1528
2025-08-07,MSFT,2025-09-01,C,259.44,244.75,0.202567,0.25,1.96,2.01,128,2652
2025-08-07,MSFT,2025-09-01,C,244.75,244.75,0.241582,0.5,2.34,2.39,110,3694
2025-08-07,MSFT,2025-09-01,P,244.75,244.75,0.241582,-0.5,2.34,2.39,323,3806
2025-08-07,MSFT,2025-09-01,P,230.07,244.75,0.280596,-0.25,2.72,2.77,227,2306
2025-08-07,MSFT,2025-09-01,P,215.38,244.75,0.296202,-0.1,2.88,2.92,302,3585
2025-08-07,MSFT,2025-09-08,C,274.12,244.75,0.193663,0.1,1.87,1.92,366,2191
2025-08-07,MSFT,2025-09-08,C,259.44,244.75,0.205367,0.25,1.99,2.03,133,3401
2025-08-07,MSFT,2025-09-08,C,244.75,244.75,0.244382,0.5,2.37,2.41,136,4952
2025-08-07,MSFT,2025-09-08,P,244.75,244.75,0.244382,-0.5,2.37,2.41,202,1921
2025-08-07,MSFT,2025-09-08,P,230.07,244.75,0.283396,-0.25,2.75,2.8,209,1460
2025-08-07,MSFT,2025-09-08,P,215.38,244.75,0.299002,-0.1,2.9,2.95,129,3594
2025-08-07,MSFT,2025-10-06,C,274.12,244.75,0.204863,0.1,1.98,2.03,248,1326
2025-08-07,MSFT,2025-10-06,C,259.44,244.75,0.216567,0.25,2.1,2.14,205,1663
2025-08-07,MSFT,2025-10-06,C,244.75,244.75,0.255582,0.5,2.47,2.53,270,1906
2025-08-07,MSFT,2025-10-06,P,244.75,244.75,0.255582,-0.5,2.47,2.53,73,2313
2025-08-07,MSFT,2025-10-06,P,230.07,244.75,0.294596,-0.25,2.86,2.91,175,4121
2025-08-07,MSFT,2025-10-06,P,215.38,244.75,0.310202,-0.1,3.02,3.06,428,4325
2025-08-08,MSFT,2025-09-02,C,270.13,241.18,0.161854,0.1,1.54,1.58,119,4535
2025-08-08,MSFT,2025-09-02,C,255.66,241.18,0.175086,0.25,1.67,1.71,240,4888
2025-08-08,MSFT,2025-09-02,C,241.18,241.18,0.219193,0.5,2.09,2.14,155,1346
2025-08-08,MSFT,2025-09-02,P,241.18,241.18,0.219193,-0.5,2.09,2.14,8,4062
2025-08-08,MSFT,2025-09-02,P,226.71,241.18,0.2633,-0.25,2.52,2.56,471,3662
2025-08-08,MSFT,2025-09-02,P,212.24,241.18,0.280942,-0.1,2.69,2.73,126,1035
2025-08-08,MSFT,2025-09-09,C,270.13,241.18,0.164654,0.1,1.56,1.61,180,3731
2025-08-08,MSFT,2025-09-09,C,255.66,241.18,0.177886,0.25,1.69,1.74,53,3048
2025-08-08,MSFT,2025-09-09,C,241.18,241.18,0.221993,0.5,2.12,2.16,489,2082
2025-08-08,MSFT,2025-09-09,P,241.18,241.18,0.221993,-0.5,2.12,2.16,486,1392
2025-08-08,MSFT,2025-09-09,P,226.71,241.18,0.2661,-0.25,2.54,2.59,87,2998
2025-08-08,MSFT,2025-09-09,P,212.24,241.18,0.283742,-0.1,2.72,2.76,351,222
2025-08-08,MSFT,2025-10-07,C,270.13,241.18,0.175854,0.1,1.67,1.72,223,118
2025-08-08,MSFT,2025-10-07,C,255.66,241.18,0.189086,0.25,1.79,1.85,386,1757
2025-08-08,MSFT,2025-10-07,C,241.18,241.18,0.233193,0.5,2.23,2.27,24,4424
2025-08-08,MSFT,2025-10-07,P,241.18,241.18,0.233193,-0.5,2.22,2.28,172,4088
2025-08-08,MSFT,2025-10-07,P,226.71,241.18,0.2773,-0.25,2.65,2.7,190,1777
2025-08-08,MSFT,2025-10-07,P,212.24,241.18,0.294942,-0.1,2.82,2.87,402,2035
2025-08-11,MSFT,2025-09-05,C,270.21,241.26,0.203403,0.1,1.94,1.99,37,1669
2025-08-11,MSFT,2025-09-05,C,255.74,241.26,0.217186,0.25,2.08,2.12,482,3909
2025-08-11,MSFT,2025-09-05,C,241.26,241.26,0.263129,0.5,2.52,2.56,128,4875
2025-08-11,MSFT,2025-09-05,P,241.26,241.26,0.263129,-0.5,2.52,2.56,317,2380
2025-08-11,MSFT,2025-09-05,P,226.78,241.26,0.309073,-0.25,2.96,3.01,64,3472
2025-08-11,MSFT,2025-09-05,P,212.31,241.26,0.32745,-0.1,3.13,3.19,188,2440
2025-08-11,MSFT,2025-09-12,C,270.21,241.26,0.206203,0.1,1.97,2.01,17,3726
2025-08-11,MSFT,2025-09-12,C,255.74,241.26,0.219986,0.25,2.1,2.14,337,3001
2025-08-11,MSFT,2025-09-12,C,241.26,241.26,0.265929,0.5,2.54,2.59,340,1353
2025-08-11,MSFT,2025-09-12,P,241.26,241.26,0.265929,-0.5,2.54,2.59,156,3678
2025-08-11,MSFT,2025-09-12,P,226.78,241.26,0.311873,-0.25,2.99,3.03,84,1626
2025-08-11,MSFT,2025-09-12,P,212.31,241.26,0.33025,-0.1,3.16,3.21,231,3882
2025-08-11,MSFT,2025-10-10,C,270.21,241.26,0.217403,0.1,2.07,2.12,332,2253
2025-08-11,MSFT,2025-10-10,C,255.74,241.26,0.231186,0.25,2.21,2.25,204,30
2025-08-11,MSFT,2025-10-10,C,241.26,241.26,0.277129,0.5,2.65,2.69,491,1209
2025-08-11,MSFT,2025-10-10,P,241.26,241.26,0.277129,-0.5,2.65,2.7,137,606
2025-08-11,MSFT,2025-10-10,P,226.78,241.26,0.323073,-0.25,3.09,3.14,210,3031
2025-08-11,MSFT,2025-10-10,P,212.31,241.26,0.34145,-0.1,3.27,3.32,212,2973
2025-08-12,MSFT,2025-09-06,C,271.46,242.38,0.188879,0.1,1.81,1.85,326,4948
2025-08-12,MSFT,2025-09-06,C,256.92,242.38,0.203999,0.25,1.95,2.0,153,180
2025-08-12,MSFT,2025-09-06,C,242.38,242.38,0.2544,0.5,2.44,2.49,76,3357
2025-08-12,MSFT,2025-09-06,P,242.38,242.38,0.2544,-0.5,2.44,2.49,195,4822
2025-08-12,MSFT,2025-09-06,P,227.84,242.38,0.3048,-0.25,2.93,2.98,410,115
2025-08-12,MSFT,2025-09-06,P,213.29,242.38,0.32496,-0.1,3.13,3.18,244,3384
2025-08-12,MSFT,2025-09-13,C,271.46,242.38,0.191679,0.1,1.83,1.88,464,4641
2025-08-12,MSFT,2025-09-13,C,256.92,242.38,0.206799,0.25,1.98,2.03,320,703
2025-08-12,MSFT,2025-09-13,C,242.38,242.38,0.2572,0.5,2.47,2.51,106,1568
2025-08-12,MSFT,2025-09-13,P,242.38,242.38,0.2572,-0.5,2.47,2.52,206,3011
2025-08-12,MSFT,2025-09-13,P,227.84,242.38,0.3076,-0.25,2.96,3.0,307,4755
2025-08-12,MSFT,2025-09-13,P,213.29,242.38,0.32776,-0.1,3.15,3.2,258,4022
2025-08-12,MSFT,2025-10-11,C,271.46,242.38,0.202879,0.1,1.94,2.0,37,501
2025-08-12,MSFT,2025-10-11,C,256.92,242.38,0.217999,0.25,2.09,2.14,12,1083
2025-08-12,MSFT,2025-10-11,C,242.38,242.38,0.2684,0.5,2.57,2.63,391,1762
2025-08-12,MSFT,2025-10-11,P,242.38,242.38,0.2684,-0.5,2.57,2.63,126,2395
2025-08-12,MSFT,2025-10-11,P,227.84,242.38,0.3188,-0.25,3.07,3.12,186,4518
2025-08-12,MSFT,2025-10-11,P,213.29,242.38,0.33896,-0.1,3.26,3.31,434,3726
2025-08-13,MSFT,2025-09-07,C,271.22,242.16,0.175963,0.1,1.68,1.73,477,274
2025-08-13,MSFT,2025-09-07,C,256.69,242.16,0.192606,0.25,1.84,1.89,271,3614
2025-08-13,MSFT,2025-09-07,C,242.16,242.16,0.248081,0.5,2.38,2.43,462,2275
2025-08-13,MSFT,2025-09-07,P,242.16,242.16,0.248081,-0.5,2.38,2.42,134,3118
2025-08-13,MSFT,2025-09-07,P,227.63,242.16,0.303557,-0.25,2.91,2.97,179,3127
2025-08-13,MSFT,2025-09-07,P,213.1,242.16,0.325747,-0.1,3.13,3.19,59,91
2025-08-13,MSFT,2025-09-14,C,271.22,242.16,0.178763,0.1,1.71,1.75,98,2505
2025-08-13,MSFT,2025-09-14,C,256.69,242.16,0.195406,0.25,1.87,1.92,173,3435
2025-08-13,MSFT,2025-09-14,C,242.16,242.16,0.250881,0.5,2.4,2.46,80,521
2025-08-13,MSFT,2025-09-14,P,242.16,242.16,0.250881,-0.5,2.4,2.46,139,159
2025-08-13,MSFT,2025-09-14,P,227.63,242.16,0.306357,-0.25,2.94,2.99,181,1928
2025-08-13,MSFT,2025-09-14,P,213.1,242.16,0.328547,-0.1,3.16,3.21,111,497
2025-08-13,MSFT,2025-10-12,C,271.22,242.16,0.189963,0.1,1.81,1.87,305,4687
2025-08-13,MSFT,2025-10-12,C,256.69,242.16,0.206606,0.25,1.98,2.03,179,2552
2025-08-13,MSFT,2025-10-12,C,242.16,242.16,0.262081,0.5,2.51,2.56,14,2904
2025-08-13,MSFT,2025-10-12,P,242.16,242.16,0.262081,-0.5,2.51,2.56,279,2950
2025-08-13,MSFT,2025-10-12,P,227.63,242.16,0.317557,-0.25,3.05,3.1,485,3059
2025-08-13,MSFT,2025-10-12,P,213.1,242.16,0.339747,-0.1,3.27,3.31,424,4570
2025-08-14,MSFT,2025-09-08,C,270.6,241.61,0.209757,0.1,2.01,2.05,25,4985
2025-08-14,MSFT,2025-09-08,C,256.1,241.61,0.225683,0.25,2.16,2.2,494,509
2025-08-14,MSFT,2025-09-08,C,241.61,241.61,0.27877,0.5,2.67,2.72,270,4137
2025-08-14,MSFT,2025-09-08,P,241.61,241.61,0.27877,-0.5,2.67,2.71,98,2455
2025-08-14,MSFT,2025-09-08,P,227.11,241.61,0.331857,-0.25,3.19,3.23,210,2149
2025-08-14,MSFT,2025-09-08,P,212.61,241.61,0.353092,-0.1,3.39,3.44,101,694
2025-08-14,MSFT,2025-09-15,C,270.6,241.61,0.212557,0.1,2.02,2.08,202,3178
2025-08-14,MSFT,2025-09-15,C,256.1,241.61,0.228483,0.25,2.18,2.24,412,4530
2025-08-14,MSFT,2025-09-15,C,241.61,241.61,0.28157,0.5,2.69,2.75,483,3743
2025-08-14,MSFT,2025-09-15,P,241.61,241.61,0.28157,-0.5,2.7,2.74,286,4146
2025-08-14,MSFT,2025-09-15,P,227.11,241.61,0.334657,-0.25,3.21,3.26,38,1365
2025-08-14,MSFT,2025-09-15,P,212.61,241.61,0.355892,-0.1,3.42,3.46,228,1513
2025-08-14,MSFT,2025-10-13,C,270.6,241.61,0.223757,0.1,2.14,2.19,223,3908
2025-08-14,MSFT,2025-10-13,C,256.1,241.61,0.239683,0.25,2.29,2.34,427,1346
2025-08-14,MSFT,2025-10-13,C,241.61,241.61,0.29277,0.5,2.81,2.85,287,4280
2025-08-14,MSFT,2025-10-13,P,241.61,241.61,0.29277,-0.5,2.81,2.85,374,2215
2025-08-14,MSFT,2025-10-13,P,227.11,241.61,0.345857,-0.25,3.31,3.37,142,4250
2025-08-14,MSFT,2025-10-13,P,212.61,241.61,0.367092,-0.1,3.52,3.57,125,3165
2025-08-15,MSFT,2025-09-09,C,270.24,241.29,0.208045,0.1,1.98,2.04,14,2843
2025-08-15,MSFT,2025-09-09,C,255.76,241.29,0.224171,0.25,2.14,2.19,111,579
2025-08-15,MSFT,2025-09-09,C,241.29,241.29,0.277926,0.5,2.66,2.71,145,1851
2025-08-15,MSFT,2025-09-09,P,241.29,241.29,0.277926,-0.5,2.66,2.71,242,3413
2025-08-15,MSFT,2025-09-09,P,226.81,241.29,0.331681,-0.25,3.17,3.23,5,1753
2025-08-15,MSFT,2025-09-09,P,212.33,241.29,0.353183,-0.1,3.38,3.44,322,1102
2025-08-15,MSFT,2025-09-16,C,270.24,241.29,0.210845,0.1,2.01,2.06,26,764
2025-08-15,MSFT,2025-09-16,C,255.76,241.29,0.226971,0.25,2.17,2.21,262,4478
2025-08-15,MSFT,2025-09-16,C,241.29,241.29,0.280726,0.5,2.69,2.73,42,4578
2025-08-15,MSFT,2025-09-16,P,241.29,241.29,0.280726,-0.5,2.69,2.73,40,3482
2025-08-15,MSFT,2025-09-16,P,226.81,241.29,0.334481,-0.25,3.21,3.25,297,3209
2025-08-15,MSFT,2025-09-16,P,212.33,241.29,0.355983,-0.1,3.41,3.46,135,2780
2025-08-15,MSFT,2025-10-14,C,270.24,241.29,0.222045,0.1,2.12,2.17,76,3969
2025-08-15,MSFT,2025-10-14,C,255.76,241.29,0.238171,0.25,2.27,2.33,71,597
2025-08-15,MSFT,2025-10-14,C,241.29,241.29,0.291926,0.5,2.79,2.84,15,3326
2025-08-15,MSFT,2025-10-14,P,241.29,241.29,0.291926,-0.5,2.79,2.85,139,1588
2025-08-15,MSFT,2025-10-14,P,226.81,241.29,0.345681,-0.25,3.31,3.36,368,4800
2025-08-15,MSFT,2025-10-14,P,212.33,241.29,0.367183,-0.1,3.52,3.57,245,2547
2025-08-18,MSFT,2025-09-12,C,270.98,241.95,0.20422,0.1,1.95,2.0,287,1995
2025-08-18,MSFT,2025-09-12,C,256.47,241.95,0.220595,0.25,2.11,2.16,191,3568
2025-08-18,MSFT,2025-09-12,C,241.95,241.95,0.27518,0.5,2.63,2.69,255,3274
2025-08-18,MSFT,2025-09-12,P,241.95,241.95,0.27518,-0.5,2.64,2.69,345,1994
2025-08-18,MSFT,2025-09-12,P,227.43,241.95,0.329765,-0.25,3.17,3.21,73,4619
2025-08-18,MSFT,2025-09-12,P,212.92,241.95,0.351599,-0.1,3.38,3.42,107,2733
2025-08-18,MSFT,2025-09-19,C,270.98,241.95,0.20702,0.1,1.98,2.03,163,679
2025-08-18,MSFT,2025-09-19,C,256.47,241.95,0.223395,0.25,2.14,2.18,34,3171
2025-08-18,MSFT,2025-09-19,C,241.95,241.95,0.27798,0.5,2.67,2.71,12,4830
2025-08-18,MSFT,2025-09-19,P,241.95,241.95,0.27798,-0.5,2.66,2.72,84,432
2025-08-18,MSFT,2025-09-19,P,227.43,241.95,0.332565,-0.25,3.19,3.25,36,1649
2025-08-18,MSFT,2025-09-19,P,212.92,241.95,0.354399,-0.1,3.41,3.45,85,1537
2025-08-18,MSFT,2025-10-17,C,270.98,241.95,0.21822,0.1,2.08,2.14,354,3332
2025-08-18,MSFT,2025-10-17,C,256.47,241.95,0.234595,0.25,2.25,2.29,460,3598
2025-08-18,MSFT,2025-10-17,C,241.95,241.95,0.28918,0.5,2.77,2.83,362,3716
2025-08-18,MSFT,2025-10-17,P,241.95,241.95,0.28918,-0.5,2.77,2.82,30,4096
2025-08-18,MSFT,2025-10-17,P,227.43,241.95,0.343765,-0.25,3.3,3.35,398,635
2025-08-18,MSFT,2025-10-17,P,212.92,241.95,0.365599,-0.1,3.51,3.57,327,1625
2025-08-19,MSFT,2025-09-13,C,269.44,240.57,0.196473,0.1,1.86,1.92,85,1686
2025-08-19,MSFT,2025-09-13,C,255.01,240.57,0.213166,0.25,2.03,2.07,397,3477
2025-08-19,MSFT,2025-09-13,C,240.57,240.57,0.268811,0.5,2.56,2.62,358,4192
2025-08-19,MSFT,2025-09-13,P,240.57,240.57,0.268811,-0.5,2.56,2.61,192,1144
2025-08-19,MSFT,2025-09-13,P,226.14,240.57,0.324455,-0.25,3.1,3.15,146,3775
2025-08-19,MSFT,2025-09-13,P,211.7,240.57,0.346713,-0.1,3.31,3.36,362,3665
2025-08-19,MSFT,2025-09-20,C,269.44,240.57,0.199273,0.1,1.89,1.94,122,41
2025-08-19,MSFT,2025-09-20,C,255.01,240.57,0.215966,0.25,2.05,2.1,404,3008
2025-08-19,MSFT,2025-09-20,C,240.57,240.57,0.271611,0.5,2.59,2.64,441,1348
2025-08-19,MSFT,2025-09-20,P,240.57,240.57,0.271611,-0.5,2.59,2.64,330,2442
2025-08-19,MSFT,2025-09-20,P,226.14,240.57,0.327255,-0.25,3.12,3.18,148,3059
2025-08-19,MSFT,2025-09-20,P,211.7,240.57,0.349513,-0.1,3.34,3.39,402,3401
2025-08-19,MSFT,2025-10-18,C,269.44,240.57,0.210473,0.1,2.0,2.05,323,2558
2025-08-19,MSFT,2025-10-18,C,255.01,240.57,0.227166,0.25,2.16,2.21,473,438
2025-08-19,MSFT,2025-10-18,C,240.57,240.57,0.282811,0.5,2.69,2.75,200,1682
2025-08-19,MSFT,2025-10-18,P,240.57,240.57,0.282811,-0.5,2.7,2.74,196,3861
2025-08-19,MSFT,2025-10-18,P,226.14,240.57,0.338455,-0.25,3.23,3.28,499,4978
2025-08-19,MSFT,2025-10-18,P,211.7,240.57,0.360713,-0.1,3.45,3.5,202,1490
2025-08-20,MSFT,2025-09-14,C,271.04,242.0,0.172944,0.1,1.65,1.69,310,484
2025-08-20,MSFT,2025-09-14,C,256.52,242.0,0.189934,0.25,1.82,1.86,199,1642
2025-08-20,MSFT,2025-09-14,C,242.0,242.0,0.246565,0.5,2.36,2.41,469,2156
2025-08-20,MSFT,2025-09-14,P,242.0,242.0,0.246565,-0.5,2.36,2.41,242,323
2025-08-20,MSFT,2025-09-14,P,227.48,242.0,0.303196,-0.25,2.91,2.96,11,918
2025-08-20,MSFT,2025-09-14,P,212.96,242.0,0.325849,-0.1,3.13,3.18,372,748
2025-08-20,MSFT,2025-09-21,C,271.04,242.0,0.175744,0.1,1.68,1.72,201,4611
2025-08-20,MSFT,2025-09-21,C,256.52,242.0,0.192734,0.25,1.84,1.89,119,850
2025-08-20,MSFT,2025-09-21,C,242.0,242.0,0.249365,0.5,2.39,2.44,134,2459
2025-08-20,MSFT,2025-09-21,P,242.0,242.0,0.249365,-0.5,2.39,2.43,454,3941
2025-08-20,MSFT,2025-09-21,P,227.48,242.0,0.305996,-0.25,2.93,2.99,55,4886
2025-08-20,MSFT,2025-09-21,P,212.96,242.0,0.328649,-0.1,3.15,3.21,432,2925
2025-08-20,MSFT,2025-10-19,C,271.04,242.0,0.186944,0.1,1.78,1.84,256,2053
2025-08-20,MSFT,2025-10-19,C,256.52,242.0,0.203934,0.25,1.95,2.0,86,2768
2025-08-20,MSFT,2025-10-19,C,242.0,242.0,0.260565,0.5,2.5,2.55,171,57
2025-08-20,MSFT,2025-10-19,P,242.0,242.0,0.260565,-0.5,2.5,2.55,485,2631
2025-08-20,MSFT,2025-10-19,P,227.48,242.0,0.317196,-0.25,3.04,3.1,94,943
2025-08-20,MSFT,2025-10-19,P,212.96,242.0,0.339849,-0.1,3.26,3.32,107,86
2025-08-21,MSFT,2025-09-15,C,270.96,241.93,0.165053,0.1,1.57,1.62,60,1664
2025-08-21,MSFT,2025-09-15,C,256.45,241.93,0.182077,0.25,1.74,1.79,444,1125
2025-08-21,MSFT,2025-09-15,C,241.93,241.93,0.238823,0.5,2.29,2.33,285,4027
2025-08-21,MSFT,2025-09-15,P,241.93,241.93,0.238823,-0.5,2.29,2.33,215,3687
2025-08-21,MSFT,2025-09-15,P,227.42,241.93,0.295569,-0.25,2.83,2.89,68,176
2025-08-21,MSFT,2025-09-15,P,212.9,241.93,0.318268,-0.1,3.05,3.11,340,3948
2025-08-21,MSFT,2025-09-22,C,270.96,241.93,0.167853,0.1,1.6,1.65,248,4047
2025-08-21,MSFT,2025-09-22,C,256.45,241.93,0.184877,0.25,1.76,1.81,377,4966
2025-08-21,MSFT,2025-09-22,C,241.93,241.93,0.241623,0.5,2.32,2.36,360,370
2025-08-21,MSFT,2025-09-22,P,241.93,241.93,0.241623,-0.5,2.31,2.37,345,1476
2025-08-21,MSFT,2025-09-22,P,227.42,241.93,0.298369,-0.25,2.86,2.91,182,1964
2025-08-21,MSFT,2025-09-22,P,212.9,241.93,0.321068,-0.1,3.08,3.13,416,4467
2025-08-21,MSFT,2025-10-20,C,270.96,241.93,0.179053,0.1,1.71,1.75,17,953
2025-08-21,MSFT,2025-10-20,C,256.45,241.93,0.196077,0.25,1.87,1.92,321,3915
2025-08-21,MSFT,2025-10-20,C,241.93,241.93,0.252823,0.5,2.42,2.47,85,1163
2025-08-21,MSFT,2025-10-20,P,241.93,241.93,0.252823,-0.5,2.42,2.48,299,3051
2025-08-21,MSFT,2025-10-20,P,227.42,241.93,0.309569,-0.25,2.97,3.02,116,351
2025-08-21,MSFT,2025-10-20,P,212.9,241.93,0.332268,-0.1,3.19,3.24,118,2629
2025-08-22,MSFT,2025-09-16,C,269.71,240.81,0.17529,0.1,1.67,1.71,144,2697
2025-08-22,MSFT,2025-09-16,C,255.26,240.81,0.192327,0.25,1.83,1.88,377,1814
2025-08-22,MSFT,2025-09-16,C,240.81,240.81,0.249115,0.5,2.37,2.42,434,1469
2025-08-22,MSFT,2025-09-16,P,240.81,240.81,0.249115,-0.5,2.37,2.43,141,3000
2025-08-22,MSFT,2025-09-16,P,226.36,240.81,0.305904,-0.25,2.92,2.97,439,4722
2025-08-22,MSFT,2025-09-16,P,211.91,240.81,0.32862,-0.1,3.14,3.19,33,1406
2025-08-22,MSFT,2025-09-23,C,269.71,240.81,0.17809,0.1,1.69,1.74,196,4808
2025-08-22,MSFT,2025-09-23,C,255.26,240.81,0.195127,0.25,1.86,1.9,40,3136
2025-08-22,MSFT,2025-09-23,C,240.81,240.81,0.251915,0.5,2.4,2.45,269,4084
2025-08-22,MSFT,2025-09-23,P,240.81,240.81,0.251915,-0.5,2.4,2.45,499,4685
2025-08-22,MSFT,2025-09-23,P,226.36,240.81,0.308704,-0.25,2.95,3.0,492,95
2025-08-22,MSFT,2025-09-23,P,211.91,240.81,0.33142,-0.1,3.17,3.22,335,4519
2025-08-22,MSFT,2025-10-21,C,269.71,240.81,0.18929,0.1,1.8,1.85,454,423
2025-08-22,MSFT,2025-10-21,C,255.26,240.81,0.206327,0.25,1.96,2.01,481,2517
2025-08-22,MSFT,2025-10-21,C,240.81,240.81,0.263115,0.5,2.51,2.55,489,1406
2025-08-22,MSFT,2025-10-21,P,240.81,240.81,0.263115,-0.5,2.51,2.56,108,3342
2025-08-22,MSFT,2025-10-21,P,226.36,240.81,0.319904,-0.25,3.06,3.11,254,2441
2025-08-22,MSFT,2025-10-21,P,211.91,240.81,0.34262,-0.1,3.27,3.33,355,1399
2025-08-25,MSFT,2025-09-19,C,271.22,242.16,0.185009,0.1,1.77,1.82,419,2097
2025-08-25,MSFT,2025-09-19,C,256.69,242.16,0.200808,0.25,1.92,1.97,97,3481
2025-08-25,MSFT,2025-09-19,C,242.16,242.16,0.253471,0.5,2.43,2.48,223,1352
2025-08-25,MSFT,2025-09-19,P,242.16,242.16,0.253471,-0.5,2.43,2.48,334,2149
2025-08-25,MSFT,2025-09-19,P,227.63,242.16,0.306134,-0.25,2.94,2.99,359,1147
2025-08-25,MSFT,2025-09-19,P,213.1,242.16,0.327199,-0.1,3.14,3.2,355,3996
2025-08-25,MSFT,2025-09-26,C,271.22,242.16,0.187809,0.1,1.79,1.84,248,2255
2025-08-25,MSFT,2025-09-26,C,256.69,242.16,0.203608,0.25,1.95,1.99,416,2689
2025-08-25,MSFT,2025-09-26,C,242.16,242.16,0.256271,0.5,2.46,2.51,206,4459
2025-08-25,MSFT,2025-09-26,P,242.16,242.16,0.256271,-0.5,2.46,2.51,266,795
2025-08-25,MSFT,2025-09-26,P,227.63,242.16,0.308934,-0.25,2.97,3.01,127,807
2025-08-25,MSFT,2025-09-26,P,213.1,242.16,0.329999,-0.1,3.17,3.23,180,3969
2025-08-25,MSFT,2025-10-24,C,271.22,242.16,0.199009,0.1,1.9,1.96,376,4203
2025-08-25,MSFT,2025-10-24,C,256.69,242.16,0.214808,0.25,2.06,2.1,154,3513
2025-08-25,MSFT,2025-10-24,C,242.16,242.16,0.267471,0.5,2.56,2.62,496,1131
2025-08-25,MSFT,2025-10-24,P,242.16,242.16,0.267471,-0.5,2.57,2.62,75,3315
2025-08-25,MSFT,2025-10-24,P,227.63,242.16,0.320134,-0.25,3.07,3.13,45,561
2025-08-25,MSFT,2025-10-24,P,213.1,242.16,0.341199,-0.1,3.28,3.33,430,4612
2025-08-26,MSFT,2025-09-20,C,269.14,240.3,0.176089,0.1,1.67,1.71,219,1112
2025-08-26,MSFT,2025-09-20,C,254.72,240.3,0.191681,0.25,1.82,1.87,84,1615
2025-08-26,MSFT,2025-09-20,C,240.3,240.3,0.243655,0.5,2.32,2.36,350,3817
2025-08-26,MSFT,2025-09-20,P,240.3,240.3,0.243655,-0.5,2.32,2.36,393,2235
2025-08-26,MSFT,2025-09-20,P,225.89,240.3,0.295629,-0.25,2.81,2.87,429,2206
2025-08-26,MSFT,2025-09-20,P,211.47,240.3,0.316418,-0.1,3.01,3.07,96,2050
2025-08-26,MSFT,2025-09-27,C,269.14,240.3,0.178889,0.1,1.7,1.74,158,545
2025-08-26,MSFT,2025-09-27,C,254.72,240.3,0.194481,0.25,1.85,1.89,418,1691
2025-08-26,MSFT,2025-09-27,C,240.3,240.3,0.246455,0.5,2.34,2.4,176,4600
2025-08-26,MSFT,2025-09-27,P,240.3,240.3,0.246455,-0.5,2.35,2.39,460,500
2025-08-26,MSFT,2025-09-27,P,225.89,240.3,0.298429,-0.25,2.84,2.89,159,2428
2025-08-26,MSFT,2025-09-27,P,211.47,240.3,0.319218,-0.1,3.05,3.09,241,1306
2025-08-26,MSFT,2025-10-25,C,269.14,240.3,0.190089,0.1,1.8,1.85,60,2631
2025-08-26,MSFT,2025-10-25,C,254.72,240.3,0.205681,0.25,1.96,2.0,230,3697
2025-08-26,MSFT,2025-10-25,C,240.3,240.3,0.257655,0.5,2.45,2.5,480,2139
2025-08-26,MSFT,2025-10-25,P,240.3,240.3,0.257655,-0.5,2.45,2.5,205,1064
2025-08-26,MSFT,2025-10-25,P,225.89,240.3,0.309629,-0.25,2.95,3.01,406,3413
2025-08-26,MSFT,2025-10-25,P,211.47,240.3,0.330418,-0.1,3.15,3.2,237,2382
2025-08-27,MSFT,2025-09-21,C,268.39,239.64,0.204729,0.1,1.94,1.98,463,2728
2025-08-27,MSFT,2025-09-21,C,254.02,239.64,0.219686,0.25,2.08,2.13,111,2105
2025-08-27,MSFT,2025-09-21,C,239.64,239.64,0.269542,0.5,2.56,2.61,475,1372
2025-08-27,MSFT,2025-09-21,P,239.64,239.64,0.269542,-0.5,2.56,2.6,332,1602
2025-08-27,MSFT,2025-09-21,P,225.26,239.64,0.319399,-0.25,3.04,3.09,317,4778
2025-08-27,MSFT,2025-09-21,P,210.88,239.64,0.339341,-0.1,3.23,3.27,352,286
2025-08-27,MSFT,2025-09-28,C,268.39,239.64,0.207529,0.1,1.97,2.01,361,792
2025-08-27,MSFT,2025-09-28,C,254.02,239.64,0.222486,0.25,2.11,2.16,311,38
2025-08-27,MSFT,2025-09-28,C,239.64,239.64,0.272342,0.5,2.58,2.64,264,4279
2025-08-27,MSFT,2025-09-28,P,239.64,239.64,0.272342,-0.5,2.59,2.64,288,4605
2025-08-27,MSFT,2025-09-28,P,225.26,239.64,0.322199,-0.25,3.06,3.11,147,4968
2025-08-27,MSFT,2025-09-28,P,210.88,239.64,0.342141,-0.1,3.26,3.3,362,4984
2025-08-27,MSFT,2025-10-26,C,268.39,239.64,0.218729,0.1,2.07,2.12,407,1773
2025-08-27,MSFT,2025-10-26,C,254.02,239.64,0.233686,0.25,2.21,2.27,474,1859
2025-08-27,MSFT,2025-10-26,C,239.64,239.64,0.283542,0.5,2.7,2.74,271,306
2025-08-27,MSFT,2025-10-26,P,239.64,239.64,0.283542,-0.5,2.7,2.74,476,1782
2025-08-27,MSFT,2025-10-26,P,225.26,239.64,0.333399,-0.25,3.17,3.22,7,2716
2025-08-27,MSFT,2025-10-26,P,210.88,239.64,0.353341,-0.1,3.36,3.42,126,76
2025-08-28,MSFT,2025-09-22,C,267.63,238.95,0.181639,0.1,1.71,1.76,237,3784
2025-08-28,MSFT,2025-09-22,C,253.29,238.95,0.196629,0.25,1.85,1.91,142,4516
2025-08-28,MSFT,2025-09-22,C,238.95,238.95,0.246598,0.5,2.34,2.38,327,2861
2025-08-28,MSFT,2025-09-22,P,238.95,238.95,0.246598,-0.5,2.33,2.39,435,3598
2025-08-28,MSFT,2025-09-22,P,224.61,238.95,0.296566,-0.25,2.81,2.86,70,3073
2025-08-28,MSFT,2025-09-22,P,210.28,238.95,0.316553,-0.1,3.0,3.05,52,1381
2025-08-28,MSFT,2025-09-29,C,267.63,238.95,0.184439,0.1,1.74,1.79,24,4203
2025-08-28,MSFT,2025-09-29,C,253.29,238.95,0.199429,0.25,1.88,1.93,466,978
2025-08-28,MSFT,2025-09-29,C,238.95,238.95,0.249398,0.5,2.36,2.41,410,2944
2025-08-28,MSFT,2025-09-29,P,238.95,238.95,0.249398,-0.5,2.36,2.41,82,3401
2025-08-28,MSFT,2025-09-29,P,224.61,238.95,0.299366,-0.25,2.84,2.89,410,4388
2025-08-28,MSFT,2025-09-29,P,210.28,238.95,0.319353,-0.1,3.02,3.08,281,4025
2025-08-28,MSFT,2025-10-27,C,267.63,238.95,0.195639,0.1,1.84,1.9,39,989
2025-08-28,MSFT,2025-10-27,C,253.29,238.95,0.210629,0.25,1.99,2.04,15,353
2025-08-28,MSFT,2025-10-27,C,238.95,238.95,0.260598,0.5,2.47,2.52,168,274
2025-08-28,MSFT,2025-10-27,P,238.95,238.95,0.260598,-0.5,2.47,2.52,6,3432
2025-08-28,MSFT,2025-10-27,P,224.61,238.95,0.310566,-0.25,2.94,2.99,474,2090
2025-08-28,MSFT,2025-10-27,P,210.28,238.95,0.330553,-0.1,3.14,3.18,34,1516
2025-08-29,MSFT,2025-09-23,C,270.51,241.52,0.204653,0.1,1.95,2.01,6,4490
2025-08-29,MSFT,2025-09-23,C,256.02,241.52,0.219233,0.25,2.09,2.15,68,510
2025-08-29,MSFT,2025-09-23,C,241.52,241.52,0.267835,0.5,2.56,2.61,470,2319
2025-08-29,MSFT,2025-09-23,P,241.52,241.52,0.267835,-0.5,2.56,2.61,254,3516
2025-08-29,MSFT,2025-09-23,P,227.03,241.52,0.316436,-0.25,3.03,3.08,76,2484
2025-08-29,MSFT,2025-09-23,P,212.54,241.52,0.335877,-0.1,3.22,3.27,486,4803
2025-08-29,MSFT,2025-09-30,C,270.51,241.52,0.207453,0.1,1.98,2.03,264,4020
2025-08-29,MSFT,2025-09-30,C,256.02,241.52,0.222033,0.25,2.12,2.17,125,709
2025-08-29,MSFT,2025-09-30,C,241.52,241.52,0.270635,0.5,2.59,2.64,497,4278
2025-08-29,MSFT,2025-09-30,P,241.52,241.52,0.270635,-0.5,2.59,2.64,109,642
2025-08-29,MSFT,2025-09-30,P,227.03,241.52,0.319236,-0.25,3.06,3.11,320,3419
2025-08-29,MSFT,2025-09-30,P,212.54,241.52,0.338677,-0.1,3.25,3.29,240,575
2025-08-29,MSFT,2025-10-28,C,270.51,241.52,0.218653,0.1,2.09,2.14,206,36
2025-08-29,MSFT,2025-10-28,C,256.02,241.52,0.233233,0.25,2.23,2.28,378,2705
2025-08-29,MSFT,2025-10-28,C,241.52,241.52,0.281835,0.5,2.7,2.74,158,2722
2025-08-29,MSFT,2025-10-28,P,241.52,241.52,0.281835,-0.5,2.7,2.74,109,362
2025-08-29,MSFT,2025-10-28,P,227.03,241.52,0.330436,-0.25,3.17,3.22,372,2504
2025-08-29,MSFT,2025-10-28,P,212.54,241.52,0.349877,-0.1,3.36,3.4,18,3112
2025-09-01,MSFT,2025-09-26,C,269.59,240.7,0.191845,0.1,1.82,1.87,382,1755
2025-09-01,MSFT,2025-09-26,C,255.14,240.7,0.206836,0.25,1.96,2.02,258,2900
2025-09-01,MSFT,2025-09-26,C,240.7,240.7,0.256808,0.5,2.45,2.49,126,3434
2025-09-01,MSFT,2025-09-26,P,240.7,240.7,0.256808,-0.5,2.44,2.5,263,338
2025-09-01,MSFT,2025-09-26,P,226.26,240.7,0.306779,-0.25,2.93,2.98,182,3954
2025-09-01,MSFT,2025-09-26,P,211.82,240.7,0.326768,-0.1,3.13,3.17,61,4509
2025-09-01,MSFT,2025-10-03,C,269.59,240.7,0.194645,0.1,1.85,1.9,153,3691
2025-09-01,MSFT,2025-10-03,C,255.14,240.7,0.209636,0.25,1.99,2.05,447,4948
2025-09-01,MSFT,2025-10-03,C,240.7,240.7,0.259608,0.5,2.47,2.53,173,3524
2025-09-01,MSFT,2025-10-03,P,240.7,240.7,0.259608,-0.5,2.48,2.52,429,1457
2025-09-01,MSFT,2025-10-03,P,226.26,240.7,0.309579,-0.25,2.95,3.01,10,1997
2025-09-01,MSFT,2025-10-03,P,211.82,240.7,0.329568,-0.1,3.14,3.2,362,262
2025-09-01,MSFT,2025-10-31,C,269.59,240.7,0.205845,0.1,1.96,2.0,185,858
2025-09-01,MSFT,2025-10-31,C,255.14,240.7,0.220836,0.25,2.1,2.15,43,411
2025-09-01,MSFT,2025-10-31,C,240.7,240.7,0.270808,0.5,2.58,2.63,324,4931
2025-09-01,MSFT,2025-10-31,P,240.7,240.7,0.270808,-0.5,2.58,2.64,55,3805
2025-09-01,MSFT,2025-10-31,P,226.26,240.7,0.320779,-0.25,3.07,3.11,115,1829
2025-09-01,MSFT,2025-10-31,P,211.82,240.7,0.340768,-0.1,3.25,3.31,364,117
2025-09-02,MSFT,2025-09-27,C,266.69,238.12,0.196492,0.1,1.84,1.9,396,420
2025-09-02,MSFT,2025-09-27,C,252.4,238.12,0.212033,0.25,1.99,2.05,341,980
2025-09-02,MSFT,2025-09-27,C,238.12,238.12,0.263835,0.5,2.49,2.53,176,985
2025-09-02,MSFT,2025-09-27,P,238.12,238.12,0.263835,-0.5,2.48,2.54,23,3022
2025-09-02,MSFT,2025-09-27,P,223.83,238.12,0.315638,-0.25,2.98,3.03,70,1838
2025-09-02,MSFT,2025-09-27,P,209.54,238.12,0.336359,-0.1,3.17,3.23,42,2913
2025-09-02,MSFT,2025-10-04,C,266.69,238.12,0.199292,0.1,1.87,1.92,384,3764
2025-09-02,MSFT,2025-10-04,C,252.4,238.12,0.214833,0.25,2.02,2.07,149,3412
2025-09-02,MSFT,2025-10-04,C,238.12,238.12,0.266635,0.5,2.52,2.56,181,4334
2025-09-02,MSFT,2025-10-04,P,238.12,238.12,0.266635,-0.5,2.52,2.56,274,4981
2025-09-02,MSFT,2025-10-04,P,223.83,238.12,0.318438,-0.25,3.01,3.06,398,608
2025-09-02,MSFT,2025-10-04,P,209.54,238.12,0.339159,-0.1,3.21,3.25,201,2871
2025-09-02,MSFT,2025-11-01,C,266.69,238.12,0.210492,0.1,1.98,2.03,458,4145
2025-09-02,MSFT,2025-11-01,C,252.4,238.12,0.226033,0.25,2.13,2.18,291,1075
2025-09-02,MSFT,2025-11-01,C,238.12,238.12,0.277835,0.5,2.62,2.67,203,3939
2025-09-02,MSFT,2025-11-01,P,238.12,238.12,0.277835,-0.5,2.62,2.68,86,1980
2025-09-02,MSFT,2025-11-01,P,223.83,238.12,0.329638,-0.25,3.11,3.17,360,189
2025-09-02,MSFT,2025-11-01,P,209.54,238.12,0.350359,-0.1,3.31,3.36,34,3912
2025-09-03,MSFT,2025-09-28,C,265.91,237.42,0.175923,0.1,1.65,1.69,280,3438
2025-09-03,MSFT,2025-09-28,C,251.66,237.42,0.191618,0.25,1.8,1.84,257,767
2025-09-03,MSFT,2025-09-28,C,237.42,237.42,0.243932,0.5,2.29,2.34,28,3848
2025-09-03,MSFT,2025-09-28,P,237.42,237.42,0.243932,-0.5,2.29,2.34,285,2425
2025-09-03,MSFT,2025-09-28,P,223.17,237.42,0.296247,-0.25,2.78,2.84,468,3796
2025-09-03,MSFT,2025-09-28,P,208.93,237.42,0.317173,-0.1,2.99,3.04,402,2646
2025-09-03,MSFT,2025-10-05,C,265.91,237.42,0.178723,0.1,1.68,1.72,427,2237
2025-09-03,MSFT,2025-10-05,C,251.66,237.42,0.194418,0.25,1.82,1.87,224,427
2025-09-03,MSFT,2025-10-05,C,237.42,237.42,0.246732,0.5,2.32,2.36,104,3036
2025-09-03,MSFT,2025-10-05,P,237.42,237.42,0.246732,-0.5,2.32,2.37,345,755
2025-09-03,MSFT,2025-10-05,P,223.17,237.42,0.299047,-0.25,2.81,2.87,390,618
2025-09-03,MSFT,2025-10-05,P,208.93,237.42,0.319973,-0.1,3.01,3.07,173,2090
2025-09-03,MSFT,2025-11-02,C,265.91,237.42,0.189923,0.1,1.78,1.83,225,126
2025-09-03,MSFT,2025-11-02,C,251.66,237.42,0.205618,0.25,1.93,1.97,133,4088
2025-09-03,MSFT,2025-11-02,C,237.42,237.42,0.257932,0.5,2.42,2.47,14,365
2025-09-03,MSFT,2025-11-02,P,237.42,237.42,0.257932,-0.5,2.43,2.47,440,2536
2025-09-03,MSFT,2025-11-02,P,223.17,237.42,0.310247,-0.25,2.92,2.97,429,2736
2025-09-03,MSFT,2025-11-02,P,208.93,237.42,0.331173,-0.1,3.12,3.17,164,3018
2025-09-04,MSFT,2025-09-29,C,266.52,237.97,0.197616,0.1,1.86,1.91,384,4443
2025-09-04,MSFT,2025-09-29,C,252.24,237.97,0.213466,0.25,2.01,2.06,350,2291
2025-09-04,MSFT,2025-09-29,C,237.97,237.97,0.266297,0.5,2.51,2.56,203,3091
2025-09-04,MSFT,2025-09-29,P,237.97,237.97,0.266297,-0.5,2.51,2.55,301,4912
2025-09-04,MSFT,2025-09-29,P,223.69,237.97,0.319129,-0.25,3.01,3.07,423,1413
2025-09-04,MSFT,2025-09-29,P,209.41,237.97,0.340261,-0.1,3.21,3.26,310,3854
2025-09-04,MSFT,2025-10-06,C,266.52,237.97,0.200416,0.1,1.88,1.94,422,2933
2025-09-04,MSFT,2025-10-06,C,252.24,237.97,0.216266,0.25,2.04,2.08,390,3406
2025-09-04,MSFT,2025-10-06,C,237.97,237.97,0.269097,0.5,2.54,2.58,73,3359
2025-09-04,MSFT,2025-10-06,P,237.97,237.97,0.269097,-0.5,2.54,2.59,217,3206
2025-09-04,MSFT,2025-10-06,P,223.69,237.97,0.321929,-0.25,3.04,3.09,380,2473
2025-09-04,MSFT,2025-10-06,P,209.41,237.97,0.343061,-0.1,3.24,3.29,372,1508
2025-09-04,MSFT,2025-11-03,C,266.52,237.97,0.211616,0.1,1.99,2.04,482,1121
2025-09-04,MSFT,2025-11-03,C,252.24,237.97,0.227466,0.25,2.14,2.19,118,2328
2025-09-04,MSFT,2025-11-03,C,237.97,237.97,0.280297,0.5,2.64,2.69,297,2579
2025-09-04,MSFT,2025-11-03,P,237.97,237.97,0.280297,-0.5,2.64,2.7,291,2547
2025-09-04,MSFT,2025-11-03,P,223.69,237.97,0.333129,-0.25,3.15,3.19,416,997
2025-09-04,MSFT,2025-11-03,P,209.41,237.97,0.354261,-0.1,3.35,3.39,286,4159
2025-09-05,MSFT,2025-09-30,C,267.57,238.91,0.19539,0.1,1.84,1.89,499,3577
2025-09-05,MSFT,2025-09-30,C,253.24,238.91,0.211224,0.25,1.99,2.05,19,4934
2025-09-05,MSFT,2025-09-30,C,238.91,238.91,0.264003,0.5,2.5,2.55,310,1268
2025-09-05,MSFT,2025-09-30,P,238.91,238.91,0.264003,-0.5,2.5,2.54,170,2952
2025-09-05,MSFT,2025-09-30,P,224.57,238.91,0.316783,-0.25,3.0,3.05,426,2812
2025-09-05,MSFT,2025-09-30,P,210.24,238.91,0.337895,-0.1,3.21,3.25,273,3601
2025-09-05,MSFT,2025-10-07,C,267.57,238.91,0.19819,0.1,1.87,1.92,220,1440
2025-09-05,MSFT,2025-10-07,C,253.24,238.91,0.214024,0.25,2.02,2.07,216,2886
2025-09-05,MSFT,2025-10-07,C,238.91,238.91,0.266803,0.5,2.53,2.57,112,1649
2025-09-05,MSFT,2025-10-07,P,238.91,238.91,0.266803,-0.5,2.52,2.58,451,2120
2025-09-05,MSFT,2025-10-07,P,224.57,238.91,0.319583,-0.25,3.03,3.08,407,3056
2025-09-05,MSFT,2025-10-07,P,210.24,238.91,0.340695,-0.1,3.23,3.28,240,10
2025-09-05,MSFT,2025-11-04,C,267.57,238.91,0.20939,0.1,1.98,2.03,303,2890
2025-09-05,MSFT,2025-11-04,C,253.24,238.91,0.225224,0.25,2.13,2.18,351,1700
2025-09-05,MSFT,2025-11-04,C,238.91,238.91,0.278003,0.5,2.63,2.68,230,2232
2025-09-05,MSFT,2025-11-04,P,238.91,238.91,0.278003,-0.5,2.63,2.68,68,2350
2025-09-05,MSFT,2025-11-04,P,224.57,238.91,0.330783,-0.25,3.13,3.19,115,1887
2025-09-05,MSFT,2025-11-04,P,210.24,238.91,0.351895,-0.1,3.34,3.39,125,2749
2025-09-08,MSFT,2025-10-03,C,270.63,241.64,0.193434,0.1,1.84,1.9,430,2563
2025-09-08,MSFT,2025-10-03,C,256.14,241.64,0.208849,0.25,1.99,2.04,355,4714
2025-09-08,MSFT,2025-10-03,C,241.64,241.64,0.260234,0.5,2.49,2.54,411,4985
2025-09-08,MSFT,2025-10-03,P,241.64,241.64,0.260234,-0.5,2.49,2.54,151,27
2025-09-08,MSFT,2025-10-03,P,227.14,241.64,0.311619,-0.25,2.99,3.04,237,3669
2025-09-08,MSFT,2025-10-03,P,212.64,241.64,0.332173,-0.1,3.19,3.23,458,1874
2025-09-08,MSFT,2025-10-10,C,270.63,241.64,0.196234,0.1,1.87,1.92,222,1070
2025-09-08,MSFT,2025-10-10,C,256.14,241.64,0.211649,0.25,2.02,2.07,161,1155
2025-09-08,MSFT,2025-10-10,C,241.64,241.64,0.263034,0.5,2.51,2.57,198,1747
2025-09-08,MSFT,2025-10-10,P,241.64,241.64,0.263034,-0.5,2.52,2.57,241,2725
2025-09-08,MSFT,2025-10-10,P,227.14,241.64,0.314419,-0.25,3.02,3.06,431,2200
2025-09-08,MSFT,2025-10-10,P,212.64,241.64,0.334973,-0.1,3.21,3.27,356,2746
2025-09-08,MSFT,2025-11-07,C,270.63,241.64,0.207434,0.1,1.98,2.03,250,3568
2025-09-08,MSFT,2025-11-07,C,256.14,241.64,0.222849,0.25,2.13,2.18,33,2435
2025-09-08,MSFT,2025-11-07,C,241.64,241.64,0.274234,0.5,2.63,2.68,28,2437
2025-09-08,MSFT,2025-11-07,P,241.64,241.64,0.274234,-0.5,2.63,2.67,388,1369
2025-09-08,MSFT,2025-11-07,P,227.14,241.64,0.325619,-0.25,3.13,3.17,7,2080
2025-09-08,MSFT,2025-11-07,P,212.64,241.64,0.346173,-0.1,3.32,3.37,41,3273
2025-09-09,MSFT,2025-10-04,C,272.53,243.33,0.184339,0.1,1.77,1.82,220,3310
2025-09-09,MSFT,2025-10-04,C,257.93,243.33,0.199559,0.25,1.92,1.97,218,4168
2025-09-09,MSFT,2025-10-04,C,243.33,243.33,0.250292,0.5,2.41,2.46,233,610
2025-09-09,MSFT,2025-10-04,P,243.33,243.33,0.250292,-0.5,2.41,2.46,77,3188
2025-09-09,MSFT,2025-10-04,P,228.73,243.33,0.301025,-0.25,2.91,2.95,248,501
2025-09-09,MSFT,2025-10-04,P,214.13,243.33,0.321318,-0.1,3.11,3.15,178,3391
2025-09-09,MSFT,2025-10-11,C,272.53,243.33,0.187139,0.1,1.8,1.84,132,3350
2025-09-09,MSFT,2025-10-11,C,257.93,243.33,0.202359,0.25,1.95,1.99,419,1580
2025-09-09,MSFT,2025-10-11,C,243.33,243.33,0.253092,0.5,2.44,2.49,131,4918
2025-09-09,MSFT,2025-10-11,P,243.33,243.33,0.253092,-0.5,2.44,2.48,386,644
2025-09-09,MSFT,2025-10-11,P,228.73,243.33,0.303825,-0.25,2.93,2.99,174,699
2025-09-09,MSFT,2025-10-11,P,214.13,243.33,0.324118,-0.1,3.13,3.18,316,1321
2025-09-09,MSFT,2025-11-08,C,272.53,243.33,0.198339,0.1,1.9,1.96,379,2061
2025-09-09,MSFT,2025-11-08,C,257.93,243.33,0.213559,0.25,2.05,2.11,420,3739
2025-09-09,MSFT,2025-11-08,C,243.33,243.33,0.264292,0.5,2.55,2.6,483,1252
2025-09-09,MSFT,2025-11-08,P,243.33,243.33,0.264292,-0.5,2.54,2.6,240,4331
2025-09-09,MSFT,2025-11-08,P,228.73,243.33,0.315025,-0.25,3.04,3.09,322,268
2025-09-09,MSFT,2025-11-08,P,214.13,243.33,0.335318,-0.1,3.24,3.29,111,3522
2025-09-10,MSFT,2025-10-05,C,272.78,243.55,0.201937,0.1,1.94,1.99,30,3933
2025-09-10,MSFT,2025-10-05,C,258.16,243.55,0.21672,0.25,2.08,2.14,185,4394
2025-09-10,MSFT,2025-10-05,C,243.55,243.55,0.265996,0.5,2.56,2.62,298,4263
2025-09-10,MSFT,2025-10-05,P,243.55,243.55,0.265996,-0.5,2.57,2.61,48,796
2025-09-10,MSFT,2025-10-05,P,228.94,243.55,0.315271,-0.25,3.05,3.1,70,4077
2025-09-10,MSFT,2025-10-05,P,214.33,243.55,0.334981,-0.1,3.24,3.28,356,3193
2025-09-10,MSFT,2025-10-12,C,272.78,243.55,0.204737,0.1,1.96,2.02,487,4476
2025-09-10,MSFT,2025-10-12,C,258.16,243.55,0.21952,0.25,2.11,2.17,272,3965
2025-09-10,MSFT,2025-10-12,C,243.55,243.55,0.268796,0.5,2.6,2.64,69,2499
2025-09-10,MSFT,2025-10-12,P,243.55,243.55,0.268796,-0.5,2.59,2.64,156,3915
2025-09-10,MSFT,2025-10-12,P,228.94,243.55,0.318071,-0.25,3.08,3.12,386,541
2025-09-10,MSFT,2025-10-12,P,214.33,243.55,0.337781,-0.1,3.26,3.32,355,2468
2025-09-10,MSFT,2025-11-09,C,272.78,243.55,0.215937,0.1,2.08,2.13,55,2412
2025-09-10,MSFT,2025-11-09,C,258.16,243.55,0.23072,0.25,2.22,2.28,287,2544
2025-09-10,MSFT,2025-11-09,C,243.55,243.55,0.279996,0.5,2.7,2.76,105,3606
2025-09-10,MSFT,2025-11-09,P,243.55,243.55,0.279996,-0.5,2.71,2.75,343,1553
2025-09-10,MSFT,2025-11-09,P,228.94,243.55,0.329271,-0.25,3.18,3.24,157,1162
2025-09-10,MSFT,2025-11-09,P,214.33,243.55,0.348981,-0.1,3.37,3.43,459,734
2025-09-11,MSFT,2025-10-06,C,271.58,242.48,0.193789,0.1,1.86,1.9,326,2974
2025-09-11,MSFT,2025-10-06,C,257.03,242.48,0.208805,0.25,2.0,2.05,25,1025
2025-09-11,MSFT,2025-10-06,C,242.48,242.48,0.258859,0.5,2.49,2.54,175,4397
2025-09-11,MSFT,2025-10-06,P,242.48,242.48,0.258859,-0.5,2.48,2.54,181,4963
2025-09-11,MSFT,2025-10-06,P,227.93,242.48,0.308913,-0.25,2.97,3.02,382,3220
2025-09-11,MSFT,2025-10-06,P,213.38,242.48,0.328935,-0.1,3.16,3.22,14,4687
2025-09-11,MSFT,2025-10-13,C,271.58,242.48,0.196589,0.1,1.88,1.93,435,2019
2025-09-11,MSFT,2025-10-13,C,257.03,242.48,0.211605,0.25,2.02,2.08,255,4701
2025-09-11,MSFT,2025-10-13,C,242.48,242.48,0.261659,0.5,2.51,2.56,334,694
2025-09-11,MSFT,2025-10-13,P,242.48,242.48,0.261659,-0.5,2.51,2.56,86,3707
2025-09-11,MSFT,2025-10-13,P,227.93,242.48,0.311713,-0.25,3.0,3.05,305,3741
2025-09-11,MSFT,2025-10-13,P,213.38,242.48,0.331735,-0.1,3.19,3.24,280,1513
2025-09-11,MSFT,2025-11-10,C,271.58,242.48,0.207789,0.1,1.99,2.04,376,1950
2025-09-11,MSFT,2025-11-10,C,257.03,242.48,0.222805,0.25,2.13,2.19,87,25
2025-09-11,MSFT,2025-11-10,C,242.48,242.48,0.272859,0.5,2.62,2.67,378,1539
2025-09-11,MSFT,2025-11-10,P,242.48,242.48,0.272859,-0.5,2.62,2.68,359,3798
2025-09-11,MSFT,2025-11-10,P,227.93,242.48,0.322913,-0.25,3.11,3.15,52,4894
2025-09-11,MSFT,2025-11-10,P,213.38,242.48,0.342935,-0.1,3.3,3.35,276,2619
2025-09-12,MSFT,2025-10-07,C,273.76,244.43,0.184762,0.1,1.78,1.84,382,3487
2025-09-12,MSFT,2025-10-07,C,259.1,244.43,0.199727,0.25,1.92,1.98,152,1651
2025-09-12,MSFT,2025-10-07,C,244.43,244.43,0.249609,0.5,2.42,2.46,402,155
2025-09-12,MSFT,2025-10-07,P,244.43,244.43,0.249609,-0.5,2.42,2.46,3,3017
2025-09-12,MSFT,2025-10-07,P,229.77,244.43,0.299491,-0.25,2.91,2.95,241,2902
2025-09-12,MSFT,2025-10-07,P,215.1,244.43,0.319444,-0.1,3.1,3.14,231,1776
2025-09-12,MSFT,2025-10-14,C,273.76,244.43,0.187562,0.1,1.81,1.86,307,530
2025-09-12,MSFT,2025-10-14,C,259.1,244.43,0.202527,0.25,1.95,2.01,25,3818
2025-09-12,MSFT,2025-10-14,C,244.43,244.43,0.252409,0.5,2.44,2.49,416,4431
2025-09-12,MSFT,2025-10-14,P,244.43,244.43,0.252409,-0.5,2.44,2.5,97,183
2025-09-12,MSFT,2025-10-14,P,229.77,244.43,0.302291,-0.25,2.93,2.98,284,1193
2025-09-12,MSFT,2025-10-14,P,215.1,244.43,0.322244,-0.1,3.13,3.17,371,3119
2025-09-12,MSFT,2025-11-11,C,273.76,244.43,0.198762,0.1,1.92,1.97,317,4202
2025-09-12,MSFT,2025-11-11,C,259.1,244.43,0.213727,0.25,2.06,2.12,293,3889
2025-09-12,MSFT,2025-11-11,C,244.43,244.43,0.263609,0.5,2.55,2.6,142,594
2025-09-12,MSFT,2025-11-11,P,244.43,244.43,0.263609,-0.5,2.56,2.6,47,2653
2025-09-12,MSFT,2025-11-11,P,229.77,244.43,0.313491,-0.25,3.04,3.09,8,553
2025-09-12,MSFT,2025-11-11,P,215.1,244.43,0.333444,-0.1,3.24,3.28,20,1288
2025-09-15,MSFT,2025-10-10,C,273.27,243.99,0.20666,0.1,1.99,2.04,286,1015
2025-09-15,MSFT,2025-10-10,C,258.63,243.99,0.221997,0.25,2.15,2.19,252,1614
2025-09-15,MSFT,2025-10-10,C,243.99,243.99,0.273122,0.5,2.64,2.69,323,4646
2025-09-15,MSFT,2025-10-10,P,243.99,243.99,0.273122,-0.5,2.64,2.69,262,2566
2025-09-15,MSFT,2025-10-10,P,229.35,243.99,0.324246,-0.25,3.14,3.19,434,3249
2025-09-15,MSFT,2025-10-10,P,214.71,243.99,0.344696,-0.1,3.34,3.39,128,506
2025-09-15,MSFT,2025-10-17,C,273.27,243.99,0.20946,0.1,2.02,2.07,7,4764
2025-09-15,MSFT,2025-10-17,C,258.63,243.99,0.224797,0.25,2.17,2.22,157,2907
2025-09-15,MSFT,2025-10-17,C,243.99,243.99,0.275922,0.5,2.67,2.71,225,245
2025-09-15,MSFT,2025-10-17,P,243.99,243.99,0.275922,-0.5,2.67,2.71,159,3696
2025-09-15,MSFT,2025-10-17,P,229.35,243.99,0.327046,-0.25,3.17,3.21,256,930
2025-09-15,MSFT,2025-10-17,P,214.71,243.99,0.347496,-0.1,3.37,3.41,407,124
2025-09-15,MSFT,2025-11-14,C,273.27,243.99,0.22066,0.1,2.13,2.18,112,2712
2025-09-15,MSFT,2025-11-14,C,258.63,243.99,0.235997,0.25,2.28,2.33,322,2294
2025-09-15,MSFT,2025-11-14,C,243.99,243.99,0.287122,0.5,2.78,2.83,478,3768
2025-09-15,MSFT,2025-11-14,P,243.99,243.99,0.287122,-0.5,2.78,2.83,13,1196
2025-09-15,MSFT,2025-11-14,P,229.35,243.99,0.338246,-0.25,3.27,3.33,229,3449
2025-09-15,MSFT,2025-11-14,P,214.71,243.99,0.358696,-0.1,3.48,3.53,414,1384
2025-09-16,MSFT,2025-10-11,C,272.38,243.2,0.198281,0.1,1.91,1.95,408,4263
2025-09-16,MSFT,2025-10-11,C,257.79,243.2,0.212557,0.25,2.04,2.09,125,238
2025-09-16,MSFT,2025-10-11,C,243.2,243.2,0.260143,0.5,2.51,2.55,424,1405
2025-09-16,MSFT,2025-10-11,P,243.2,243.2,0.260143,-0.5,2.51,2.55,64,2746
2025-09-16,MSFT,2025-10-11,P,228.61,243.2,0.30773,-0.25,2.97,3.02,147,4412
2025-09-16,MSFT,2025-10-11,P,214.01,243.2,0.326764,-0.1,3.15,3.21,294,4554
2025-09-16,MSFT,2025-10-18,C,272.38,243.2,0.201081,0.1,1.93,1.98,449,4607
2025-09-16,MSFT,2025-10-18,C,257.79,243.2,0.215357,0.25,2.07,2.12,372,1565
2025-09-16,MSFT,2025-10-18,C,243.2,243.2,0.262943,0.5,2.54,2.58,287,834
2025-09-16,MSFT,2025-10-18,P,243.2,243.2,0.262943,-0.5,2.53,2.58,167,3408
2025-09-16,MSFT,2025-10-18,P,228.61,243.2,0.31053,-0.25,3.0,3.04,320,4107
2025-09-16,MSFT,2025-10-18,P,214.01,243.2,0.329564,-0.1,3.18,3.23,254,3146
2025-09-16,MSFT,2025-11-15,C,272.38,243.2,0.212281,0.1,2.04,2.09,184,776
2025-09-16,MSFT,2025-11-15,C,257.79,243.2,0.226557,0.25,2.18,2.23,439,804
2025-09-16,MSFT,2025-11-15,C,243.2,243.2,0.274143,0.5,2.64,2.69,325,1556
2025-09-16,MSFT,2025-11-15,P,243.2,243.2,0.274143,-0.5,2.64,2.69,381,2210
2025-09-16,MSFT,2025-11-15,P,228.61,243.2,0.32173,-0.25,3.1,3.16,43,1843
2025-09-16,MSFT,2025-11-15,P,214.01,243.2,0.340764,-0.1,3.29,3.34,211,39
2025-09-17,MSFT,2025-10-12,C,271.82,242.7,0.200895,0.1,1.93,1.97,106,1091
2025-09-17,MSFT,2025-10-12,C,257.26,242.7,0.215791,0.25,2.06,2.12,30,3643
2025-09-17,MSFT,2025-10-12,C,242.7,242.7,0.265445,0.5,2.55,2.6,67,3633
2025-09-17,MSFT,2025-10-12,P,242.7,242.7,0.265445,-0.5,2.55,2.6,126,3923
2025-09-17,MSFT,2025-10-12,P,228.14,242.7,0.315098,-0.25,3.04,3.08,204,3971
2025-09-17,MSFT,2025-10-12,P,213.57,242.7,0.334959,-0.1,3.22,3.28,68,4289
2025-09-17,MSFT,2025-10-19,C,271.82,242.7,0.203695,0.1,1.95,2.0,193,3260
2025-09-17,MSFT,2025-10-19,C,257.26,242.7,0.218591,0.25,2.1,2.15,113,1982
2025-09-17,MSFT,2025-10-19,C,242.7,242.7,0.268245,0.5,2.58,2.63,314,3240
2025-09-17,MSFT,2025-10-19,P,242.7,242.7,0.268245,-0.5,2.58,2.63,236,3926
2025-09-17,MSFT,2025-10-19,P,228.14,242.7,0.317898,-0.25,3.07,3.11,253,4067
2025-09-17,MSFT,2025-10-19,P,213.57,242.7,0.337759,-0.1,3.25,3.31,197,1150
2025-09-17,MSFT,2025-11-16,C,271.82,242.7,0.214895,0.1,2.07,2.11,447,3571
2025-09-17,MSFT,2025-11-16,C,257.26,242.7,0.229791,0.25,2.21,2.25,125,4980
2025-09-17,MSFT,2025-11-16,C,242.7,242.7,0.279445,0.5,2.69,2.73,174,1156
2025-09-17,MSFT,2025-11-16,P,242.7,242.7,0.279445,-0.5,2.69,2.73,392,3915
2025-09-17,MSFT,2025-11-16,P,228.14,242.7,0.329098,-0.25,3.17,3.22,336,4243
2025-09-17,MSFT,2025-11-16,P,213.57,242.7,0.348959,-0.1,3.36,3.42,58,3054
2025-09-18,MSFT,2025-10-13,C,270.14,241.2,0.171029,0.1,1.63,1.67,492,4332
2025-09-18,MSFT,2025-10-13,C,255.67,241.2,0.185298,0.25,1.77,1.81,229,4468
2025-09-18,MSFT,2025-10-13,C,241.2,241.2,0.23286,0.5,2.22,2.28,414,3142
2025-09-18,MSFT,2025-10-13,P,241.2,241.2,0.23286,-0.5,2.22,2.27,247,4754
2025-09-18,MSFT,2025-10-13,P,226.72,241.2,0.280422,-0.25,2.68,2.73,87,3419
2025-09-18,MSFT,2025-10-13,P,212.25,241.2,0.299446,-0.1,2.86,2.91,377,2425
2025-09-18,MSFT,2025-10-20,C,270.14,241.2,0.173829,0.1,1.65,1.7,481,4732
2025-09-18,MSFT,2025-10-20,C,255.67,241.2,0.188098,0.25,1.79,1.84,132,3904
2025-09-18,MSFT,2025-10-20,C,241.2,241.2,0.23566,0.5,2.25,2.29,474,4263
2025-09-18,MSFT,2025-10-20,P,241.2,241.2,0.23566,-0.5,2.25,2.3,371,3688
2025-09-18,MSFT,2025-10-20,P,226.72,241.2,0.283222,-0.25,2.71,2.75,492,4470
2025-09-18,MSFT,2025-10-20,P,212.25,241.2,0.302246,-0.1,2.89,2.94,343,2292
2025-09-18,MSFT,2025-11-17,C,270.14,241.2,0.185029,0.1,1.76,1.81,42,1562
2025-09-18,MSFT,2025-11-17,C,255.67,241.2,0.199298,0.25,1.9,1.95,235,663
2025-09-18,MSFT,2025-11-17,C,241.2,241.2,0.24686,0.5,2.36,2.41,94,2272
2025-09-18,MSFT,2025-11-17,P,241.2,241.2,0.24686,-0.5,2.36,2.41,2,3518
2025-09-18,MSFT,2025-11-17,P,226.72,241.2,0.294422,-0.25,2.82,2.86,12,454
2025-09-18,MSFT,2025-11-17,P,212.25,241.2,0.313446,-0.1,3.0,3.05,155,2131
2025-09-19,MSFT,2025-10-14,C,269.51,240.64,0.203546,0.1,1.93,1.99,133,3839
2025-09-19,MSFT,2025-10-14,C,255.08,240.64,0.217226,0.25,2.07,2.12,81,2729
2025-09-19,MSFT,2025-10-14,C,240.64,240.64,0.262824,0.5,2.5,2.56,377,4119
2025-09-19,MSFT,2025-10-14,P,240.64,240.64,0.262824,-0.5,2.51,2.55,16,3136
2025-09-19,MSFT,2025-10-14,P,226.2,240.64,0.308422,-0.25,2.94,3.0,319,4018
2025-09-19,MSFT,2025-10-14,P,211.76,240.64,0.326662,-0.1,3.12,3.17,19,2184
2025-09-19,MSFT,2025-10-21,C,269.51,240.64,0.206346,0.1,1.96,2.01,200,1296
2025-09-19,MSFT,2025-10-21,C,255.08,240.64,0.220026,0.25,2.09,2.14,20,2386
2025-09-19,MSFT,2025-10-21,C,240.64,240.64,0.265624,0.5,2.53,2.58,390,1690
2025-09-19,MSFT,2025-10-21,P,240.64,240.64,0.265624,-0.5,2.53,2.59,178,4332
2025-09-19,MSFT,2025-10-21,P,226.2,240.64,0.311222,-0.25,2.97,3.02,407,4570
2025-09-19,MSFT,2025-10-21,P,211.76,240.64,0.329462,-0.1,3.14,3.2,30,2464
2025-09-19,MSFT,2025-11-18,C,269.51,240.64,0.217546,0.1,2.07,2.11,436,4002
2025-09-19,MSFT,2025-11-18,C,255.08,240.64,0.231226,0.25,2.2,2.25,301,1908
2025-09-19,MSFT,2025-11-18,C,240.64,240.64,0.276824,0.5,2.63,2.69,126,1700
2025-09-19,MSFT,2025-11-18,P,240.64,240.64,0.276824,-0.5,2.64,2.69,265,2966
2025-09-19,MSFT,2025-11-18,P,226.2,240.64,0.322422,-0.25,3.08,3.12,402,4303
2025-09-19,MSFT,2025-11-18,P,211.76,240.64,0.340662,-0.1,3.25,3.31,286,3216
2025-09-22,MSFT,2025-10-17,C,269.2,240.36,0.145696,0.1,1.38,1.42,179,1080
2025-09-22,MSFT,2025-10-17,C,254.78,240.36,0.159202,0.25,1.51,1.55,452,779
2025-09-22,MSFT,2025-10-17,C,240.36,240.36,0.204225,0.5,1.94,1.99,460,2708
2025-09-22,MSFT,2025-10-17,P,240.36,240.36,0.204225,-0.5,1.94,1.98,217,2792
2025-09-22,MSFT,2025-10-17,P,225.94,240.36,0.249248,-0.25,2.37,2.42,42,1277
2025-09-22,MSFT,2025-10-17,P,211.51,240.36,0.267257,-0.1,2.54,2.6,75,4961
2025-09-22,MSFT,2025-10-24,C,269.2,240.36,0.148496,0.1,1.4,1.46,207,281
2025-09-22,MSFT,2025-10-24,C,254.78,240.36,0.162002,0.25,1.53,1.58,419,900
2025-09-22,MSFT,2025-10-24,C,240.36,240.36,0.207025,0.5,1.96,2.02,221,4469
2025-09-22,MSFT,2025-10-24,P,240.36,240.36,0.207025,-0.5,1.97,2.01,263,4644
2025-09-22,MSFT,2025-10-24,P,225.94,240.36,0.252048,-0.25,2.4,2.45,41,1512
2025-09-22,MSFT,2025-10-24,P,211.51,240.36,0.270057,-0.1,2.58,2.62,416,4078
2025-09-22,MSFT,2025-11-21,C,269.2,240.36,0.159696,0.1,1.51,1.56,140,372
2025-09-22,MSFT,2025-11-21,C,254.78,240.36,0.173202,0.25,1.64,1.69,368,4835
2025-09-22,MSFT,2025-11-21,C,240.36,240.36,0.218225,0.5,2.08,2.12,250,4833
2025-09-22,MSFT,2025-11-21,P,240.36,240.36,0.218225,-0.5,2.07,2.12,47,1509
2025-09-22,MSFT,2025-11-21,P,225.94,240.36,0.263248,-0.25,2.51,2.55,90,3887
2025-09-22,MSFT,2025-11-21,P,211.51,240.36,0.281257,-0.1,2.68,2.73,209,383
2025-09-23,MSFT,2025-10-18,C,270.18,241.23,0.213897,0.1,2.04,2.09,321,3483
2025-09-23,MSFT,2025-10-18,C,255.71,241.23,0.226963,0.25,2.17,2.22,7,1235
2025-09-23,MSFT,2025-10-18,C,241.23,241.23,0.270517,0.5,2.59,2.64,317,3946
2025-09-23,MSFT,2025-10-18,P,241.23,241.23,0.270517,-0.5,2.59,2.63,290,4973
2025-09-23,MSFT,2025-10-18,P,226.76,241.23,0.31407,-0.25,3.0,3.06,290,1596
2025-09-23,MSFT,2025-10-18,P,212.29,241.23,0.331492,-0.1,3.17,3.23,72,3411
2025-09-23,MSFT,2025-10-25,C,270.18,241.23,0.216697,0.1,2.06,2.12,274,707
2025-09-23,MSFT,2025-10-25,C,255.71,241.23,0.229763,0.25,2.19,2.25,399,2257
2025-09-23,MSFT,2025-10-25,C,241.23,241.23,0.273317,0.5,2.61,2.67,483,1504
2025-09-23,MSFT,2025-10-25,P,241.23,241.23,0.273317,-0.5,2.61,2.66,413,4823
2025-09-23,MSFT,2025-10-25,P,226.76,241.23,0.31687,-0.25,3.03,3.08,157,308
2025-09-23,MSFT,2025-10-25,P,212.29,241.23,0.334292,-0.1,3.2,3.25,331,1143
2025-09-23,MSFT,2025-11-22,C,270.18,241.23,0.227897,0.1,2.17,2.23,324,4583
2025-09-23,MSFT,2025-11-22,C,255.71,241.23,0.240963,0.25,2.3,2.35,333,2916
2025-09-23,MSFT,2025-11-22,C,241.23,241.23,0.284517,0.5,2.72,2.78,55,4655
2025-09-23,MSFT,2025-11-22,P,241.23,241.23,0.284517,-0.5,2.72,2.77,416,3405
2025-09-23,MSFT,2025-11-22,P,226.76,241.23,0.32807,-0.25,3.14,3.19,451,1024
2025-09-23,MSFT,2025-11-22,P,212.29,241.23,0.345492,-0.1,3.31,3.36,44,1672
2025-09-24,MSFT,2025-10-19,C,269.66,240.77,0.185686,0.1,1.76,1.81,172,4262
2025-09-24,MSFT,2025-10-19,C,255.22,240.77,0.198961,0.25,1.89,1.94,390,1261
2025-09-24,MSFT,2025-10-19,C,240.77,240.77,0.243209,0.5,2.32,2.36,331,783
2025-09-24,MSFT,2025-10-19,P,240.77,240.77,0.243209,-0.5,2.31,2.37,334,2175
2025-09-24,MSFT,2025-10-19,P,226.32,240.77,0.287457,-0.25,2.75,2.79,272,4828
2025-09-24,MSFT,2025-10-19,P,211.88,240.77,0.305157,-0.1,2.92,2.96,221,2425
2025-09-24,MSFT,2025-10-26,C,269.66,240.77,0.188486,0.1,1.79,1.84,170,3866
2025-09-24,MSFT,2025-10-26,C,255.22,240.77,0.201761,0.25,1.92,1.97,302,3541
2025-09-24,MSFT,2025-10-26,C,240.77,240.77,0.246009,0.5,2.34,2.4,64,3379
2025-09-24,MSFT,2025-10-26,P,240.77,240.77,0.246009,-0.5,2.35,2.39,170,4055
2025-09-24,MSFT,2025-10-26,P,226.32,240.77,0.290257,-0.25,2.77,2.82,42,3628
2025-09-24,MSFT,2025-10-26,P,211.88,240.77,0.307957,-0.1,2.94,3.0,441,4278
2025-09-24,MSFT,2025-11-23,C,269.66,240.77,0.199686,0.1,1.9,1.95,68,1455
2025-09-24,MSFT,2025-11-23,C,255.22,240.77,0.212961,0.25,2.03,2.07,184,2877
2025-09-24,MSFT,2025-11-23,C,240.77,240.77,0.257209,0.5,2.46,2.5,204,3573
2025-09-24,MSFT,2025-11-23,P,240.77,240.77,0.257209,-0.5,2.45,2.5,285,2818
2025-09-24,MSFT,2025-11-23,P,226.32,240.77,0.301457,-0.25,2.88,2.92,438,4379
2025-09-24,MSFT,2025-11-23,P,211.88,240.77,0.319157,-0.1,3.05,3.1,271,2579
2025-09-25,MSFT,2025-10-20,C,267.96,239.25,0.183431,0.1,1.73,1.78,425,3704
2025-09-25,MSFT,2025-10-20,C,253.6,239.25,0.196263,0.25,1.86,1.9,110,2896
2025-09-25,MSFT,2025-10-20,C,239.25,239.25,0.239036,0.5,2.27,2.31,88,1046
2025-09-25,MSFT,2025-10-20,P,239.25,239.25,0.239036,-0.5,2.27,2.31,228,81
2025-09-25,MSFT,2025-10-20,P,224.89,239.25,0.28181,-0.25,2.67,2.73,169,4023
2025-09-25,MSFT,2025-10-20,P,210.54,239.25,0.298919,-0.1,2.84,2.88,143,294
2025-09-25,MSFT,2025-10-27,C,267.96,239.25,0.186231,0.1,1.75,1.81,308,43
2025-09-25,MSFT,2025-10-27,C,253.6,239.25,0.199063,0.25,1.88,1.93,73,545
2025-09-25,MSFT,2025-10-27,C,239.25,239.25,0.241836,0.5,2.29,2.34,45,4991
2025-09-25,MSFT,2025-10-27,P,239.25,239.25,0.241836,-0.5,2.29,2.34,11,4783
2025-09-25,MSFT,2025-10-27,P,224.89,239.25,0.28461,-0.25,2.7,2.75,388,4929
2025-09-25,MSFT,2025-10-27,P,210.54,239.25,0.301719,-0.1,2.86,2.92,425,4286
2025-09-25,MSFT,2025-11-24,C,267.96,239.25,0.197431,0.1,1.86,1.92,492,4337
2025-09-25,MSFT,2025-11-24,C,253.6,239.25,0.210263,0.25,1.99,2.03,100,3710
2025-09-25,MSFT,2025-11-24,C,239.25,239.25,0.253036,0.5,2.4,2.45,70,308
2025-09-25,MSFT,2025-11-24,P,239.25,239.25,0.253036,-0.5,2.4,2.44,22,1088
2025-09-25,MSFT,2025-11-24,P,224.89,239.25,0.29581,-0.25,2.81,2.85,448,999
2025-09-25,MSFT,2025-11-24,P,210.54,239.25,0.312919,-0.1,2.97,3.02,249,1487
2025-09-26,MSFT,2025-10-21,C,265.8,237.32,0.183069,0.1,1.72,1.76,79,1213
2025-09-26,MSFT,2025-10-21,C,251.56,237.32,0.195101,0.25,1.83,1.88,289,2250
2025-09-26,MSFT,2025-10-21,C,237.32,237.32,0.235209,0.5,2.21,2.25,221,4996
2025-09-26,MSFT,2025-10-21,P,237.32,237.32,0.235209,-0.5,2.21,2.26,267,1443
2025-09-26,MSFT,2025-10-21,P,223.08,237.32,0.275317,-0.25,2.59,2.64,460,4271
2025-09-26,MSFT,2025-10-21,P,208.84,237.32,0.291361,-0.1,2.74,2.79,285,1251
2025-09-26,MSFT,2025-10-28,C,265.8,237.32,0.185869,0.1,1.74,1.79,104,2419
2025-09-26,MSFT,2025-10-28,C,251.56,237.32,0.197901,0.25,1.85,1.9,355,4919
2025-09-26,MSFT,2025-10-28,C,237.32,237.32,0.238009,0.5,2.23,2.29,207,2814
2025-09-26,MSFT,2025-10-28,P,237.32,237.32,0.238009,-0.5,2.24,2.28,351,2838
2025-09-26,MSFT,2025-10-28,P,223.08,237.32,0.278117,-0.25,2.61,2.67,243,4629
2025-09-26,MSFT,2025-10-28,P,208.84,237.32,0.294161,-0.1,2.77,2.81,326,958
2025-09-26,MSFT,2025-11-25,C,265.8,237.32,0.197069,0.1,1.85,1.89,249,4100
2025-09-26,MSFT,2025-11-25,C,251.56,237.32,0.209101,0.25,1.96,2.01,253,1696
2025-09-26,MSFT,2025-11-25,C,237.32,237.32,0.249209,0.5,2.34,2.39,187,1384
2025-09-26,MSFT,2025-11-25,P,237.32,237.32,0.249209,-0.5,2.34,2.39,89,2054
2025-09-26,MSFT,2025-11-25,P,223.08,237.32,0.289317,-0.25,2.72,2.77,485,3554
2025-09-26,MSFT,2025-11-25,P,208.84,237.32,0.305361,-0.1,2.87,2.93,333,3579
2025-09-29,MSFT,2025-10-24,C,266.08,237.57,0.220663,0.1,2.08,2.12,244,19
2025-09-29,MSFT,2025-10-24,C,251.83,237.57,0.232084,0.25,2.18,2.23,39,3536
2025-09-29,MSFT,2025-10-24,C,237.57,237.57,0.270156,0.5,2.54,2.6,145,1662
2025-09-29,MSFT,2025-10-24,P,237.57,237.57,0.270156,-0.5,2.54,2.6,465,3648
2025-09-29,MSFT,2025-10-24,P,223.32,237.57,0.308228,-0.25,2.9,2.96,91,2359
2025-09-29,MSFT,2025-10-24,P,209.07,237.57,0.323456,-0.1,3.05,3.1,198,3828
2025-09-29,MSFT,2025-10-31,C,266.08,237.57,0.223463,0.1,2.1,2.15,305,3539
2025-09-29,MSFT,2025-10-31,C,251.83,237.57,0.234884,0.25,2.2,2.26,102,1862
2025-09-29,MSFT,2025-10-31,C,237.57,237.57,0.272956,0.5,2.57,2.62,150,1326
2025-09-29,MSFT,2025-10-31,P,237.57,237.57,0.272956,-0.5,2.57,2.62,30,1220
2025-09-29,MSFT,2025-10-31,P,223.32,237.57,0.311028,-0.25,2.93,2.98,177,189
2025-09-29,MSFT,2025-10-31,P,209.07,237.57,0.326256,-0.1,3.07,3.13,110,4377
2025-09-29,MSFT,2025-11-28,C,266.08,237.57,0.234663,0.1,2.21,2.25,97,2151
2025-09-29,MSFT,2025-11-28,C,251.83,237.57,0.246084,0.25,2.32,2.36,11,2070
2025-09-29,MSFT,2025-11-28,C,237.57,237.57,0.284156,0.5,2.68,2.72,373,2875
2025-09-29,MSFT,2025-11-28,P,237.57,237.57,0.284156,-0.5,2.67,2.73,82,2535
2025-09-29,MSFT,2025-11-28,P,223.32,237.57,0.322228,-0.25,3.04,3.09,427,3530
2025-09-29,MSFT,2025-11-28,P,209.07,237.57,0.337456,-0.1,3.19,3.23,154,1739
2025-09-30,MSFT,2025-10-25,C,266.18,237.66,0.191755,0.1,1.8,1.85,361,4437
2025-09-30,MSFT,2025-10-25,C,251.92,237.66,0.204191,0.25,1.92,1.97,449,2286
2025-09-30,MSFT,2025-10-25,C,237.66,237.66,0.245645,0.5,2.31,2.36,314,1557
2025-09-30,MSFT,2025-10-25,P,237.66,237.66,0.245645,-0.5,2.31,2.36,273,1521
2025-09-30,MSFT,2025-10-25,P,223.4,237.66,0.287098,-0.25,2.7,2.76,303,220
2025-09-30,MSFT,2025-10-25,P,209.14,237.66,0.30368,-0.1,2.87,2.91,477,1564
2025-09-30,MSFT,2025-11-01,C,266.18,237.66,0.194555,0.1,1.82,1.88,495,1104
2025-09-30,MSFT,2025-11-01,C,251.92,237.66,0.206991,0.25,1.94,2.0,307,845
2025-09-30,MSFT,2025-11-01,C,237.66,237.66,0.248445,0.5,2.34,2.39,223,2938
2025-09-30,MSFT,2025-11-01,P,237.66,237.66,0.248445,-0.5,2.34,2.39,77,1438
2025-09-30,MSFT,2025-11-01,P,223.4,237.66,0.289898,-0.25,2.73,2.78,456,4433
2025-09-30,MSFT,2025-11-01,P,209.14,237.66,0.30648,-0.1,2.89,2.94,146,1068
2025-09-30,MSFT,2025-11-29,C,266.18,237.66,0.205755,0.1,1.93,1.98,476,344
2025-09-30,MSFT,2025-11-29,C,251.92,237.66,0.218191,0.25,2.05,2.1,391,2125
2025-09-30,MSFT,2025-11-29,C,237.66,237.66,0.259645,0.5,2.45,2.49,428,2227
2025-09-30,MSFT,2025-11-29,P,237.66,237.66,0.259645,-0.5,2.44,2.49,389,4643
2025-09-30,MSFT,2025-11-29,P,223.4,237.66,0.301098,-0.25,2.84,2.89,157,2517
2025-09-30,MSFT,2025-11-29,P,209.14,237.66,0.31768,-0.1,2.99,3.05,199,1406
2025-10-01,MSFT,2025-10-26,C,265.44,237.0,0.188514,0.1,1.77,1.81,284,372
2025-10-01,MSFT,2025-10-26,C,251.22,237.0,0.200991,0.25,1.88,1.93,427,970
2025-10-01,MSFT,2025-10-26,C,237.0,237.0,0.242583,0.5,2.27,2.33,332,3187
2025-10-01,MSFT,2025-10-26,P,237.0,237.0,0.242583,-0.5,2.28,2.32,406,1968
2025-10-01,MSFT,2025-10-26,P,222.78,237.0,0.284176,-0.25,2.67,2.72,473,3570
2025-10-01,MSFT,2025-10-26,P,208.56,237.0,0.300813,-0.1,2.82,2.88,423,1658
2025-10-01,MSFT,2025-11-02,C,265.44,237.0,0.191314,0.1,1.79,1.84,79,1777
2025-10-01,MSFT,2025-11-02,C,251.22,237.0,0.203791,0.25,1.91,1.95,84,3053
2025-10-01,MSFT,2025-11-02,C,237.0,237.0,0.245383,0.5,2.3,2.35,148,630
2025-10-01,MSFT,2025-11-02,P,237.0,237.0,0.245383,-0.5,2.3,2.35,326,4141
2025-10-01,MSFT,2025-11-02,P,222.78,237.0,0.286976,-0.25,2.69,2.75,98,4808
2025-10-01,MSFT,2025-11-02,P,208.56,237.0,0.303613,-0.1,2.86,2.9,489,2285
2025-10-01,MSFT,2025-11-30,C,265.44,237.0,0.202514,0.1,1.89,1.95,224,1596
2025-10-01,MSFT,2025-11-30,C,251.22,237.0,0.214991,0.25,2.01,2.06,208,1193
2025-10-01,MSFT,2025-11-30,C,237.0,237.0,0.256583,0.5,2.41,2.46,398,3299
2025-10-01,MSFT,2025-11-30,P,237.0,237.0,0.256583,-0.5,2.41,2.46,491,130
2025-10-01,MSFT,2025-11-30,P,222.78,237.0,0.298176,-0.25,2.8,2.85,273,3086
2025-10-01,MSFT,2025-11-30,P,208.56,237.0,0.314813,-0.1,2.96,3.01,300,1580
2025-10-02,MSFT,2025-10-27,C,264.81,236.44,0.214316,0.1,2.0,2.05,99,2981
2025-10-02,MSFT,2025-10-27,C,250.62,236.44,0.225931,0.25,2.11,2.16,392,4772
2025-10-02,MSFT,2025-10-27,C,236.44,236.44,0.264646,0.5,2.48,2.53,148,1411
2025-10-02,MSFT,2025-10-27,P,236.44,236.44,0.264646,-0.5,2.48,2.53,411,4006
2025-10-02,MSFT,2025-10-27,P,222.25,236.44,0.303362,-0.25,2.85,2.89,356,1042
2025-10-02,MSFT,2025-10-27,P,208.06,236.44,0.318848,-0.1,2.99,3.04,31,3185
2025-10-02,MSFT,2025-11-03,C,264.81,236.44,0.217116,0.1,2.03,2.08,245,1865
2025-10-02,MSFT,2025-11-03,C,250.62,236.44,0.228731,0.25,2.14,2.19,440,3775
2025-10-02,MSFT,2025-11-03,C,236.44,236.44,0.267446,0.5,2.51,2.55,492,3696
2025-10-02,MSFT,2025-11-03,P,236.44,236.44,0.267446,-0.5,2.51,2.55,85,4514
2025-10-02,MSFT,2025-11-03,P,222.25,236.44,0.306162,-0.25,2.87,2.92,89,3215
2025-10-02,MSFT,2025-11-03,P,208.06,236.44,0.321648,-0.1,3.02,3.06,130,1276
2025-10-02,MSFT,2025-12-01,C,264.81,236.44,0.228316,0.1,2.13,2.19,176,2756
2025-10-02,MSFT,2025-12-01,C,250.62,236.44,0.239931,0.25,2.24,2.3,381,2821
2025-10-02,MSFT,2025-12-01,C,236.44,236.44,0.278646,0.5,2.61,2.66,14,4292
2025-10-02,MSFT,2025-12-01,P,236.44,236.44,0.278646,-0.5,2.61,2.66,193,4476
2025-10-02,MSFT,2025-12-01,P,222.25,236.44,0.317362,-0.25,2.98,3.03,366,1649
2025-10-02,MSFT,2025-12-01,P,208.06,236.44,0.332848,-0.1,3.12,3.18,112,67
2025-10-03,MSFT,2025-10-28,C,265.33,236.9,0.197187,0.1,1.85,1.89,295,2565
2025-10-03,MSFT,2025-10-28,C,251.12,236.9,0.208839,0.25,1.95,2.01,73,61
2025-10-03,MSFT,2025-10-28,C,236.9,236.9,0.247679,0.5,2.33,2.37,428,1519
2025-10-03,MSFT,2025-10-28,P,236.9,236.9,0.247679,-0.5,2.32,2.37,217,494
2025-10-03,MSFT,2025-10-28,P,222.69,236.9,0.286519,-0.25,2.69,2.74,198,4236
2025-10-03,MSFT,2025-10-28,P,208.47,236.9,0.302055,-0.1,2.84,2.89,35,1487
2025-10-03,MSFT,2025-11-04,C,265.33,236.9,0.199987,0.1,1.87,1.92,207,410
2025-10-03,MSFT,2025-11-04,C,251.12,236.9,0.211639,0.25,1.98,2.03,430,1996
2025-10-03,MSFT,2025-11-04,C,236.9,236.9,0.250479,0.5,2.34,2.4,419,3718
2025-10-03,MSFT,2025-11-04,P,236.9,236.9,0.250479,-0.5,2.35,2.4,41,682
2025-10-03,MSFT,2025-11-04,P,222.69,236.9,0.289319,-0.25,2.72,2.77,3,4680
2025-10-03,MSFT,2025-11-04,P,208.47,236.9,0.304855,-0.1,2.87,2.91,49,4244
2025-10-03,MSFT,2025-12-02,C,265.33,236.9,0.211187,0.1,1.98,2.02,94,3509
2025-10-03,MSFT,2025-12-02,C,251.12,236.9,0.222839,0.25,2.09,2.13,199,3004
2025-10-03,MSFT,2025-12-02,C,236.9,236.9,0.261679,0.5,2.46,2.5,128,2713
2025-10-03,MSFT,2025-12-02,P,236.9,236.9,0.261679,-0.5,2.45,2.51,123,3096
2025-10-03,MSFT,2025-12-02,P,222.69,236.9,0.300519,-0.25,2.82,2.87,367,354
2025-10-03,MSFT,2025-12-02,P,208.47,236.9,0.316055,-0.1,2.97,3.02,313,781
2025-10-06,MSFT,2025-10-31,C,267.2,238.57,0.219295,0.1,2.07,2.11,21,2402
2025-10-06,MSFT,2025-10-31,C,252.89,238.57,0.229817,0.25,2.17,2.22,344,4837
2025-10-06,MSFT,2025-10-31,C,238.57,238.57,0.26489,0.5,2.5,2.55,364,450
2025-10-06,MSFT,2025-10-31,P,238.57,238.57,0.26489,-0.5,2.5,2.55,400,978
2025-10-06,MSFT,2025-10-31,P,224.26,238.57,0.299964,-0.25,2.84,2.89,55,1898
2025-10-06,MSFT,2025-10-31,P,209.94,238.57,0.313993,-0.1,2.97,3.02,432,4720
2025-10-06,MSFT,2025-11-07,C,267.2,238.57,0.222095,0.1,2.09,2.15,259,861
2025-10-06,MSFT,2025-11-07,C,252.89,238.57,0.232617,0.25,2.2,2.24,231,4144
2025-10-06,MSFT,2025-11-07,C,238.57,238.57,0.26769,0.5,2.53,2.58,88,2918
2025-10-06,MSFT,2025-11-07,P,238.57,238.57,0.26769,-0.5,2.52,2.58,164,940
2025-10-06,MSFT,2025-11-07,P,224.26,238.57,0.302764,-0.25,2.87,2.91,371,4339
2025-10-06,MSFT,2025-11-07,P,209.94,238.57,0.316793,-0.1,3.0,3.05,135,4688
2025-10-06,MSFT,2025-12-05,C,267.2,238.57,0.233295,0.1,2.2,2.25,391,1524
2025-10-06,MSFT,2025-12-05,C,252.89,238.57,0.243817,0.25,2.3,2.35,212,3798
2025-10-06,MSFT,2025-12-05,C,238.57,238.57,0.27889,0.5,2.63,2.69,146,2386
2025-10-06,MSFT,2025-12-05,P,238.57,238.57,0.27889,-0.5,2.64,2.69,371,1625
2025-10-06,MSFT,2025-12-05,P,224.26,238.57,0.313964,-0.25,2.97,3.02,383,4982
2025-10-06,MSFT,2025-12-05,P,209.94,238.57,0.327993,-0.1,3.1,3.16,17,2652
2025-10-07,MSFT,2025-11-01,C,266.15,237.63,0.187328,0.1,1.76,1.8,343,4251
2025-10-07,MSFT,2025-11-01,C,251.89,237.63,0.199246,0.25,1.87,1.92,150,3588
2025-10-07,MSFT,2025-11-01,C,237.63,237.63,0.23897,0.5,2.24,2.3,318,3182
2025-10-07,MSFT,2025-11-01,P,237.63,237.63,0.23897,-0.5,2.24,2.3,86,1966
2025-10-07,MSFT,2025-11-01,P,223.38,237.63,0.278695,-0.25,2.62,2.68,314,925
2025-10-07,MSFT,2025-11-01,P,209.12,237.63,0.294584,-0.1,2.78,2.82,295,3589
2025-10-07,MSFT,2025-11-08,C,266.15,237.63,0.190128,0.1,1.78,1.83,351,4512
2025-10-07,MSFT,2025-11-08,C,251.89,237.63,0.202046,0.25,1.9,1.94,152,289
2025-10-07,MSFT,2025-11-08,C,237.63,237.63,0.24177,0.5,2.27,2.32,329,4377
2025-10-07,MSFT,2025-11-08,P,237.63,237.63,0.24177,-0.5,2.27,2.33,277,4290
2025-10-07,MSFT,2025-11-08,P,223.38,237.63,0.281495,-0.25,2.65,2.7,436,4318
2025-10-07,MSFT,2025-11-08,P,209.12,237.63,0.297384,-0.1,2.8,2.85,61,4606
2025-10-07,MSFT,2025-12-06,C,266.15,237.63,0.201328,0.1,1.89,1.94,137,1952
2025-10-07,MSFT,2025-12-06,C,251.89,237.63,0.213246,0.25,2.0,2.05,88,3922
2025-10-07,MSFT,2025-12-06,C,237.63,237.63,0.25297,0.5,2.38,2.43,8,518
2025-10-07,MSFT,2025-12-06,P,237.63,237.63,0.25297,-0.5,2.38,2.43,427,4762
2025-10-07,MSFT,2025-12-06,P,223.38,237.63,0.292695,-0.25,2.76,2.81,134,721
2025-10-07,MSFT,2025-12-06,P,209.12,237.63,0.308584,-0.1,2.91,2.96,380,591
2025-10-08,MSFT,2025-11-02,C,266.27,237.74,0.206525,0.1,1.94,1.98,103,2442
2025-10-08,MSFT,2025-11-02,C,252.01,237.74,0.217329,0.25,2.04,2.09,265,496
2025-10-08,MSFT,2025-11-02,C,237.74,237.74,0.25334,0.5,2.39,2.43,379,3241
2025-10-08,MSFT,2025-11-02,P,237.74,237.74,0.25334,-0.5,2.39,2.43,86,723
2025-10-08,MSFT,2025-11-02,P,223.48,237.74,0.289352,-0.25,2.73,2.78,312,3768
2025-10-08,MSFT,2025-11-02,P,209.21,237.74,0.303757,-0.1,2.86,2.92,179,2365
2025-10-08,MSFT,2025-11-09,C,266.27,237.74,0.209325,0.1,1.96,2.02,208,4168
2025-10-08,MSFT,2025-11-09,C,252.01,237.74,0.220129,0.25,2.07,2.12,474,2641
2025-10-08,MSFT,2025-11-09,C,237.74,237.74,0.25614,0.5,2.42,2.46,302,1457
2025-10-08,MSFT,2025-11-09,P,237.74,237.74,0.25614,-0.5,2.41,2.46,157,1981
2025-10-08,MSFT,2025-11-09,P,223.48,237.74,0.292152,-0.25,2.75,2.81,173,1052
2025-10-08,MSFT,2025-11-09,P,209.21,237.74,0.306557,-0.1,2.89,2.94,227,4956
2025-10-08,MSFT,2025-12-07,C,266.27,237.74,0.220525,0.1,2.07,2.12,490,1052
2025-10-08,MSFT,2025-12-07,C,252.01,237.74,0.231329,0.25,2.17,2.23,235,1688
2025-10-08,MSFT,2025-12-07,C,237.74,237.74,0.26734,0.5,2.52,2.56,492,2162
2025-10-08,MSFT,2025-12-07,P,237.74,237.74,0.26734,-0.5,2.52,2.56,162,4096
2025-10-08,MSFT,2025-12-07,P,223.48,237.74,0.303352,-0.25,2.86,2.91,3,4101
2025-10-08,MSFT,2025-12-07,P,209.21,237.74,0.317757,-0.1,3.0,3.04,150,4646
2025-10-09,MSFT,2025-11-03,C,267.56,238.89,0.215032,0.1,2.03,2.08,348,377
2025-10-09,MSFT,2025-11-03,C,253.22,238.89,0.226246,0.25,2.13,2.19,411,4158
2025-10-09,MSFT,2025-11-03,C,238.89,238.89,0.263625,0.5,2.49,2.55,87,189
2025-10-09,MSFT,2025-11-03,P,238.89,238.89,0.263625,-0.5,2.49,2.55,201,3093
2025-10-09,MSFT,2025-11-03,P,224.56,238.89,0.301004,-0.25,2.85,2.9,475,3161
2025-10-09,MSFT,2025-11-03,P,210.22,238.89,0.315956,-0.1,2.99,3.05,309,4977
2025-10-09,MSFT,2025-11-10,C,267.56,238.89,0.217832,0.1,2.06,2.11,38,468
2025-10-09,MSFT,2025-11-10,C,253.22,238.89,0.229046,0.25,2.17,2.21,205,3604
2025-10-09,MSFT,2025-11-10,C,238.89,238.89,0.266425,0.5,2.52,2.58,90,2185
2025-10-09,MSFT,2025-11-10,P,238.89,238.89,0.266425,-0.5,2.52,2.57,20,1771
2025-10-09,MSFT,2025-11-10,P,224.56,238.89,0.303804,-0.25,2.88,2.93,192,4983
2025-10-09,MSFT,2025-11-10,P,210.22,238.89,0.318756,-0.1,3.02,3.07,490,598
2025-10-09,MSFT,2025-12-08,C,267.56,238.89,0.229032,0.1,2.17,2.21,60,252
2025-10-09,MSFT,2025-12-08,C,253.22,238.89,0.240246,0.25,2.27,2.32,281,3366
2025-10-09,MSFT,2025-12-08,C,238.89,238.89,0.277625,0.5,2.63,2.67,17,1684
2025-10-09,MSFT,2025-12-08,P,238.89,238.89,0.277625,-0.5,2.62,2.68,489,4135
2025-10-09,MSFT,2025-12-08,P,224.56,238.89,0.315004,-0.25,2.98,3.04,58,2428
2025-10-09,MSFT,2025-12-08,P,210.22,238.89,0.329956,-0.1,3.12,3.18,226,3613
2025-10-10,MSFT,2025-11-04,C,266.52,237.96,0.221019,0.1,2.08,2.12,184,1068
2025-10-10,MSFT,2025-11-04,C,252.24,237.96,0.232681,0.25,2.19,2.24,356,4340
2025-10-10,MSFT,2025-11-04,C,237.96,237.96,0.271551,0.5,2.56,2.61,19,896
2025-10-10,MSFT,2025-11-04,P,237.96,237.96,0.271551,-0.5,2.55,2.61,369,4779
2025-10-10,MSFT,2025-11-04,P,223.68,237.96,0.310422,-0.25,2.93,2.98,256,3238
2025-10-10,MSFT,2025-11-04,P,209.4,237.96,0.32597,-0.1,3.08,3.13,227,30
2025-10-10,MSFT,2025-11-11,C,266.52,237.96,0.223819,0.1,2.1,2.16,418,1114
2025-10-10,MSFT,2025-11-11,C,252.24,237.96,0.235481,0.25,2.21,2.27,403,4194
2025-10-10,MSFT,2025-11-11,C,237.96,237.96,0.274351,0.5,2.58,2.64,112,3790
2025-10-10,MSFT,2025-11-11,P,237.96,237.96,0.274351,-0.5,2.59,2.63,358,1809
2025-10-10,MSFT,2025-11-11,P,223.68,237.96,0.313222,-0.25,2.95,3.01,386,1623
2025-10-10,MSFT,2025-11-11,P,209.4,237.96,0.32877,-0.1,3.1,3.16,12,1687
2025-10-10,MSFT,2025-12-09,C,266.52,237.96,0.235019,0.1,2.22,2.26,476,2595
2025-10-10,MSFT,2025-12-09,C,252.24,237.96,0.246681,0.25,2.32,2.37,256,2590
2025-10-10,MSFT,2025-12-09,C,237.96,237.96,0.285551,0.5,2.69,2.74,369,2195
2025-10-10,MSFT,2025-12-09,P,237.96,237.96,0.285551,-0.5,2.69,2.75,378,3253
2025-10-10,MSFT,2025-12-09,P,223.68,237.96,0.324422,-0.25,3.06,3.11,285,2182
2025-10-10,MSFT,2025-12-09,P,209.4,237.96,0.33997,-0.1,3.21,3.26,222,264
2025-10-13,MSFT,2025-11-07,C,266.49,237.94,0.201231,0.1,1.89,1.94,286,4302
2025-10-13,MSFT,2025-11-07,C,252.22,237.94,0.211841,0.25,1.99,2.04,64,2644
2025-10-13,MSFT,2025-11-07,C,237.94,237.94,0.247207,0.5,2.32,2.38,120,3357
2025-10-13,MSFT,2025-11-07,P,237.94,237.94,0.247207,-0.5,2.33,2.37,450,3706
2025-10-13,MSFT,2025-11-07,P,223.66,237.94,0.282574,-0.25,2.66,2.72,496,214
2025-10-13,MSFT,2025-11-07,P,209.39,237.94,0.29672,-0.1,2.8,2.85,397,2992
2025-10-13,MSFT,2025-11-14,C,266.49,237.94,0.204031,0.1,1.92,1.97,240,3191
2025-10-13,MSFT,2025-11-14,C,252.22,237.94,0.214641,0.25,2.02,2.07,111,3942
2025-10-13,MSFT,2025-11-14,C,237.94,237.94,0.250007,0.5,2.36,2.4,217,2208
2025-10-13,MSFT,2025-11-14,P,237.94,237.94,0.250007,-0.5,2.35,2.41,350,1820
2025-10-13,MSFT,2025-11-14,P,223.66,237.94,0.285374,-0.25,2.69,2.74,112,117
2025-10-13,MSFT,2025-11-14,P,209.39,237.94,0.29952,-0.1,2.83,2.87,409,2323
2025-10-13,MSFT,2025-12-12,C,266.49,237.94,0.215231,0.1,2.02,2.07,128,3576
2025-10-13,MSFT,2025-12-12,C,252.22,237.94,0.225841,0.25,2.12,2.18,468,4402
2025-10-13,MSFT,2025-12-12,C,237.94,237.94,0.261207,0.5,2.46,2.51,119,1213
2025-10-13,MSFT,2025-12-12,P,237.94,237.94,0.261207,-0.5,2.47,2.51,133,4273
2025-10-13,MSFT,2025-12-12,P,223.66,237.94,0.296574,-0.25,2.8,2.85,156,1742
2025-10-13,MSFT,2025-12-12,P,209.39,237.94,0.31072,-0.1,2.94,2.98,496,3468
2025-10-14,MSFT,2025-11-08,C,266.44,237.9,0.205325,0.1,1.93,1.98,484,2521
2025-10-14,MSFT,2025-11-08,C,252.17,237.9,0.216218,0.25,2.03,2.08,209,1355
2025-10-14,MSFT,2025-11-08,C,237.9,237.9,0.252526,0.5,2.38,2.43,302,2315
2025-10-14,MSFT,2025-11-08,P,237.9,237.9,0.252526,-0.5,2.38,2.43,437,1804
2025-10-14,MSFT,2025-11-08,P,223.62,237.9,0.288834,-0.25,2.73,2.77,82,1669
2025-10-14,MSFT,2025-11-08,P,209.35,237.9,0.303358,-0.1,2.86,2.92,170,519
2025-10-14,MSFT,2025-11-15,C,266.44,237.9,0.208125,0.1,1.95,2.01,496,546
2025-10-14,MSFT,2025-11-15,C,252.17,237.9,0.219018,0.25,2.06,2.11,418,3035
2025-10-14,MSFT,2025-11-15,C,237.9,237.9,0.255326,0.5,2.4,2.46,447,726
2025-10-14,MSFT,2025-11-15,P,237.9,237.9,0.255326,-0.5,2.41,2.45,472,3145
2025-10-14,MSFT,2025-11-15,P,223.62,237.9,0.291634,-0.25,2.75,2.8,447,3226
2025-10-14,MSFT,2025-11-15,P,209.35,237.9,0.306158,-0.1,2.89,2.94,359,393
2025-10-14,MSFT,2025-12-13,C,266.44,237.9,0.219325,0.1,2.06,2.12,176,197
2025-10-14,MSFT,2025-12-13,C,252.17,237.9,0.230218,0.25,2.16,2.22,278,4878
2025-10-14,MSFT,2025-12-13,C,237.9,237.9,0.266526,0.5,2.51,2.56,325,4921
2025-10-14,MSFT,2025-12-13,P,237.9,237.9,0.266526,-0.5,2.51,2.56,73,231
2025-10-14,MSFT,2025-12-13,P,223.62,237.9,0.302834,-0.25,2.86,2.9,437,113
2025-10-14,MSFT,2025-12-13,P,209.35,237.9,0.317358,-0.1,3.0,3.04,323,3120
2025-10-15,MSFT,2025-11-09,C,264.68,236.32,0.187306,0.1,1.74,1.8,355,2253
2025-10-15,MSFT,2025-11-09,C,250.5,236.32,0.198993,0.25,1.86,1.9,389,1138
2025-10-15,MSFT,2025-11-09,C,236.32,236.32,0.237949,0.5,2.22,2.28,392,1735
2025-10-15,MSFT,2025-11-09,P,236.32,236.32,0.237949,-0.5,2.23,2.27,313,772
2025-10-15,MSFT,2025-11-09,P,222.14,236.32,0.276904,-0.25,2.59,2.65,149,1159
2025-10-15,MSFT,2025-11-09,P,207.96,236.32,0.292487,-0.1,2.74,2.79,322,219
2025-10-15,MSFT,2025-11-16,C,264.68,236.32,0.190106,0.1,1.78,1.82,171,3586
2025-10-15,MSFT,2025-11-16,C,250.5,236.32,0.201793,0.25,1.88,1.93,80,3404
2025-10-15,MSFT,2025-11-16,C,236.32,236.32,0.240749,0.5,2.25,2.3,62,4924
2025-10-15,MSFT,2025-11-16,P,236.32,236.32,0.240749,-0.5,2.25,2.3,395,4848
2025-10-15,MSFT,2025-11-16,P,222.14,236.32,0.279704,-0.25,2.62,2.67,197,2031
2025-10-15,MSFT,2025-11-16,P,207.96,236.32,0.295287,-0.1,2.77,2.81,116,3777
2025-10-15,MSFT,2025-12-14,C,264.68,236.32,0.201306,0.1,1.88,1.93,190,2437
2025-10-15,MSFT,2025-12-14,C,250.5,236.32,0.212993,0.25,1.99,2.03,1,884
2025-10-15,MSFT,2025-12-14,C,236.32,236.32,0.251949,0.5,2.36,2.4,81,4236
2025-10-15,MSFT,2025-12-14,P,236.32,236.32,0.251949,-0.5,2.36,2.4,473,598
2025-10-15,MSFT,2025-12-14,P,222.14,236.32,0.290904,-0.25,2.73,2.77,133,395
2025-10-15,MSFT,2025-12-14,P,207.96,236.32,0.306487,-0.1,2.87,2.93,135,1581
2025-10-16,MSFT,2025-11-10,C,264.91,236.52,0.218311,0.1,2.04,2.09,12,2834
2025-10-16,MSFT,2025-11-10,C,250.72,236.52,0.230376,0.25,2.15,2.2,321,3440
2025-10-16,MSFT,2025-11-10,C,236.52,236.52,0.270591,0.5,2.53,2.59,443,62
2025-10-16,MSFT,2025-11-10,P,236.52,236.52,0.270591,-0.5,2.53,2.59,452,1846
2025-10-16,MSFT,2025-11-10,P,222.33,236.52,0.310806,-0.25,2.92,2.96,420,2038
2025-10-16,MSFT,2025-11-10,P,208.14,236.52,0.326892,-0.1,3.07,3.12,25,1886
2025-10-16,MSFT,2025-11-17,C,264.91,236.52,0.221111,0.1,2.07,2.12,224,326
2025-10-16,MSFT,2025-11-17,C,250.72,236.52,0.233176,0.25,2.18,2.23,180,755
2025-10-16,MSFT,2025-11-17,C,236.52,236.52,0.273391,0.5,2.56,2.62,241,1679
2025-10-16,MSFT,2025-11-17,P,236.52,236.52,0.273391,-0.5,2.56,2.62,111,3425
2025-10-16,MSFT,2025-11-17,P,222.33,236.52,0.313606,-0.25,2.94,2.99,435,4739
2025-10-16,MSFT,2025-11-17,P,208.14,236.52,0.329692,-0.1,3.1,3.14,73,2840
2025-10-16,MSFT,2025-12-15,C,264.91,236.52,0.232311,0.1,2.18,2.22,279,512
2025-10-16,MSFT,2025-12-15,C,250.72,236.52,0.244376,0.25,2.29,2.34,446,3415
2025-10-16,MSFT,2025-12-15,C,236.52,236.52,0.284591,0.5,2.66,2.72,91,1289
2025-10-16,MSFT,2025-12-15,P,236.52,236.52,0.284591,-0.5,2.67,2.72,11,1129
2025-10-16,MSFT,2025-12-15,P,222.33,236.52,0.324806,-0.25,3.05,3.09,330,281
2025-10-16,MSFT,2025-12-15,P,208.14,236.52,0.340892,-0.1,3.2,3.25,381,2490
2025-10-17,MSFT,2025-11-11,C,264.95,236.56,0.201759,0.1,1.89,1.93,416,2844
2025-10-17,MSFT,2025-11-11,C,250.76,236.56,0.214037,0.25,2.0,2.05,494,352
2025-10-17,MSFT,2025-11-11,C,236.56,236.56,0.254963,0.5,2.39,2.44,177,3176
2025-10-17,MSFT,2025-11-11,P,236.56,236.56,0.254963,-0.5,2.39,2.44,333,251
2025-10-17,MSFT,2025-11-11,P,222.37,236.56,0.29589,-0.25,2.77,2.83,105,2392
2025-10-17,MSFT,2025-11-11,P,208.17,236.56,0.31226,-0.1,2.93,2.98,138,4308
2025-10-17,MSFT,2025-11-18,C,264.95,236.56,0.204559,0.1,1.91,1.96,396,3639
2025-10-17,MSFT,2025-11-18,C,250.76,236.56,0.216837,0.25,2.02,2.08,391,630
2025-10-17,MSFT,2025-11-18,C,236.56,236.56,0.257763,0.5,2.41,2.47,195,1646
2025-10-17,MSFT,2025-11-18,P,236.56,236.56,0.257763,-0.5,2.41,2.47,182,1857
2025-10-17,MSFT,2025-11-18,P,222.37,236.56,0.29869,-0.25,2.81,2.85,19,2077
2025-10-17,MSFT,2025-11-18,P,208.17,236.56,0.31506,-0.1,2.95,3.01,212,2509
2025-10-17,MSFT,2025-12-16,C,264.95,236.56,0.215759,0.1,2.01,2.07,214,186
2025-10-17,MSFT,2025-12-16,C,250.76,236.56,0.228037,0.25,2.14,2.18,297,2822
2025-10-17,MSFT,2025-12-16,C,236.56,236.56,0.268963,0.5,2.52,2.57,298,3404
2025-10-17,MSFT,2025-12-16,P,236.56,236.56,0.268963,-0.5,2.52,2.57,42,3302
2025-10-17,MSFT,2025-12-16,P,222.37,236.56,0.30989,-0.25,2.91,2.96,370,2716
2025-10-17,MSFT,2025-12-16,P,208.17,236.56,0.32626,-0.1,3.06,3.12,486,3368
2025-10-20,MSFT,2025-11-14,C,265.7,237.23,0.192091,0.1,1.8,1.85,171,3724
2025-10-20,MSFT,2025-11-14,C,251.46,237.23,0.20509,0.25,1.92,1.97,399,3751
2025-10-20,MSFT,2025-11-14,C,237.23,237.23,0.248418,0.5,2.33,2.39,396,4502
2025-10-20,MSFT,2025-11-14,P,237.23,237.23,0.248418,-0.5,2.34,2.38,171,4151
2025-10-20,MSFT,2025-11-14,P,222.99,237.23,0.291746,-0.25,2.75,2.79,427,2397
2025-10-20,MSFT,2025-11-14,P,208.76,237.23,0.309077,-0.1,2.91,2.96,30,2426
2025-10-20,MSFT,2025-11-21,C,265.7,237.23,0.194891,0.1,1.83,1.87,379,3422
2025-10-20,MSFT,2025-11-21,C,251.46,237.23,0.20789,0.25,1.95,2.0,8,2918
2025-10-20,MSFT,2025-11-21,C,237.23,237.23,0.251218,0.5,2.36,2.41,107,3531
2025-10-20,MSFT,2025-11-21,P,237.23,237.23,0.251218,-0.5,2.36,2.41,29,353
2025-10-20,MSFT,2025-11-21,P,222.99,237.23,0.294546,-0.25,2.77,2.82,498,3620
2025-10-20,MSFT,2025-11-21,P,208.76,237.23,0.311877,-0.1,2.94,2.98,85,712
2025-10-20,MSFT,2025-12-19,C,265.7,237.23,0.206091,0.1,1.93,1.98,8,4320
2025-10-20,MSFT,2025-12-19,C,251.46,237.23,0.21909,0.25,2.05,2.11,479,3935
2025-10-20,MSFT,2025-12-19,C,237.23,237.23,0.262418,0.5,2.46,2.52,88,2850
2025-10-20,MSFT,2025-12-19,P,237.23,237.23,0.262418,-0.5,2.47,2.51,315,3197
2025-10-20,MSFT,2025-12-19,P,222.99,237.23,0.305746,-0.25,2.87,2.93,200,3453
2025-10-20,MSFT,2025-12-19,P,208.76,237.23,0.323077,-0.1,3.05,3.09,342,4586
2025-10-21,MSFT,2025-11-15,C,264.1,235.8,0.200539,0.1,1.87,1.92,409,4937
2025-10-21,MSFT,2025-11-15,C,249.95,235.8,0.21365,0.25,1.99,2.04,130,4128
2025-10-21,MSFT,2025-11-15,C,235.8,235.8,0.257356,0.5,2.4,2.46,301,207
2025-10-21,MSFT,2025-11-15,P,235.8,235.8,0.257356,-0.5,2.4,2.46,394,1937
2025-10-21,MSFT,2025-11-15,P,221.66,235.8,0.301061,-0.25,2.81,2.87,411,4395
2025-10-21,MSFT,2025-11-15,P,207.51,235.8,0.318543,-0.1,2.98,3.03,201,3898
2025-10-21,MSFT,2025-11-22,C,264.1,235.8,0.203339,0.1,1.89,1.95,74,1489
2025-10-21,MSFT,2025-11-22,C,249.95,235.8,0.21645,0.25,2.02,2.07,407,584
2025-10-21,MSFT,2025-11-22,C,235.8,235.8,0.260156,0.5,2.43,2.48,335,3233
2025-10-21,MSFT,2025-11-22,P,235.8,235.8,0.260156,-0.5,2.43,2.48,113,1237
2025-10-21,MSFT,2025-11-22,P,221.66,235.8,0.303861,-0.25,2.84,2.89,496,2278
2025-10-21,MSFT,2025-11-22,P,207.51,235.8,0.321343,-0.1,3.0,3.06,311,4316
2025-10-21,MSFT,2025-12-20,C,264.1,235.8,0.214539,0.1,2.0,2.05,408,4044
2025-10-21,MSFT,2025-12-20,C,249.95,235.8,0.22765,0.25,2.13,2.17,273,515
2025-10-21,MSFT,2025-12-20,C,235.8,235.8,0.271356,0.5,2.53,2.59,97,3636
2025-10-21,MSFT,2025-12-20,P,235.8,235.8,0.271356,-0.5,2.54,2.58,45,1012
2025-10-21,MSFT,2025-12-20,P,221.66,235.8,0.315061,-0.25,2.95,3.0,440,323
2025-10-21,MSFT,2025-12-20,P,207.51,235.8,0.332543,-0.1,3.11,3.16,418,2415
2025-10-22,MSFT,2025-11-16,C,264.11,235.82,0.220665,0.1,2.06,2.1,135,851
2025-10-22,MSFT,2025-11-16,C,249.96,235.82,0.234018,0.25,2.19,2.23,193,616
2025-10-22,MSFT,2025-11-16,C,235.82,235.82,0.278526,0.5,2.6,2.65,233,2230
2025-10-22,MSFT,2025-11-16,P,235.82,235.82,0.278526,-0.5,2.61,2.65,188,4665
2025-10-22,MSFT,2025-11-16,P,221.67,235.82,0.323034,-0.25,3.02,3.07,83,580
2025-10-22,MSFT,2025-11-16,P,207.52,235.82,0.340838,-0.1,3.19,3.24,158,4248
2025-10-22,MSFT,2025-11-23,C,264.11,235.82,0.223465,0.1,2.08,2.13,73,4728
2025-10-22,MSFT,2025-11-23,C,249.96,235.82,0.236818,0.25,2.21,2.25,194,3879
2025-10-22,MSFT,2025-11-23,C,235.82,235.82,0.281326,0.5,2.63,2.67,303,1689
2025-10-22,MSFT,2025-11-23,P,235.82,235.82,0.281326,-0.5,2.63,2.68,272,3557
2025-10-22,MSFT,2025-11-23,P,221.67,235.82,0.325834,-0.25,3.05,3.09,126,1017
2025-10-22,MSFT,2025-11-23,P,207.52,235.82,0.343638,-0.1,3.21,3.27,76,639
2025-10-22,MSFT,2025-12-21,C,264.11,235.82,0.234665,0.1,2.19,2.24,99,927
2025-10-22,MSFT,2025-12-21,C,249.96,235.82,0.248018,0.25,2.32,2.36,77,4184
2025-10-22,MSFT,2025-12-21,C,235.82,235.82,0.292526,0.5,2.74,2.78,35,2684
2025-10-22,MSFT,2025-12-21,P,235.82,235.82,0.292526,-0.5,2.73,2.79,345,297
2025-10-22,MSFT,2025-12-21,P,221.67,235.82,0.337034,-0.25,3.15,3.21,341,1676
2025-10-22,MSFT,2025-12-21,P,207.52,235.82,0.354838,-0.1,3.32,3.38,383,3990
2025-10-23,MSFT,2025-11-17,C,265.97,237.47,0.207364,0.1,1.95,1.99,181,4114
2025-10-23,MSFT,2025-11-17,C,251.72,237.47,0.220605,0.25,2.07,2.12,251,1899
2025-10-23,MSFT,2025-11-17,C,237.47,237.47,0.264744,0.5,2.49,2.54,355,343
2025-10-23,MSFT,2025-11-17,P,237.47,237.47,0.264744,-0.5,2.49,2.54,266,1504
2025-10-23,MSFT,2025-11-17,P,223.23,237.47,0.308882,-0.25,2.9,2.96,197,4999
2025-10-23,MSFT,2025-11-17,P,208.98,237.47,0.326538,-0.1,3.08,3.12,174,4714
2025-10-23,MSFT,2025-11-24,C,265.97,237.47,0.210164,0.1,1.97,2.02,326,2498
2025-10-23,MSFT,2025-11-24,C,251.72,237.47,0.223405,0.25,2.09,2.15,224,3571
2025-10-23,MSFT,2025-11-24,C,237.47,237.47,0.267544,0.5,2.52,2.57,51,1055
2025-10-23,MSFT,2025-11-24,P,237.47,237.47,0.267544,-0.5,2.52,2.56,326,4558
2025-10-23,MSFT,2025-11-24,P,223.23,237.47,0.311682,-0.25,2.94,2.98,429,171
2025-10-23,MSFT,2025-11-24,P,208.98,237.47,0.329338,-0.1,3.11,3.15,320,2407
2025-10-23,MSFT,2025-12-22,C,265.97,237.47,0.221364,0.1,2.08,2.13,264,4679
2025-10-23,MSFT,2025-12-22,C,251.72,237.47,0.234605,0.25,2.2,2.25,470,4446
2025-10-23,MSFT,2025-12-22,C,237.47,237.47,0.278744,0.5,2.62,2.67,18,2625
2025-10-23,MSFT,2025-12-22,P,237.47,237.47,0.278744,-0.5,2.63,2.67,429,1362
2025-10-23,MSFT,2025-12-22,P,223.23,237.47,0.322882,-0.25,3.04,3.1,299,3901
2025-10-23,MSFT,2025-12-22,P,208.98,237.47,0.340538,-0.1,3.21,3.26,460,4546
2025-10-24,MSFT,2025-11-18,C,268.76,239.97,0.194238,0.1,1.84,1.89,265,3033
2025-10-24,MSFT,2025-11-18,C,254.36,239.97,0.207937,0.25,1.97,2.02,196,4043
2025-10-24,MSFT,2025-11-18,C,239.97,239.97,0.253601,0.5,2.41,2.46,225,1130
2025-10-24,MSFT,2025-11-18,P,239.97,239.97,0.253601,-0.5,2.41,2.46,141,1265
2025-10-24,MSFT,2025-11-18,P,225.57,239.97,0.299265,-0.25,2.85,2.89,53,3147
2025-10-24,MSFT,2025-11-18,P,211.17,239.97,0.31753,-0.1,3.02,3.07,463,783
2025-10-24,MSFT,2025-11-25,C,268.76,239.97,0.197038,0.1,1.87,1.92,372,319
2025-10-24,MSFT,2025-11-25,C,254.36,239.97,0.210737,0.25,2.0,2.05,449,3964
2025-10-24,MSFT,2025-11-25,C,239.97,239.97,0.256401,0.5,2.43,2.49,360,1233
2025-10-24,MSFT,2025-11-25,P,239.97,239.97,0.256401,-0.5,2.43,2.49,301,4459
2025-10-24,MSFT,2025-11-25,P,225.57,239.97,0.302065,-0.25,2.87,2.93,77,4911
2025-10-24,MSFT,2025-11-25,P,211.17,239.97,0.32033,-0.1,3.05,3.1,73,354
2025-10-24,MSFT,2025-12-23,C,268.76,239.97,0.208238,0.1,1.97,2.03,433,2459
2025-10-24,MSFT,2025-12-23,C,254.36,239.97,0.221937,0.25,2.11,2.15,459,285
2025-10-24,MSFT,2025-12-23,C,239.97,239.97,0.267601,0.5,2.55,2.59,444,462
2025-10-24,MSFT,2025-12-23,P,239.97,239.97,0.267601,-0.5,2.55,2.59,274,4852
2025-10-24,MSFT,2025-12-23,P,225.57,239.97,0.313265,-0.25,2.98,3.03,364,4087
2025-10-24,MSFT,2025-12-23,P,211.17,239.97,0.33153,-0.1,3.16,3.2,388,1615
2025-10-27,MSFT,2025-11-21,C,270.48,241.5,0.207589,0.1,1.98,2.03,235,1427
2025-10-27,MSFT,2025-11-21,C,255.99,241.5,0.22056,0.25,2.1,2.16,159,615
2025-10-27,MSFT,2025-11-21,C,241.5,241.5,0.263798,0.5,2.53,2.57,183,4830
2025-10-27,MSFT,2025-11-21,P,241.5,241.5,0.263798,-0.5,2.52,2.57,337,3292
2025-10-27,MSFT,2025-11-21,P,227.01,241.5,0.307035,-0.25,2.94,2.99,79,1108
2025-10-27,MSFT,2025-11-21,P,212.52,241.5,0.32433,-0.1,3.11,3.16,323,3379
2025-10-27,MSFT,2025-11-28,C,270.48,241.5,0.210389,0.1,2.01,2.06,327,4424
2025-10-27,MSFT,2025-11-28,C,255.99,241.5,0.22336,0.25,2.13,2.19,44,2762
2025-10-27,MSFT,2025-11-28,C,241.5,241.5,0.266598,0.5,2.55,2.6,280,3101
2025-10-27,MSFT,2025-11-28,P,241.5,241.5,0.266598,-0.5,2.55,2.6,429,683
2025-10-27,MSFT,2025-11-28,P,227.01,241.5,0.309835,-0.25,2.96,3.02,191,2452
2025-10-27,MSFT,2025-11-28,P,212.52,241.5,0.32713,-0.1,3.13,3.19,126,4778
2025-10-27,MSFT,2025-12-26,C,270.48,241.5,0.221589,0.1,2.12,2.16,430,1928
2025-10-27,MSFT,2025-12-26,C,255.99,241.5,0.23456,0.25,2.24,2.29,288,2702
2025-10-27,MSFT,2025-12-26,C,241.5,241.5,0.277798,0.5,2.66,2.71,171,714
2025-10-27,MSFT,2025-12-26,P,241.5,241.5,0.277798,-0.5,2.66,2.71,52,4713
2025-10-27,MSFT,2025-12-26,P,227.01,241.5,0.321035,-0.25,3.07,3.13,335,60
2025-10-27,MSFT,2025-12-26,P,212.52,241.5,0.33833,-0.1,3.24,3.3,280,619
2025-10-28,MSFT,2025-11-22,C,268.9,240.09,0.204814,0.1,1.94,1.99,98,3035
2025-10-28,MSFT,2025-11-22,C,254.5,240.09,0.218369,0.25,2.08,2.12,29,1199
2025-10-28,MSFT,2025-11-22,C,240.09,240.09,0.263554,0.5,2.51,2.55,8,4578
2025-10-28,MSFT,2025-11-22,P,240.09,240.09,0.263554,-0.5,2.51,2.56,122,3543
2025-10-28,MSFT,2025-11-22,P,225.69,240.09,0.308739,-0.25,2.94,2.99,148,1967
2025-10-28,MSFT,2025-11-22,P,211.28,240.09,0.326813,-0.1,3.12,3.16,111,544
2025-10-28,MSFT,2025-11-29,C,268.9,240.09,0.207614,0.1,1.97,2.02,67,4707
2025-10-28,MSFT,2025-11-29,C,254.5,240.09,0.221169,0.25,2.1,2.15,472,3494
2025-10-28,MSFT,2025-11-29,C,240.09,240.09,0.266354,0.5,2.53,2.59,30,4534
2025-10-28,MSFT,2025-11-29,P,240.09,240.09,0.266354,-0.5,2.54,2.58,27,4657
2025-10-28,MSFT,2025-11-29,P,225.69,240.09,0.311539,-0.25,2.97,3.02,425,2546
2025-10-28,MSFT,2025-11-29,P,211.28,240.09,0.329613,-0.1,3.14,3.19,265,1201
2025-10-28,MSFT,2025-12-27,C,268.9,240.09,0.218814,0.1,2.07,2.13,124,3253
2025-10-28,MSFT,2025-12-27,C,254.5,240.09,0.232369,0.25,2.2,2.26,100,4280
2025-10-28,MSFT,2025-12-27,C,240.09,240.09,0.277554,0.5,2.64,2.69,256,193
2025-10-28,MSFT,2025-12-27,P,240.09,240.09,0.277554,-0.5,2.64,2.69,426,4391
2025-10-28,MSFT,2025-12-27,P,225.69,240.09,0.322739,-0.25,3.07,3.13,26,4451
2025-10-28,MSFT,2025-12-27,P,211.28,240.09,0.340813,-0.1,3.25,3.3,43,2528
2025-10-29,MSFT,2025-11-23,C,269.51,240.63,0.178178,0.1,1.69,1.74,41,1893
2025-10-29,MSFT,2025-11-23,C,255.07,240.63,0.191334,0.25,1.82,1.86,69,4402
2025-10-29,MSFT,2025-11-23,C,240.63,240.63,0.23519,0.5,2.24,2.29,286,2251
2025-10-29,MSFT,2025-11-23,P,240.63,240.63,0.23519,-0.5,2.24,2.29,385,1029
2025-10-29,MSFT,2025-11-23,P,226.19,240.63,0.279046,-0.25,2.66,2.71,435,824
2025-10-29,MSFT,2025-11-23,P,211.76,240.63,0.296588,-0.1,2.83,2.88,78,4233
2025-10-29,MSFT,2025-11-30,C,269.51,240.63,0.180978,0.1,1.72,1.77,129,4075
2025-10-29,MSFT,2025-11-30,C,255.07,240.63,0.194134,0.25,1.84,1.89,399,363
2025-10-29,MSFT,2025-11-30,C,240.63,240.63,0.23799,0.5,2.27,2.31,190,799
2025-10-29,MSFT,2025-11-30,P,240.63,240.63,0.23799,-0.5,2.26,2.32,425,4557
2025-10-29,MSFT,2025-11-30,P,226.19,240.63,0.281846,-0.25,2.69,2.74,56,3894
2025-10-29,MSFT,2025-11-30,P,211.76,240.63,0.299388,-0.1,2.85,2.91,34,3885
2025-10-29,MSFT,2025-12-28,C,269.51,240.63,0.192178,0.1,1.82,1.88,269,3574
2025-10-29,MSFT,2025-12-28,C,255.07,240.63,0.205334,0.25,1.95,2.0,218,363
2025-10-29,MSFT,2025-12-28,C,240.63,240.63,0.24919,0.5,2.37,2.43,283,3611
2025-10-29,MSFT,2025-12-28,P,240.63,240.63,0.24919,-0.5,2.38,2.42,462,4770
2025-10-29,MSFT,2025-12-28,P,226.19,240.63,0.293046,-0.25,2.8,2.84,274,3682
2025-10-29,MSFT,2025-12-28,P,211.76,240.63,0.310588,-0.1,2.96,3.02,393,1552
2025-10-30,MSFT,2025-11-24,C,268.86,240.05,0.199532,0.1,1.89,1.94,492,3723
2025-10-30,MSFT,2025-11-24,C,254.46,240.05,0.211864,0.25,2.0,2.06,10,3273
2025-10-30,MSFT,2025-11-24,C,240.05,240.05,0.252972,0.5,2.4,2.45,84,3381
2025-10-30,MSFT,2025-11-24,P,240.05,240.05,0.252972,-0.5,2.4,2.45,349,1631
2025-10-30,MSFT,2025-11-24,P,225.65,240.05,0.29408,-0.25,2.8,2.84,440,1896
2025-10-30,MSFT,2025-11-24,P,211.25,240.05,0.310524,-0.1,2.95,3.01,15,4727
2025-10-30,MSFT,2025-12-01,C,268.86,240.05,0.202332,0.1,1.91,1.97,276,1040
2025-10-30,MSFT,2025-12-01,C,254.46,240.05,0.214664,0.25,2.04,2.09,460,2882
2025-10-30,MSFT,2025-12-01,C,240.05,240.05,0.255772,0.5,2.43,2.48,163,2912
2025-10-30,MSFT,2025-12-01,P,240.05,240.05,0.255772,-0.5,2.43,2.48,8,4712
2025-10-30,MSFT,2025-12-01,P,225.65,240.05,0.29688,-0.25,2.83,2.87,69,4176
2025-10-30,MSFT,2025-12-01,P,211.25,240.05,0.313324,-0.1,2.98,3.04,274,3682
2025-10-30,MSFT,2025-12-29,C,268.86,240.05,0.213532,0.1,2.03,2.07,262,1309
2025-10-30,MSFT,2025-12-29,C,254.46,240.05,0.225864,0.25,2.14,2.2,39,388
2025-10-30,MSFT,2025-12-29,C,240.05,240.05,0.266972,0.5,2.54,2.58,5,4893
2025-10-30,MSFT,2025-12-29,P,240.05,240.05,0.266972,-0.5,2.54,2.59,283,3734
2025-10-30,MSFT,2025-12-29,P,225.65,240.05,0.30808,-0.25,2.94,2.98,76,2449
2025-10-30,MSFT,2025-12-29,P,211.25,240.05,0.324524,-0.1,3.09,3.14,153,1651
2025-10-31,MSFT,2025-11-25,C,269.24,240.39,0.215267,0.1,2.05,2.09,423,3116
2025-10-31,MSFT,2025-11-25,C,254.82,240.39,0.227883,0.25,2.17,2.21,450,4319
2025-10-31,MSFT,2025-11-25,C,240.39,240.39,0.269937,0.5,2.57,2.62,99,766
2025-10-31,MSFT,2025-11-25,P,240.39,240.39,0.269937,-0.5,2.57,2.63,283,4824
2025-10-31,MSFT,2025-11-25,P,225.97,240.39,0.311991,-0.25,2.97,3.03,362,4642
2025-10-31,MSFT,2025-11-25,P,211.55,240.39,0.328813,-0.1,3.14,3.18,292,2307
2025-10-31,MSFT,2025-12-02,C,269.24,240.39,0.218067,0.1,2.07,2.12,410,2399
2025-10-31,MSFT,2025-12-02,C,254.82,240.39,0.230683,0.25,2.19,2.25,173,4226
2025-10-31,MSFT,2025-12-02,C,240.39,240.39,0.272737,0.5,2.6,2.64,253,1953
2025-10-31,MSFT,2025-12-02,P,240.39,240.39,0.272737,-0.5,2.59,2.65,20,2950
2025-10-31,MSFT,2025-12-02,P,225.97,240.39,0.314791,-0.25,3.0,3.05,106,1951
2025-10-31,MSFT,2025-12-02,P,211.55,240.39,0.331613,-0.1,3.17,3.21,361,2243
2025-10-31,MSFT,2025-12-30,C,269.24,240.39,0.229267,0.1,2.18,2.23,183,2539
2025-10-31,MSFT,2025-12-30,C,254.82,240.39,0.241883,0.25,2.3,2.35,453,2585
2025-10-31,MSFT,2025-12-30,C,240.39,240.39,0.283937,0.5,2.71,2.75,196,281
2025-10-31,MSFT,2025-12-30,P,240.39,240.39,0.283937,-0.5,2.71,2.75,145,4425
2025-10-31,MSFT,2025-12-30,P,225.97,240.39,0.325991,-0.25,3.11,3.16,273,559
2025-10-31,MSFT,2025-12-30,P,211.55,240.39,0.342813,-0.1,3.27,3.32,215,3026
2025-11-03,MSFT,2025-11-28,C,268.2,239.47,0.182769,0.1,1.72,1.78,250,4986
2025-11-03,MSFT,2025-11-28,C,253.83,239.47,0.196651,0.25,1.86,1.9,42,2582
2025-11-03,MSFT,2025-11-28,C,239.47,239.47,0.242924,0.5,2.3,2.35,109,2816
2025-11-03,MSFT,2025-11-28,P,239.47,239.47,0.242924,-0.5,2.31,2.35,223,3195
2025-11-03,MSFT,2025-11-28,P,225.1,239.47,0.289198,-0.25,2.75,2.79,335,3708
2025-11-03,MSFT,2025-11-28,P,210.73,239.47,0.307707,-0.1,2.92,2.97,328,1658
2025-11-03,MSFT,2025-12-05,C,268.2,239.47,0.185569,0.1,1.75,1.81,103,4145
2025-11-03,MSFT,2025-12-05,C,253.83,239.47,0.199451,0.25,1.89,1.94,11,4952
2025-11-03,MSFT,2025-12-05,C,239.47,239.47,0.245724,0.5,2.33,2.38,389,698
2025-11-03,MSFT,2025-12-05,P,239.47,239.47,0.245724,-0.5,2.33,2.38,93,2908
2025-11-03,MSFT,2025-12-05,P,225.1,239.47,0.291998,-0.25,2.77,2.82,161,4704
2025-11-03,MSFT,2025-12-05,P,210.73,239.47,0.310507,-0.1,2.95,3.0,419,396
2025-11-03,MSFT,2026-01-02,C,268.2,239.47,0.196769,0.1,1.86,1.91,386,3941
2025-11-03,MSFT,2026-01-02,C,253.83,239.47,0.210651,0.25,1.99,2.04,246,145
2025-11-03,MSFT,2026-01-02,C,239.47,239.47,0.256924,0.5,2.44,2.48,234,3413
2025-11-03,MSFT,2026-01-02,P,239.47,239.47,0.256924,-0.5,2.44,2.48,383,1886
2025-11-03,MSFT,2026-01-02,P,225.1,239.47,0.303198,-0.25,2.88,2.93,358,2384
2025-11-03,MSFT,2026-01-02,P,210.73,239.47,0.321707,-0.1,3.06,3.1,361,554
2025-11-04,MSFT,2025-11-29,C,265.9,237.41,0.21194,0.1,1.99,2.03,148,782
2025-11-04,MSFT,2025-11-29,C,251.65,237.41,0.226508,0.25,2.13,2.18,491,227
2025-11-04,MSFT,2025-11-29,C,237.41,237.41,0.275068,0.5,2.59,2.63,55,2162
2025-11-04,MSFT,2025-11-29,P,237.41,237.41,0.275068,-0.5,2.59,2.64,34,2727
2025-11-04,MSFT,2025-11-29,P,223.17,237.41,0.323628,-0.25,3.04,3.1,394,2179
2025-11-04,MSFT,2025-11-29,P,208.92,237.41,0.343052,-0.1,3.23,3.28,248,4597
2025-11-04,MSFT,2025-12-06,C,265.9,237.41,0.21474,0.1,2.01,2.06,283,3907
2025-11-04,MSFT,2025-12-06,C,251.65,237.41,0.229308,0.25,2.15,2.2,89,3189
2025-11-04,MSFT,2025-12-06,C,237.41,237.41,0.277868,0.5,2.61,2.67,454,13
2025-11-04,MSFT,2025-12-06,P,237.41,237.41,0.277868,-0.5,2.61,2.67,453,2493
2025-11-04,MSFT,2025-12-06,P,223.17,237.41,0.326428,-0.25,3.07,3.13,441,2255
2025-11-04,MSFT,2025-12-06,P,208.92,237.41,0.345852,-0.1,3.26,3.31,426,339
2025-11-04,MSFT,2026-01-03,C,265.9,237.41,0.22594,0.1,2.12,2.18,351,3123
2025-11-04,MSFT,2026-01-03,C,251.65,237.41,0.240508,0.25,2.26,2.31,64,1461
2025-11-04,MSFT,2026-01-03,C,237.41,237.41,0.289068,0.5,2.72,2.77,262,1685
2025-11-04,MSFT,2026-01-03,P,237.41,237.41,0.289068,-0.5,2.72,2.77,177,2494
2025-11-04,MSFT,2026-01-03,P,223.17,237.41,0.337628,-0.25,3.18,3.24,448,4381
2025-11-04,MSFT,2026-01-03,P,208.92,237.41,0.357052,-0.1,3.37,3.42,397,1750
2025-11-05,MSFT,2025-11-30,C,265.44,237.0,0.223293,0.1,2.09,2.14,226,3421
2025-11-05,MSFT,2025-11-30,C,251.22,237.0,0.237427,0.25,2.23,2.28,292,143
2025-11-05,MSFT,2025-11-30,C,237.0,237.0,0.284539,0.5,2.68,2.72,488,4869
2025-11-05,MSFT,2025-11-30,P,237.0,237.0,0.284539,-0.5,2.67,2.72,15,4741
2025-11-05,MSFT,2025-11-30,P,222.78,237.0,0.331652,-0.25,3.12,3.17,335,2679
2025-11-05,MSFT,2025-11-30,P,208.56,237.0,0.350497,-0.1,3.3,3.35,59,4545
2025-11-05,MSFT,2025-12-07,C,265.44,237.0,0.226093,0.1,2.12,2.17,361,3472
2025-11-05,MSFT,2025-12-07,C,251.22,237.0,0.240227,0.25,2.26,2.3,116,535
2025-11-05,MSFT,2025-12-07,C,237.0,237.0,0.287339,0.5,2.7,2.75,405,2651
2025-11-05,MSFT,2025-12-07,P,237.0,237.0,0.287339,-0.5,2.7,2.75,87,4996
2025-11-05,MSFT,2025-12-07,P,222.78,237.0,0.334452,-0.25,3.14,3.2,157,2672
2025-11-05,MSFT,2025-12-07,P,208.56,237.0,0.353297,-0.1,3.32,3.38,141,328
2025-11-05,MSFT,2026-01-04,C,265.44,237.0,0.237293,0.1,2.22,2.28,258,3794
2025-11-05,MSFT,2026-01-04,C,251.22,237.0,0.251427,0.25,2.36,2.41,33,124
2025-11-05,MSFT,2026-01-04,C,237.0,237.0,0.298539,0.5,2.81,2.85,180,1854
2025-11-05,MSFT,2026-01-04,P,237.0,237.0,0.298539,-0.5,2.8,2.86,379,3196
2025-11-05,MSFT,2026-01-04,P,222.78,237.0,0.345652,-0.25,3.25,3.3,73,2447
2025-11-05,MSFT,2026-01-04,P,208.56,237.0,0.364497,-0.1,3.43,3.48,175,1624
2025-11-06,MSFT,2025-12-01,C,266.41,237.86,0.221838,0.1,2.08,2.14,404,1651
2025-11-06,MSFT,2025-12-01,C,252.14,237.86,0.236454,0.25,2.23,2.27,9,2279
2025-11-06,MSFT,2025-12-01,C,237.86,237.86,0.285175,0.5,2.69,2.74,81,4609
2025-11-06,MSFT,2025-12-01,P,237.86,237.86,0.285175,-0.5,2.68,2.74,488,4955
2025-11-06,MSFT,2025-12-01,P,223.59,237.86,0.333896,-0.25,3.15,3.21,372,1579
2025-11-06,MSFT,2025-12-01,P,209.32,237.86,0.353384,-0.1,3.34,3.39,255,3494
2025-11-06,MSFT,2025-12-08,C,266.41,237.86,0.224638,0.1,2.12,2.16,301,4969
2025-11-06,MSFT,2025-12-08,C,252.14,237.86,0.239254,0.25,2.26,2.3,299,2662
2025-11-06,MSFT,2025-12-08,C,237.86,237.86,0.287975,0.5,2.71,2.77,213,4571
2025-11-06,MSFT,2025-12-08,P,237.86,237.86,0.287975,-0.5,2.71,2.77,229,2988
2025-11-06,MSFT,2025-12-08,P,223.59,237.86,0.336696,-0.25,3.18,3.23,434,2958
2025-11-06,MSFT,2025-12-08,P,209.32,237.86,0.356184,-0.1,3.36,3.42,101,2582
2025-11-06,MSFT,2026-01-05,C,266.41,237.86,0.235838,0.1,2.22,2.27,350,357
2025-11-06,MSFT,2026-01-05,C,252.14,237.86,0.250454,0.25,2.36,2.41,26,4799
2025-11-06,MSFT,2026-01-05,C,237.86,237.86,0.299175,0.5,2.82,2.87,71,3113
2025-11-06,MSFT,2026-01-05,P,237.86,237.86,0.299175,-0.5,2.82,2.87,434,4683
2025-11-06,MSFT,2026-01-05,P,223.59,237.86,0.347896,-0.25,3.29,3.33,103,1503
2025-11-06,MSFT,2026-01-05,P,209.32,237.86,0.367384,-0.1,3.47,3.52,157,3334
2025-11-07,MSFT,2025-12-02,C,266.79,238.21,0.215229,0.1,2.03,2.07,82,2062
2025-11-07,MSFT,2025-12-02,C,252.5,238.21,0.229455,0.25,2.16,2.22,308,3358
2025-11-07,MSFT,2025-12-02,C,238.21,238.21,0.276877,0.5,2.61,2.67,435,4861
2025-11-07,MSFT,2025-12-02,P,238.21,238.21,0.276877,-0.5,2.61,2.66,480,3053
2025-11-07,MSFT,2025-12-02,P,223.92,238.21,0.324299,-0.25,3.06,3.12,93,4197
2025-11-07,MSFT,2025-12-02,P,209.62,238.21,0.343267,-0.1,3.24,3.3,422,582
2025-11-07,MSFT,2025-12-09,C,266.79,238.21,0.218029,0.1,2.05,2.11,181,3308
2025-11-07,MSFT,2025-12-09,C,252.5,238.21,0.232255,0.25,2.18,2.24,255,2129
2025-11-07,MSFT,2025-12-09,C,238.21,238.21,0.279677,0.5,2.64,2.69,292,3447
2025-11-07,MSFT,2025-12-09,P,238.21,238.21,0.279677,-0.5,2.64,2.69,230,401
2025-11-07,MSFT,2025-12-09,P,223.92,238.21,0.327099,-0.25,3.09,3.14,489,3851
2025-11-07,MSFT,2025-12-09,P,209.62,238.21,0.346067,-0.1,3.27,3.33,67,68
2025-11-07,MSFT,2026-01-06,C,266.79,238.21,0.229229,0.1,2.16,2.21,434,2329
2025-11-07,MSFT,2026-01-06,C,252.5,238.21,0.243455,0.25,2.3,2.34,171,144
2025-11-07,MSFT,2026-01-06,C,238.21,238.21,0.290877,0.5,2.75,2.8,446,3250
2025-11-07,MSFT,2026-01-06,P,238.21,238.21,0.290877,-0.5,2.75,2.8,384,1855
2025-11-07,MSFT,2026-01-06,P,223.92,238.21,0.338299,-0.25,3.19,3.25,69,2392
2025-11-07,MSFT,2026-01-06,P,209.62,238.21,0.357267,-0.1,3.38,3.43,418,1442
2025-11-10,MSFT,2025-12-05,C,267.34,238.69,0.220433,0.1,2.08,2.13,334,1345
2025-11-10,MSFT,2025-12-05,C,253.01,238.69,0.234527,0.25,2.21,2.27,127,3413
2025-11-10,MSFT,2025-12-05,C,238.69,238.69,0.281505,0.5,2.66,2.71,178,3871
2025-11-10,MSFT,2025-12-05,P,238.69,238.69,0.281505,-0.5,2.66,2.71,192,2426
2025-11-10,MSFT,2025-12-05,P,224.37,238.69,0.328484,-0.25,3.11,3.17,170,901
2025-11-10,MSFT,2025-12-05,P,210.05,238.69,0.347275,-0.1,3.29,3.34,451,719
2025-11-10,MSFT,2025-12-12,C,267.34,238.69,0.223233,0.1,2.1,2.16,83,807
2025-11-10,MSFT,2025-12-12,C,253.01,238.69,0.237327,0.25,2.24,2.29,13,3476
2025-11-10,MSFT,2025-12-12,C,238.69,238.69,0.284305,0.5,2.69,2.74,482,2640
2025-11-10,MSFT,2025-12-12,P,238.69,238.69,0.284305,-0.5,2.68,2.74,252,204
2025-11-10,MSFT,2025-12-12,P,224.37,238.69,0.331284,-0.25,3.14,3.19,428,3036
2025-11-10,MSFT,2025-12-12,P,210.05,238.69,0.350075,-0.1,3.32,3.37,341,4498
2025-11-10,MSFT,2026-01-09,C,267.34,238.69,0.234433,0.1,2.21,2.26,214,1239
2025-11-10,MSFT,2026-01-09,C,253.01,238.69,0.248527,0.25,2.35,2.39,265,544
2025-11-10,MSFT,2026-01-09,C,238.69,238.69,0.295505,0.5,2.79,2.85,73,1259
2025-11-10,MSFT,2026-01-09,P,238.69,238.69,0.295505,-0.5,2.79,2.85,477,609
2025-11-10,MSFT,2026-01-09,P,224.37,238.69,0.342484,-0.25,3.24,3.3,253,4168
2025-11-10,MSFT,2026-01-09,P,210.05,238.69,0.361275,-0.1,3.43,3.47,102,439
2025-11-11,MSFT,2025-12-06,C,267.63,238.95,0.206083,0.1,1.95,1.99,53,1318
2025-11-11,MSFT,2025-12-06,C,253.29,238.95,0.220206,0.25,2.08,2.13,270,4538
2025-11-11,MSFT,2025-12-06,C,238.95,238.95,0.267285,0.5,2.53,2.58,40,4450
2025-11-11,MSFT,2025-12-06,P,238.95,238.95,0.267285,-0.5,2.53,2.58,299,3900
2025-11-11,MSFT,2025-12-06,P,224.62,238.95,0.314363,-0.25,2.98,3.03,348,3928
2025-11-11,MSFT,2025-12-06,P,210.28,238.95,0.333194,-0.1,3.16,3.21,87,2878
2025-11-11,MSFT,2025-12-13,C,267.63,238.95,0.208883,0.1,1.97,2.03,334,2354
2025-11-11,MSFT,2025-12-13,C,253.29,238.95,0.223006,0.25,2.11,2.16,63,2554
2025-11-11,MSFT,2025-12-13,C,238.95,238.95,0.270085,0.5,2.56,2.6,240,1658
2025-11-11,MSFT,2025-12-13,P,238.95,238.95,0.270085,-0.5,2.55,2.61,296,1966
2025-11-11,MSFT,2025-12-13,P,224.62,238.95,0.317163,-0.25,3.0,3.06,55,2839
2025-11-11,MSFT,2025-12-13,P,210.28,238.95,0.335994,-0.1,3.18,3.24,392,3790
2025-11-11,MSFT,2026-01-10,C,267.63,238.95,0.220083,0.1,2.08,2.12,229,1783
2025-11-11,MSFT,2026-01-10,C,253.29,238.95,0.234206,0.25,2.21,2.27,199,815
2025-11-11,MSFT,2026-01-10,C,238.95,238.95,0.281285,0.5,2.66,2.71,127,1595
2025-11-11,MSFT,2026-01-10,P,238.95,238.95,0.281285,-0.5,2.67,2.71,301,4985
2025-11-11,MSFT,2026-01-10,P,224.62,238.95,0.328363,-0.25,3.11,3.17,329,3740
2025-11-11,MSFT,2026-01-10,P,210.28,238.95,0.347194,-0.1,3.3,3.34,353,4942
2025-11-12,MSFT,2025-12-07,C,268.17,239.44,0.203685,0.1,1.92,1.98,159,222
2025-11-12,MSFT,2025-12-07,C,253.8,239.44,0.216044,0.25,2.05,2.09,151,3389
2025-11-12,MSFT,2025-12-07,C,239.44,239.44,0.257238,0.5,2.43,2.49,82,887
2025-11-12,MSFT,2025-12-07,P,239.44,239.44,0.257238,-0.5,2.44,2.49,39,2945
2025-11-12,MSFT,2025-12-07,P,225.07,239.44,0.298432,-0.25,2.83,2.89,243,4000
2025-11-12,MSFT,2025-12-07,P,210.71,239.44,0.31491,-0.1,2.99,3.05,244,3378
2025-11-12,MSFT,2025-12-14,C,268.17,239.44,0.206485,0.1,1.95,2.01,201,2540
2025-11-12,MSFT,2025-12-14,C,253.8,239.44,0.218844,0.25,2.07,2.12,117,3550
2025-11-12,MSFT,2025-12-14,C,239.44,239.44,0.260038,0.5,2.46,2.52,242,2431
2025-11-12,MSFT,2025-12-14,P,239.44,239.44,0.260038,-0.5,2.47,2.51,395,3923
2025-11-12,MSFT,2025-12-14,P,225.07,239.44,0.301232,-0.25,2.86,2.91,253,1827
2025-11-12,MSFT,2025-12-14,P,210.71,239.44,0.31771,-0.1,3.01,3.07,141,1855
2025-11-12,MSFT,2026-01-11,C,268.17,239.44,0.217685,0.1,2.06,2.11,157,840
2025-11-12,MSFT,2026-01-11,C,253.8,239.44,0.230044,0.25,2.18,2.23,302,408
2025-11-12,MSFT,2026-01-11,C,239.44,239.44,0.271238,0.5,2.57,2.62,345,3977
2025-11-12,MSFT,2026-01-11,P,239.44,239.44,0.271238,-0.5,2.57,2.62,241,4467
2025-11-12,MSFT,2026-01-11,P,225.07,239.44,0.312432,-0.25,2.96,3.02,13,2243
2025-11-12,MSFT,2026-01-11,P,210.71,239.44,0.32891,-0.1,3.13,3.17,325,1164
2025-11-13,MSFT,2025-12-08,C,268.88,240.07,0.196917,0.1,1.87,1.92,163,3428
2025-11-13,MSFT,2025-12-08,C,254.48,240.07,0.209429,0.25,1.98,2.04,394,3030
2025-11-13,MSFT,2025-12-08,C,240.07,240.07,0.251135,0.5,2.39,2.43,495,1436
2025-11-13,MSFT,2025-12-08,P,240.07,240.07,0.251135,-0.5,2.39,2.44,495,4123
2025-11-13,MSFT,2025-12-08,P,225.67,240.07,0.292841,-0.25,2.79,2.84,276,3228
2025-11-13,MSFT,2025-12-08,P,211.26,240.07,0.309524,-0.1,2.95,3.0,57,2520
2025-11-13,MSFT,2025-12-15,C,268.88,240.07,0.199717,0.1,1.9,1.94,179,1013
2025-11-13,MSFT,2025-12-15,C,254.48,240.07,0.212229,0.25,2.02,2.06,312,329
2025-11-13,MSFT,2025-12-15,C,240.07,240.07,0.253935,0.5,2.42,2.46,204,3940
2025-11-13,MSFT,2025-12-15,P,240.07,240.07,0.253935,-0.5,2.42,2.46,452,565
2025-11-13,MSFT,2025-12-15,P,225.67,240.07,0.295641,-0.25,2.82,2.86,349,1356
2025-11-13,MSFT,2025-12-15,P,211.26,240.07,0.312324,-0.1,2.98,3.02,335,79
2025-11-13,MSFT,2026-01-12,C,268.88,240.07,0.210917,0.1,2.0,2.05,442,4981
2025-11-13,MSFT,2026-01-12,C,254.48,240.07,0.223429,0.25,2.12,2.17,156,1064
2025-11-13,MSFT,2026-01-12,C,240.07,240.07,0.265135,0.5,2.52,2.57,342,1154
2025-11-13,MSFT,2026-01-12,P,240.07,240.07,0.265135,-0.5,2.52,2.57,122,2009
2025-11-13,MSFT,2026-01-12,P,225.67,240.07,0.306841,-0.25,2.92,2.98,267,4640
2025-11-13,MSFT,2026-01-12,P,211.26,240.07,0.323524,-0.1,3.08,3.13,489,1086
2025-11-14,MSFT,2025-12-09,C,268.51,239.74,0.226113,0.1,2.15,2.19,480,3993
2025-11-14,MSFT,2025-12-09,C,254.13,239.74,0.237864,0.25,2.26,2.3,42,3315
2025-11-14,MSFT,2025-12-09,C,239.74,239.74,0.277033,0.5,2.63,2.68,421,2410
2025-11-14,MSFT,2025-12-09,P,239.74,239.74,0.277033,-0.5,2.63,2.68,490,1830
2025-11-14,MSFT,2025-12-09,P,225.36,239.74,0.316203,-0.25,3.01,3.06,18,2981
2025-11-14,MSFT,2025-12-09,P,210.97,239.74,0.33187,-0.1,3.16,3.2,384,227
2025-11-14,MSFT,2025-12-16,C,268.51,239.74,0.228913,0.1,2.17,2.22,88,2466
2025-11-14,MSFT,2025-12-16,C,254.13,239.74,0.240664,0.25,2.28,2.33,176,2447
2025-11-14,MSFT,2025-12-16,C,239.74,239.74,0.279833,0.5,2.66,2.71,433,3138
2025-11-14,MSFT,2025-12-16,P,239.74,239.74,0.279833,-0.5,2.66,2.7,45,2670
2025-11-14,MSFT,2025-12-16,P,225.36,239.74,0.319003,-0.25,3.03,3.08,422,488
2025-11-14,MSFT,2025-12-16,P,210.97,239.74,0.33467,-0.1,3.18,3.24,323,1186
2025-11-14,MSFT,2026-01-13,C,268.51,239.74,0.240113,0.1,2.28,2.32,89,4017
2025-11-14,MSFT,2026-01-13,C,254.13,239.74,0.251864,0.25,2.39,2.44,346,1211
2025-11-14,MSFT,2026-01-13,C,239.74,239.74,0.291033,0.5,2.76,2.82,96,34
2025-11-14,MSFT,2026-01-13,P,239.74,239.74,0.291033,-0.5,2.76,2.82,45,2329
2025-11-14,MSFT,2026-01-13,P,225.36,239.74,0.330203,-0.25,3.14,3.19,408,1971
2025-11-14,MSFT,2026-01-13,P,210.97,239.74,0.34587,-0.1,3.29,3.34,343,4205
2025-11-17,MSFT,2025-12-12,C,268.62,239.84,0.205636,0.1,1.95,1.99,305,2066
2025-11-17,MSFT,2025-12-12,C,254.23,239.84,0.216894,0.25,2.05,2.11,319,35
2025-11-17,MSFT,2025-12-12,C,239.84,239.84,0.254421,0.5,2.42,2.47,254,1898
2025-11-17,MSFT,2025-12-12,P,239.84,239.84,0.254421,-0.5,2.41,2.47,182,4535
2025-11-17,MSFT,2025-12-12,P,225.45,239.84,0.291949,-0.25,2.78,2.83,16,2777
2025-11-17,MSFT,2025-12-12,P,211.06,239.84,0.30696,-0.1,2.92,2.97,325,601
2025-11-17,MSFT,2025-12-19,C,268.62,239.84,0.208436,0.1,1.97,2.03,212,4427
2025-11-17,MSFT,2025-12-19,C,254.23,239.84,0.219694,0.25,2.08,2.14,322,4738
2025-11-17,MSFT,2025-12-19,C,239.84,239.84,0.257221,0.5,2.44,2.49,177,3265
2025-11-17,MSFT,2025-12-19,P,239.84,239.84,0.257221,-0.5,2.45,2.49,468,4884
2025-11-17,MSFT,2025-12-19,P,225.45,239.84,0.294749,-0.25,2.8,2.85,431,1315
2025-11-17,MSFT,2025-12-19,P,211.06,239.84,0.30976,-0.1,2.94,3.0,402,2936
2025-11-17,MSFT,2026-01-16,C,268.62,239.84,0.219636,0.1,2.08,2.14,337,3852
2025-11-17,MSFT,2026-01-16,C,254.23,239.84,0.230894,0.25,2.19,2.24,239,2737
2025-11-17,MSFT,2026-01-16,C,239.84,239.84,0.268421,0.5,2.55,2.6,123,3789
2025-11-17,MSFT,2026-01-16,P,239.84,239.84,0.268421,-0.5,2.55,2.6,186,279
2025-11-17,MSFT,2026-01-16,P,225.45,239.84,0.305949,-0.25,2.91,2.97,134,4582
2025-11-17,MSFT,2026-01-16,P,211.06,239.84,0.32096,-0.1,3.05,3.11,82,321
2025-11-18,MSFT,2025-12-13,C,270.97,241.94,0.218558,0.1,2.09,2.14,172,456
2025-11-18,MSFT,2025-12-13,C,256.45,241.94,0.228758,0.25,2.19,2.24,12,1713
2025-11-18,MSFT,2025-12-13,C,241.94,241.94,0.262758,0.5,2.51,2.57,113,2595
2025-11-18,MSFT,2025-12-13,P,241.94,241.94,0.262758,-0.5,2.52,2.57,132,2626
2025-11-18,MSFT,2025-12-13,P,227.42,241.94,0.296757,-0.25,2.85,2.89,38,3658
2025-11-18,MSFT,2025-12-13,P,212.9,241.94,0.310357,-0.1,2.98,3.03,39,3007
2025-11-18,MSFT,2025-12-20,C,270.97,241.94,0.221358,0.1,2.12,2.17,289,1478
2025-11-18,MSFT,2025-12-20,C,256.45,241.94,0.231558,0.25,2.22,2.26,240,4735
2025-11-18,MSFT,2025-12-20,C,241.94,241.94,0.265558,0.5,2.55,2.59,418,2484
2025-11-18,MSFT,2025-12-20,P,241.94,241.94,0.265558,-0.5,2.55,2.59,301,4939
2025-11-18,MSFT,2025-12-20,P,227.42,241.94,0.299557,-0.25,2.87,2.93,347,487
2025-11-18,MSFT,2025-12-20,P,212.9,241.94,0.313157,-0.1,3.0,3.06,174,2428
2025-11-18,MSFT,2026-01-17,C,270.97,241.94,0.232558,0.1,2.22,2.28,495,4986
2025-11-18,MSFT,2026-01-17,C,256.45,241.94,0.242758,0.25,2.32,2.38,362,4325
2025-11-18,MSFT,2026-01-17,C,241.94,241.94,0.276758,0.5,2.65,2.7,226,1874
2025-11-18,MSFT,2026-01-17,P,241.94,241.94,0.276758,-0.5,2.65,2.7,9,3749
2025-11-18,MSFT,2026-01-17,P,227.42,241.94,0.310757,-0.25,2.99,3.03,107,2521
2025-11-18,MSFT,2026-01-17,P,212.9,241.94,0.324357,-0.1,3.12,3.16,216,1089
2025-11-19,MSFT,2025-12-14,C,271.16,242.11,0.217195,0.1,2.08,2.12,79,4058
2025-11-19,MSFT,2025-12-14,C,256.63,242.11,0.226334,0.25,2.17,2.22,79,3320
2025-11-19,MSFT,2025-12-14,C,242.11,242.11,0.256797,0.5,2.46,2.52,223,3906
2025-11-19,MSFT,2025-12-14,P,242.11,242.11,0.256797,-0.5,2.46,2.52,237,1313
2025-11-19,MSFT,2025-12-14,P,227.58,242.11,0.287261,-0.25,2.76,2.81,493,3666
2025-11-19,MSFT,2025-12-14,P,213.05,242.11,0.299446,-0.1,2.87,2.93,238,3952
2025-11-19,MSFT,2025-12-21,C,271.16,242.11,0.219995,0.1,2.1,2.16,151,1165
2025-11-19,MSFT,2025-12-21,C,256.63,242.11,0.229134,0.25,2.2,2.24,489,4710
2025-11-19,MSFT,2025-12-21,C,242.11,242.11,0.259597,0.5,2.49,2.54,470,3774
2025-11-19,MSFT,2025-12-21,P,242.11,242.11,0.259597,-0.5,2.49,2.54,163,4623
2025-11-19,MSFT,2025-12-21,P,227.58,242.11,0.290061,-0.25,2.78,2.84,435,1314
2025-11-19,MSFT,2025-12-21,P,213.05,242.11,0.302246,-0.1,2.9,2.96,237,1507
2025-11-19,MSFT,2026-01-18,C,271.16,242.11,0.231195,0.1,2.21,2.26,139,4257
2025-11-19,MSFT,2026-01-18,C,256.63,242.11,0.240334,0.25,2.3,2.35,106,1460
2025-11-19,MSFT,2026-01-18,C,242.11,242.11,0.270797,0.5,2.6,2.65,76,4998
2025-11-19,MSFT,2026-01-18,P,242.11,242.11,0.270797,-0.5,2.6,2.64,158,3508
2025-11-19,MSFT,2026-01-18,P,227.58,242.11,0.301261,-0.25,2.89,2.94,21,2058
2025-11-19,MSFT,2026-01-18,P,213.05,242.11,0.313446,-0.1,3.01,3.06,224,2778
2025-11-20,MSFT,2025-12-15,C,271.22,242.16,0.225568,0.1,2.16,2.21,334,4925
2025-11-20,MSFT,2025-12-15,C,256.69,242.16,0.234103,0.25,2.24,2.3,168,343
2025-11-20,MSFT,2025-12-15,C,242.16,242.16,0.262552,0.5,2.52,2.57,449,3252
2025-11-20,MSFT,2025-12-15,P,242.16,242.16,0.262552,-0.5,2.52,2.56,283,3031
2025-11-20,MSFT,2025-12-15,P,227.63,242.16,0.291001,-0.25,2.79,2.85,168,994
2025-11-20,MSFT,2025-12-15,P,213.1,242.16,0.302381,-0.1,2.9,2.95,268,2717
2025-11-20,MSFT,2025-12-22,C,271.22,242.16,0.228368,0.1,2.19,2.24,407,4381
2025-11-20,MSFT,2025-12-22,C,256.69,242.16,0.236903,0.25,2.27,2.32,140,3860
2025-11-20,MSFT,2025-12-22,C,242.16,242.16,0.265352,0.5,2.54,2.6,331,2245
2025-11-20,MSFT,2025-12-22,P,242.16,242.16,0.265352,-0.5,2.54,2.6,346,776
2025-11-20,MSFT,2025-12-22,P,227.63,242.16,0.293801,-0.25,2.82,2.87,206,2663
2025-11-20,MSFT,2025-12-22,P,213.1,242.16,0.305181,-0.1,2.93,2.98,168,4034
2025-11-20,MSFT,2026-01-19,C,271.22,242.16,0.239568,0.1,2.29,2.35,199,292
2025-11-20,MSFT,2026-01-19,C,256.69,242.16,0.248103,0.25,2.38,2.43,133,4293
2025-11-20,MSFT,2026-01-19,C,242.16,242.16,0.276552,0.5,2.66,2.7,262,3601
2025-11-20,MSFT,2026-01-19,P,242.16,242.16,0.276552,-0.5,2.66,2.7,270,4653
2025-11-20,MSFT,2026-01-19,P,227.63,242.16,0.305001,-0.25,2.93,2.98,352,2462
2025-11-20,MSFT,2026-01-19,P,213.1,242.16,0.316381,-0.1,3.04,3.09,445,1823
2025-11-21,MSFT,2025-12-16,C,271.35,242.28,0.226125,0.1,2.17,2.21,403,819
2025-11-21,MSFT,2025-12-16,C,256.82,242.28,0.235391,0.25,2.26,2.3,413,3180
2025-11-21,MSFT,2025-12-16,C,242.28,242.28,0.266277,0.5,2.55,2.61,194,327
2025-11-21,MSFT,2025-12-16,P,242.28,242.28,0.266277,-0.5,2.55,2.61,192,4099
2025-11-21,MSFT,2025-12-16,P,227.74,242.28,0.297163,-0.25,2.86,2.9,494,724
2025-11-21,MSFT,2025-12-16,P,213.21,242.28,0.309517,-0.1,2.98,3.02,250,582
2025-11-21,MSFT,2025-12-23,C,271.35,242.28,0.228925,0.1,2.19,2.25,268,2525
2025-11-21,MSFT,2025-12-23,C,256.82,242.28,0.238191,0.25,2.28,2.33,402,3627
2025-11-21,MSFT,2025-12-23,C,242.28,242.28,0.269077,0.5,2.58,2.63,177,4358
2025-11-21,MSFT,2025-12-23,P,242.28,242.28,0.269077,-0.5,2.58,2.63,63,1739
2025-11-21,MSFT,2025-12-23,P,227.74,242.28,0.299963,-0.25,2.88,2.93,411,1304
2025-11-21,MSFT,2025-12-23,P,213.21,242.28,0.312317,-0.1,3.0,3.06,462,2183
2025-11-21,MSFT,2026-01-20,C,271.35,242.28,0.240125,0.1,2.3,2.36,407,4890
2025-11-21,MSFT,2026-01-20,C,256.82,242.28,0.249391,0.25,2.39,2.44,395,3652
2025-11-21,MSFT,2026-01-20,C,242.28,242.28,0.280277,0.5,2.69,2.74,83,466
2025-11-21,MSFT,2026-01-20,P,242.28,242.28,0.280277,-0.5,2.69,2.75,136,2288
2025-11-21,MSFT,2026-01-20,P,227.74,242.28,0.311163,-0.25,2.99,3.04,444,3281
2025-11-21,MSFT,2026-01-20,P,213.21,242.28,0.323517,-0.1,3.11,3.16,499,2091
2025-11-24,MSFT,2025-12-19,C,271.06,242.02,0.23296,0.1,2.23,2.28,429,3578
2025-11-24,MSFT,2025-12-19,C,256.54,242.02,0.243563,0.25,2.34,2.38,369,4831
2025-11-24,MSFT,2025-12-19,C,242.02,242.02,0.278908,0.5,2.68,2.72,56,2453
2025-11-24,MSFT,2025-12-19,P,242.02,242.02,0.278908,-0.5,2.68,2.72,370,437
2025-11-24,MSFT,2025-12-19,P,227.5,242.02,0.314252,-0.25,3.02,3.07,115,1730
2025-11-24,MSFT,2025-12-19,P,212.98,242.02,0.32839,-0.1,3.15,3.21,318,2783
2025-11-24,MSFT,2025-12-26,C,271.06,242.02,0.23576,0.1,2.26,2.3,405,2313
2025-11-24,MSFT,2025-12-26,C,256.54,242.02,0.246363,0.25,2.36,2.41,465,1206
2025-11-24,MSFT,2025-12-26,C,242.02,242.02,0.281708,0.5,2.7,2.75,122,69
2025-11-24,MSFT,2025-12-26,P,242.02,242.02,0.281708,-0.5,2.7,2.75,372,2660
2025-11-24,MSFT,2025-12-26,P,227.5,242.02,0.317052,-0.25,3.04,3.09,476,4701
2025-11-24,MSFT,2025-12-26,P,212.98,242.02,0.33119,-0.1,3.18,3.23,181,3760
2025-11-24,MSFT,2026-01-23,C,271.06,242.02,0.24696,0.1,2.37,2.42,312,2150
2025-11-24,MSFT,2026-01-23,C,256.54,242.02,0.257563,0.25,2.47,2.51,180,4110
2025-11-24,MSFT,2026-01-23,C,242.02,242.02,0.292908,0.5,2.81,2.86,266,1611
2025-11-24,MSFT,2026-01-23,P,242.02,242.02,0.292908,-0.5,2.81,2.86,425,3773
2025-11-24,MSFT,2026-01-23,P,227.5,242.02,0.328252,-0.25,3.15,3.2,349,756
2025-11-24,MSFT,2026-01-23,P,212.98,242.02,0.34239,-0.1,3.29,3.34,302,573
2025-11-25,MSFT,2025-12-20,C,270.48,241.5,0.235523,0.1,2.25,2.3,418,4733
2025-11-25,MSFT,2025-12-20,C,255.99,241.5,0.246166,0.25,2.35,2.41,358,2037
2025-11-25,MSFT,2025-12-20,C,241.5,241.5,0.281644,0.5,2.69,2.75,138,457
2025-11-25,MSFT,2025-12-20,P,241.5,241.5,0.281644,-0.5,2.7,2.74,389,1786
2025-11-25,MSFT,2025-12-20,P,227.01,241.5,0.317121,-0.25,3.04,3.09,20,56
2025-11-25,MSFT,2025-12-20,P,212.52,241.5,0.331312,-0.1,3.18,3.23,22,4878
2025-11-25,MSFT,2025-12-27,C,270.48,241.5,0.238323,0.1,2.27,2.33,59,1170
2025-11-25,MSFT,2025-12-27,C,255.99,241.5,0.248966,0.25,2.38,2.43,302,865
2025-11-25,MSFT,2025-12-27,C,241.5,241.5,0.284444,0.5,2.73,2.77,220,4615
2025-11-25,MSFT,2025-12-27,P,241.5,241.5,0.284444,-0.5,2.72,2.78,126,1220
2025-11-25,MSFT,2025-12-27,P,227.01,241.5,0.319921,-0.25,3.07,3.11,156,1925
2025-11-25,MSFT,2025-12-27,P,212.52,241.5,0.334112,-0.1,3.2,3.25,343,455
2025-11-25,MSFT,2026-01-24,C,270.48,241.5,0.249523,0.1,2.39,2.43,17,2129
2025-11-25,MSFT,2026-01-24,C,255.99,241.5,0.260166,0.25,2.49,2.54,82,4226
2025-11-25,MSFT,2026-01-24,C,241.5,241.5,0.295644,0.5,2.83,2.88,111,2686
2025-11-25,MSFT,2026-01-24,P,241.5,241.5,0.295644,-0.5,2.83,2.88,90,4156
2025-11-25,MSFT,2026-01-24,P,227.01,241.5,0.331121,-0.25,3.18,3.22,351,4438
2025-11-25,MSFT,2026-01-24,P,212.52,241.5,0.345312,-0.1,3.32,3.36,345,4617
2025-11-26,MSFT,2025-12-21,C,270.76,241.75,0.205094,0.1,1.96,2.01,279,100
2025-11-26,MSFT,2025-12-21,C,256.25,241.75,0.216609,0.25,2.07,2.12,93,2924
2025-11-26,MSFT,2025-12-21,C,241.75,241.75,0.254993,0.5,2.45,2.49,200,3873
2025-11-26,MSFT,2025-12-21,P,241.75,241.75,0.254993,-0.5,2.44,2.49,93,2704
2025-11-26,MSFT,2025-12-21,P,227.24,241.75,0.293376,-0.25,2.81,2.86,218,3798
2025-11-26,MSFT,2025-12-21,P,212.74,241.75,0.308729,-0.1,2.96,3.01,51,2326
2025-11-26,MSFT,2025-12-28,C,270.76,241.75,0.207894,0.1,1.98,2.04,258,4583
2025-11-26,MSFT,2025-12-28,C,256.25,241.75,0.219409,0.25,2.09,2.15,199,1616
2025-11-26,MSFT,2025-12-28,C,241.75,241.75,0.257793,0.5,2.47,2.52,15,1157
2025-11-26,MSFT,2025-12-28,P,241.75,241.75,0.257793,-0.5,2.47,2.52,474,1236
2025-11-26,MSFT,2025-12-28,P,227.24,241.75,0.296176,-0.25,2.84,2.89,179,3053
2025-11-26,MSFT,2025-12-28,P,212.74,241.75,0.311529,-0.1,2.99,3.04,465,560
2025-11-26,MSFT,2026-01-25,C,270.76,241.75,0.219094,0.1,2.1,2.14,163,3948
2025-11-26,MSFT,2026-01-25,C,256.25,241.75,0.230609,0.25,2.2,2.26,211,4658
2025-11-26,MSFT,2026-01-25,C,241.75,241.75,0.268993,0.5,2.58,2.63,43,1081
2025-11-26,MSFT,2026-01-25,P,241.75,241.75,0.268993,-0.5,2.57,2.63,248,3507
2025-11-26,MSFT,2026-01-25,P,227.24,241.75,0.307376,-0.25,2.95,2.99,417,3471
2025-11-26,MSFT,2026-01-25,P,212.74,241.75,0.322729,-0.1,3.1,3.14,479,1280
2025-11-27,MSFT,2025-12-22,C,270.08,241.14,0.210645,0.1,2.01,2.06,228,3661
2025-11-27,MSFT,2025-12-22,C,255.61,241.14,0.221997,0.25,2.12,2.16,202,3964
2025-11-27,MSFT,2025-12-22,C,241.14,241.14,0.259838,0.5,2.48,2.53,47,2054
2025-11-27,MSFT,2025-12-22,P,241.14,241.14,0.259838,-0.5,2.49,2.53,157,1408
2025-11-27,MSFT,2025-12-22,P,226.67,241.14,0.297678,-0.25,2.85,2.89,135,4794
2025-11-27,MSFT,2025-12-22,P,212.2,241.14,0.312814,-0.1,2.99,3.05,271,401
2025-11-27,MSFT,2025-12-29,C,270.08,241.14,0.213445,0.1,2.03,2.08,139,1341
2025-11-27,MSFT,2025-12-29,C,255.61,241.14,0.224797,0.25,2.15,2.19,464,1618
2025-11-27,MSFT,2025-12-29,C,241.14,241.14,0.262638,0.5,2.51,2.55,440,1121
2025-11-27,MSFT,2025-12-29,P,241.14,241.14,0.262638,-0.5,2.51,2.56,16,2050
2025-11-27,MSFT,2025-12-29,P,226.67,241.14,0.300478,-0.25,2.87,2.92,493,2605
2025-11-27,MSFT,2025-12-29,P,212.2,241.14,0.315614,-0.1,3.02,3.07,73,2496
2025-11-27,MSFT,2026-01-26,C,270.08,241.14,0.224645,0.1,2.14,2.19,383,4822
2025-11-27,MSFT,2026-01-26,C,255.61,241.14,0.235997,0.25,2.26,2.3,137,2933
2025-11-27,MSFT,2026-01-26,C,241.14,241.14,0.273838,0.5,2.62,2.66,205,1883
2025-11-27,MSFT,2026-01-26,P,241.14,241.14,0.273838,-0.5,2.62,2.67,436,3801
2025-11-27,MSFT,2026-01-26,P,226.67,241.14,0.311678,-0.25,2.98,3.04,422,2473
2025-11-27,MSFT,2026-01-26,P,212.2,241.14,0.326814,-0.1,3.13,3.17,104,3959
2025-11-28,MSFT,2025-12-23,C,269.88,240.97,0.233565,0.1,2.23,2.28,279,4235
2025-11-28,MSFT,2025-12-23,C,255.42,240.97,0.24353,0.25,2.32,2.37,145,2789
2025-11-28,MSFT,2025-12-23,C,240.97,240.97,0.276747,0.5,2.65,2.69,348,289
2025-11-28,MSFT,2025-12-23,P,240.97,240.97,0.276747,-0.5,2.64,2.7,499,902
2025-11-28,MSFT,2025-12-23,P,226.51,240.97,0.309963,-0.25,2.96,3.01,100,2528
2025-11-28,MSFT,2025-12-23,P,212.05,240.97,0.323249,-0.1,3.09,3.14,214,495
2025-11-28,MSFT,2025-12-30,C,269.88,240.97,0.236365,0.1,2.26,2.3,466,2472
2025-11-28,MSFT,2025-12-30,C,255.42,240.97,0.24633,0.25,2.35,2.4,442,3992
2025-11-28,MSFT,2025-12-30,C,240.97,240.97,0.279547,0.5,2.67,2.72,154,4702
2025-11-28,MSFT,2025-12-30,P,240.97,240.97,0.279547,-0.5,2.67,2.72,168,1663
2025-11-28,MSFT,2025-12-30,P,226.51,240.97,0.312763,-0.25,2.99,3.04,443,4204
2025-11-28,MSFT,2025-12-30,P,212.05,240.97,0.326049,-0.1,3.12,3.17,444,1982
2025-11-28,MSFT,2026-01-27,C,269.88,240.97,0.247565,0.1,2.36,2.41,240,439
2025-11-28,MSFT,2026-01-27,C,255.42,240.97,0.25753,0.25,2.46,2.51,155,2662
2025-11-28,MSFT,2026-01-27,C,240.97,240.97,0.290747,0.5,2.77,2.83,346,2827
2025-11-28,MSFT,2026-01-27,P,240.97,240.97,0.290747,-0.5,2.78,2.83,136,4810
2025-11-28,MSFT,2026-01-27,P,226.51,240.97,0.323963,-0.25,3.1,3.14,264,3902
2025-11-28,MSFT,2026-01-27,P,212.05,240.97,0.337249,-0.1,3.23,3.27,70,3666
2025-12-01,MSFT,2025-12-26,C,268.82,240.02,0.22219,0.1,2.11,2.16,204,2721
2025-12-01,MSFT,2025-12-26,C,254.42,240.02,0.232343,0.25,2.2,2.26,95,2366
2025-12-01,MSFT,2025-12-26,C,240.02,240.02,0.266186,0.5,2.54,2.58,207,292
2025-12-01,MSFT,2025-12-26,P,240.02,240.02,0.266186,-0.5,2.53,2.58,188,3392
2025-12-01,MSFT,2025-12-26,P,225.62,240.02,0.300029,-0.25,2.86,2.9,437,1221
2025-12-01,MSFT,2025-12-26,P,211.21,240.02,0.313566,-0.1,2.98,3.04,181,1527
2025-12-01,MSFT,2026-01-02,C,268.82,240.02,0.22499,0.1,2.14,2.18,133,2053
2025-12-01,MSFT,2026-01-02,C,254.42,240.02,0.235143,0.25,2.23,2.28,310,4828
2025-12-01,MSFT,2026-01-02,C,240.02,240.02,0.268986,0.5,2.56,2.61,363,1049
2025-12-01,MSFT,2026-01-02,P,240.02,240.02,0.268986,-0.5,2.55,2.61,88,1464
2025-12-01,MSFT,2026-01-02,P,225.62,240.02,0.302829,-0.25,2.88,2.94,177,1633
2025-12-01,MSFT,2026-01-02,P,211.21,240.02,0.316366,-0.1,3.01,3.07,3,4395
2025-12-01,MSFT,2026-01-30,C,268.82,240.02,0.23619,0.1,2.24,2.3,44,206
2025-12-01,MSFT,2026-01-30,C,254.42,240.02,0.246343,0.25,2.34,2.39,249,3609
2025-12-01,MSFT,2026-01-30,C,240.02,240.02,0.280186,0.5,2.67,2.71,439,2455
2025-12-01,MSFT,2026-01-30,P,240.02,240.02,0.280186,-0.5,2.66,2.72,88,4718
2025-12-01,MSFT,2026-01-30,P,225.62,240.02,0.314029,-0.25,2.99,3.04,235,2148
2025-12-01,MSFT,2026-01-30,P,211.21,240.02,0.327566,-0.1,3.12,3.17,155,937
2025-12-02,MSFT,2025-12-27,C,268.96,240.15,0.202341,0.1,1.92,1.97,424,3036
2025-12-02,MSFT,2025-12-27,C,254.55,240.15,0.212897,0.25,2.02,2.07,403,2553
2025-12-02,MSFT,2025-12-27,C,240.15,240.15,0.248085,0.5,2.36,2.41,423,3715
2025-12-02,MSFT,2025-12-27,P,240.15,240.15,0.248085,-0.5,2.36,2.4,329,4893
2025-12-02,MSFT,2025-12-27,P,225.74,240.15,0.283273,-0.25,2.69,2.75,34,4403
2025-12-02,MSFT,2025-12-27,P,211.33,240.15,0.297348,-0.1,2.83,2.89,487,2560
2025-12-02,MSFT,2026-01-03,C,268.96,240.15,0.205141,0.1,1.95,2.0,277,4102
2025-12-02,MSFT,2026-01-03,C,254.55,240.15,0.215697,0.25,2.05,2.09,484,4251
2025-12-02,MSFT,2026-01-03,C,240.15,240.15,0.250885,0.5,2.39,2.43,477,4396
2025-12-02,MSFT,2026-01-03,P,240.15,240.15,0.250885,-0.5,2.38,2.44,210,4217
2025-12-02,MSFT,2026-01-03,P,225.74,240.15,0.286073,-0.25,2.72,2.77,484,3046
2025-12-02,MSFT,2026-01-03,P,211.33,240.15,0.300148,-0.1,2.85,2.91,225,2096
2025-12-02,MSFT,2026-01-31,C,268.96,240.15,0.216341,0.1,2.06,2.1,140,463
2025-12-02,MSFT,2026-01-31,C,254.55,240.15,0.226897,0.25,2.15,2.21,466,3059
2025-12-02,MSFT,2026-01-31,C,240.15,240.15,0.262085,0.5,2.49,2.54,88,195
2025-12-02,MSFT,2026-01-31,P,240.15,240.15,0.262085,-0.5,2.5,2.54,205,4478
2025-12-02,MSFT,2026-01-31,P,225.74,240.15,0.297273,-0.25,2.83,2.88,188,575
2025-12-02,MSFT,2026-01-31,P,211.33,240.15,0.311348,-0.1,2.97,3.01,76,817
2025-12-03,MSFT,2025-12-28,C,269.75,240.85,0.223224,0.1,2.12,2.18,102,3196
2025-12-03,MSFT,2025-12-28,C,255.3,240.85,0.233521,0.25,2.22,2.28,179,4295
2025-12-03,MSFT,2025-12-28,C,240.85,240.85,0.267844,0.5,2.56,2.6,21,1617
2025-12-03,MSFT,2025-12-28,P,240.85,240.85,0.267844,-0.5,2.56,2.6,287,4948
2025-12-03,MSFT,2025-12-28,P,226.4,240.85,0.302167,-0.25,2.89,2.94,86,2739
2025-12-03,MSFT,2025-12-28,P,211.95,240.85,0.315896,-0.1,3.02,3.07,280,898
2025-12-03,MSFT,2026-01-04,C,269.75,240.85,0.226024,0.1,2.15,2.2,240,3210
2025-12-03,MSFT,2026-01-04,C,255.3,240.85,0.236321,0.25,2.25,2.31,23,780
2025-12-03,MSFT,2026-01-04,C,240.85,240.85,0.270644,0.5,2.58,2.63,446,4528
2025-12-03,MSFT,2026-01-04,P,240.85,240.85,0.270644,-0.5,2.58,2.63,341,3072
2025-12-03,MSFT,2026-01-04,P,226.4,240.85,0.304967,-0.25,2.92,2.96,407,944
2025-12-03,MSFT,2026-01-04,P,211.95,240.85,0.318696,-0.1,3.05,3.09,380,1282
2025-12-03,MSFT,2026-02-01,C,269.75,240.85,0.237224,0.1,2.26,2.31,243,3606
2025-12-03,MSFT,2026-02-01,C,255.3,240.85,0.247521,0.25,2.36,2.41,200,863
2025-12-03,MSFT,2026-02-01,C,240.85,240.85,0.281844,0.5,2.69,2.74,384,3845
2025-12-03,MSFT,2026-02-01,P,240.85,240.85,0.281844,-0.5,2.69,2.74,236,736
2025-12-03,MSFT,2026-02-01,P,226.4,240.85,0.316167,-0.25,3.02,3.07,259,940
2025-12-03,MSFT,2026-02-01,P,211.95,240.85,0.329896,-0.1,3.16,3.2,492,1570
2025-12-04,MSFT,2025-12-29,C,269.46,240.59,0.212086,0.1,2.02,2.06,302,2834
2025-12-04,MSFT,2025-12-29,C,255.03,240.59,0.222675,0.25,2.12,2.17,496,2658
2025-12-04,MSFT,2025-12-29,C,240.59,240.59,0.257973,0.5,2.46,2.51,458,96
2025-12-04,MSFT,2025-12-29,P,240.59,240.59,0.257973,-0.5,2.46,2.5,421,2560
2025-12-04,MSFT,2025-12-29,P,226.16,240.59,0.293271,-0.25,2.79,2.85,416,2045
2025-12-04,MSFT,2025-12-29,P,211.72,240.59,0.30739,-0.1,2.93,2.98,489,4910
2025-12-04,MSFT,2026-01-05,C,269.46,240.59,0.214886,0.1,2.04,2.1,349,3852
2025-12-04,MSFT,2026-01-05,C,255.03,240.59,0.225475,0.25,2.14,2.19,76,4490
2025-12-04,MSFT,2026-01-05,C,240.59,240.59,0.260773,0.5,2.48,2.54,65,3286
2025-12-04,MSFT,2026-01-05,P,240.59,240.59,0.260773,-0.5,2.48,2.54,50,2038
2025-12-04,MSFT,2026-01-05,P,226.16,240.59,0.296071,-0.25,2.82,2.88,149,4940
2025-12-04,MSFT,2026-01-05,P,211.72,240.59,0.31019,-0.1,2.96,3.01,88,1118
2025-12-04,MSFT,2026-02-02,C,269.46,240.59,0.226086,0.1,2.15,2.2,363,1617
2025-12-04,MSFT,2026-02-02,C,255.03,240.59,0.236675,0.25,2.25,2.3,408,442
2025-12-04,MSFT,2026-02-02,C,240.59,240.59,0.271973,0.5,2.59,2.65,185,4795
2025-12-04,MSFT,2026-02-02,P,240.59,240.59,0.271973,-0.5,2.6,2.64,202,3660
2025-12-04,MSFT,2026-02-02,P,226.16,240.59,0.307271,-0.25,2.93,2.99,49,556
2025-12-04,MSFT,2026-02-02,P,211.72,240.59,0.32139,-0.1,3.07,3.12,319,1965
2025-12-05,MSFT,2025-12-30,C,266.76,238.18,0.193738,0.1,1.82,1.87,85,693
2025-12-05,MSFT,2025-12-30,C,252.47,238.18,0.204814,0.25,1.93,1.97,206,2342
2025-12-05,MSFT,2025-12-30,C,238.18,238.18,0.241732,0.5,2.28,2.32,48,3158
2025-12-05,MSFT,2025-12-30,P,238.18,238.18,0.241732,-0.5,2.28,2.32,18,3906
2025-12-05,MSFT,2025-12-30,P,223.89,238.18,0.27865,-0.25,2.63,2.68,87,4328
2025-12-05,MSFT,2025-12-30,P,209.6,238.18,0.293417,-0.1,2.77,2.82,58,3016
2025-12-05,MSFT,2026-01-06,C,266.76,238.18,0.196538,0.1,1.84,1.9,294,2583
2025-12-05,MSFT,2026-01-06,C,252.47,238.18,0.207614,0.25,1.96,2.0,183,503
2025-12-05,MSFT,2026-01-06,C,238.18,238.18,0.244532,0.5,2.3,2.36,388,2493
2025-12-05,MSFT,2026-01-06,P,238.18,238.18,0.244532,-0.5,2.3,2.36,308,4170
2025-12-05,MSFT,2026-01-06,P,223.89,238.18,0.28145,-0.25,2.65,2.71,124,4912
2025-12-05,MSFT,2026-01-06,P,209.6,238.18,0.296217,-0.1,2.8,2.85,303,470
2025-12-05,MSFT,2026-02-03,C,266.76,238.18,0.207738,0.1,1.96,2.0,255,4081
2025-12-05,MSFT,2026-02-03,C,252.47,238.18,0.218814,0.25,2.06,2.11,254,4622
2025-12-05,MSFT,2026-02-03,C,238.18,238.18,0.255732,0.5,2.42,2.46,66,1001
2025-12-05,MSFT,2026-02-03,P,238.18,238.18,0.255732,-0.5,2.41,2.46,209,4238
2025-12-05,MSFT,2026-02-03,P,223.89,238.18,0.29265,-0.25,2.76,2.82,3,504
2025-12-05,MSFT,2026-02-03,P,209.6,238.18,0.307417,-0.1,2.91,2.95,80,3235
2025-12-08,MSFT,2026-01-02,C,267.56,238.89,0.200382,0.1,1.89,1.94,467,3005
2025-12-08,MSFT,2026-01-02,C,253.22,238.89,0.210859,0.25,1.99,2.04,277,3738
2025-12-08,MSFT,2026-01-02,C,238.89,238.89,0.245785,0.5,2.33,2.37,216,4999
2025-12-08,MSFT,2026-01-02,P,238.89,238.89,0.245785,-0.5,2.33,2.37,458,3429
2025-12-08,MSFT,2026-01-02,P,224.56,238.89,0.28071,-0.25,2.65,2.71,324,1297
2025-12-08,MSFT,2026-01-02,P,210.22,238.89,0.29468,-0.1,2.79,2.84,115,2984
2025-12-08,MSFT,2026-01-09,C,267.56,238.89,0.203182,0.1,1.92,1.97,275,3605
2025-12-08,MSFT,2026-01-09,C,253.22,238.89,0.213659,0.25,2.02,2.07,221,880
2025-12-08,MSFT,2026-01-09,C,238.89,238.89,0.248585,0.5,2.35,2.4,412,841
2025-12-08,MSFT,2026-01-09,P,238.89,238.89,0.248585,-0.5,2.35,2.4,24,4600
2025-12-08,MSFT,2026-01-09,P,224.56,238.89,0.28351,-0.25,2.68,2.74,50,847
2025-12-08,MSFT,2026-01-09,P,210.22,238.89,0.29748,-0.1,2.82,2.87,275,3013
2025-12-08,MSFT,2026-02-06,C,267.56,238.89,0.214382,0.1,2.03,2.07,377,3657
2025-12-08,MSFT,2026-02-06,C,253.22,238.89,0.224859,0.25,2.12,2.17,36,1337
2025-12-08,MSFT,2026-02-06,C,238.89,238.89,0.259785,0.5,2.46,2.51,93,3458
2025-12-08,MSFT,2026-02-06,P,238.89,238.89,0.259785,-0.5,2.45,2.51,274,1854
2025-12-08,MSFT,2026-02-06,P,224.56,238.89,0.29471,-0.25,2.8,2.84,254,1772
2025-12-08,MSFT,2026-02-06,P,210.22,238.89,0.30868,-0.1,2.92,2.98,142,3801
2025-12-09,MSFT,2026-01-03,C,267.72,239.04,0.216637,0.1,2.04,2.1,64,2651
2025-12-09,MSFT,2026-01-03,C,253.38,239.04,0.226076,0.25,2.13,2.19,351,1317
2025-12-09,MSFT,2026-01-03,C,239.04,239.04,0.257539,0.5,2.44,2.49,272,2701
2025-12-09,MSFT,2026-01-03,P,239.04,239.04,0.257539,-0.5,2.43,2.49,201,3867
2025-12-09,MSFT,2026-01-03,P,224.69,239.04,0.289002,-0.25,2.74,2.79,59,4430
2025-12-09,MSFT,2026-01-03,P,210.35,239.04,0.301587,-0.1,2.85,2.91,416,4741
2025-12-09,MSFT,2026-01-10,C,267.72,239.04,0.219437,0.1,2.07,2.12,405,4937
2025-12-09,MSFT,2026-01-10,C,253.38,239.04,0.228876,0.25,2.16,2.22,383,3269
2025-12-09,MSFT,2026-01-10,C,239.04,239.04,0.260339,0.5,2.46,2.51,250,4213
2025-12-09,MSFT,2026-01-10,P,239.04,239.04,0.260339,-0.5,2.46,2.52,56,2931
2025-12-09,MSFT,2026-01-10,P,224.69,239.04,0.291802,-0.25,2.76,2.82,421,1254
2025-12-09,MSFT,2026-01-10,P,210.35,239.04,0.304387,-0.1,2.88,2.94,450,1612
2025-12-09,MSFT,2026-02-07,C,267.72,239.04,0.230637,0.1,2.18,2.23,221,1701
2025-12-09,MSFT,2026-02-07,C,253.38,239.04,0.240076,0.25,2.27,2.32,87,1890
2025-12-09,MSFT,2026-02-07,C,239.04,239.04,0.271539,0.5,2.58,2.62,181,208
2025-12-09,MSFT,2026-02-07,P,239.04,239.04,0.271539,-0.5,2.57,2.62,13,1561
2025-12-09,MSFT,2026-02-07,P,224.69,239.04,0.303002,-0.25,2.88,2.92,368,416
2025-12-09,MSFT,2026-02-07,P,210.35,239.04,0.315587,-0.1,3.0,3.04,430,250
2025-12-10,MSFT,2026-01-04,C,266.38,237.84,0.240751,0.1,2.26,2.32,21,1976
2025-12-10,MSFT,2026-01-04,C,252.11,237.84,0.250115,0.25,2.35,2.4,261,572
2025-12-10,MSFT,2026-01-04,C,237.84,237.84,0.281331,0.5,2.65,2.7,121,4848
2025-12-10,MSFT,2026-01-04,P,237.84,237.84,0.281331,-0.5,2.66,2.7,446,771
2025-12-10,MSFT,2026-01-04,P,223.57,237.84,0.312546,-0.25,2.95,3.0,132,768
2025-12-10,MSFT,2026-01-04,P,209.3,237.84,0.325032,-0.1,3.07,3.11,480,3355
2025-12-10,MSFT,2026-01-11,C,266.38,237.84,0.243551,0.1,2.29,2.34,272,1096
2025-12-10,MSFT,2026-01-11,C,252.11,237.84,0.252915,0.25,2.38,2.43,264,535
2025-12-10,MSFT,2026-01-11,C,237.84,237.84,0.284131,0.5,2.68,2.73,105,3696
2025-12-10,MSFT,2026-01-11,P,237.84,237.84,0.284131,-0.5,2.68,2.73,37,3004
2025-12-10,MSFT,2026-01-11,P,223.57,237.84,0.315346,-0.25,2.97,3.03,133,3235
2025-12-10,MSFT,2026-01-11,P,209.3,237.84,0.327832,-0.1,3.09,3.15,423,2848
2025-12-10,MSFT,2026-02-08,C,266.38,237.84,0.254751,0.1,2.4,2.45,61,3832
2025-12-10,MSFT,2026-02-08,C,252.11,237.84,0.264115,0.25,2.49,2.54,428,3800
2025-12-10,MSFT,2026-02-08,C,237.84,237.84,0.295331,0.5,2.79,2.83,88,2407
2025-12-10,MSFT,2026-02-08,P,237.84,237.84,0.295331,-0.5,2.78,2.84,213,3142
2025-12-10,MSFT,2026-02-08,P,223.57,237.84,0.326546,-0.25,3.09,3.13,468,2238
2025-12-10,MSFT,2026-02-08,P,209.3,237.84,0.339032,-0.1,3.2,3.25,67,4983
2025-12-11,MSFT,2026-01-05,C,267.42,238.77,0.237862,0.1,2.25,2.29,204,1837
2025-12-11,MSFT,2026-01-05,C,253.1,238.77,0.247162,0.25,2.34,2.39,315,376
2025-12-11,MSFT,2026-01-05,C,238.77,238.77,0.278162,0.5,2.63,2.69,475,2698
2025-12-11,MSFT,2026-01-05,P,238.77,238.77,0.278162,-0.5,2.63,2.68,391,1991
2025-12-11,MSFT,2026-01-05,P,224.45,238.77,0.309162,-0.25,2.93,2.97,303,2599
2025-12-11,MSFT,2026-01-05,P,210.12,238.77,0.321562,-0.1,3.05,3.1,80,1735
2025-12-11,MSFT,2026-01-12,C,267.42,238.77,0.240662,0.1,2.27,2.33,299,2061
2025-12-11,MSFT,2026-01-12,C,253.1,238.77,0.249962,0.25,2.36,2.41,24,4426
2025-12-11,MSFT,2026-01-12,C,238.77,238.77,0.280962,0.5,2.66,2.71,380,1995
2025-12-11,MSFT,2026-01-12,P,238.77,238.77,0.280962,-0.5,2.65,2.71,134,1796
2025-12-11,MSFT,2026-01-12,P,224.45,238.77,0.311962,-0.25,2.96,3.0,133,4006
2025-12-11,MSFT,2026-01-12,P,210.12,238.77,0.324362,-0.1,3.07,3.12,333,4670
2025-12-11,MSFT,2026-02-09,C,267.42,238.77,0.251862,0.1,2.38,2.43,456,2400
2025-12-11,MSFT,2026-02-09,C,253.1,238.77,0.261162,0.25,2.47,2.51,163,994
2025-12-11,MSFT,2026-02-09,C,238.77,238.77,0.292162,0.5,2.76,2.82,262,943
2025-12-11,MSFT,2026-02-09,P,238.77,238.77,0.292162,-0.5,2.77,2.81,22,1423
2025-12-11,MSFT,2026-02-09,P,224.45,238.77,0.323162,-0.25,3.07,3.11,151,2380
2025-12-11,MSFT,2026-02-09,P,210.12,238.77,0.335562,-0.1,3.18,3.23,358,1697
2025-12-12,MSFT,2026-01-06,C,265.54,237.09,0.222013,0.1,2.08,2.13,17,465
2025-12-12,MSFT,2026-01-06,C,251.32,237.09,0.231145,0.25,2.16,2.22,273,4609
2025-12-12,MSFT,2026-01-06,C,237.09,237.09,0.261583,0.5,2.46,2.5,356,2105
2025-12-12,MSFT,2026-01-06,P,237.09,237.09,0.261583,-0.5,2.45,2.51,422,2657
2025-12-12,MSFT,2026-01-06,P,222.87,237.09,0.292022,-0.25,2.75,2.79,326,583
2025-12-12,MSFT,2026-01-06,P,208.64,237.09,0.304197,-0.1,2.86,2.91,238,3906
2025-12-12,MSFT,2026-01-13,C,265.54,237.09,0.224813,0.1,2.11,2.16,130,1505
2025-12-12,MSFT,2026-01-13,C,251.32,237.09,0.233945,0.25,2.2,2.24,186,626
2025-12-12,MSFT,2026-01-13,C,237.09,237.09,0.264383,0.5,2.48,2.53,111,4430
2025-12-12,MSFT,2026-01-13,P,237.09,237.09,0.264383,-0.5,2.48,2.53,349,3865
2025-12-12,MSFT,2026-01-13,P,222.87,237.09,0.294822,-0.25,2.77,2.82,168,2932
2025-12-12,MSFT,2026-01-13,P,208.64,237.09,0.306997,-0.1,2.89,2.94,232,447
2025-12-12,MSFT,2026-02-10,C,265.54,237.09,0.236013,0.1,2.21,2.26,318,4235
2025-12-12,MSFT,2026-02-10,C,251.32,237.09,0.245145,0.25,2.3,2.35,408,2390
2025-12-12,MSFT,2026-02-10,C,237.09,237.09,0.275583,0.5,2.58,2.64,295,3952
2025-12-12,MSFT,2026-02-10,P,237.09,237.09,0.275583,-0.5,2.59,2.64,491,865
2025-12-12,MSFT,2026-02-10,P,222.87,237.09,0.306022,-0.25,2.87,2.93,50,774
2025-12-12,MSFT,2026-02-10,P,208.64,237.09,0.318197,-0.1,2.99,3.04,495,630
2025-12-15,MSFT,2026-01-09,C,266.95,238.35,0.221183,0.1,2.08,2.14,303,4137
2025-12-15,MSFT,2026-01-09,C,252.65,238.35,0.23115,0.25,2.18,2.23,12,4853
2025-12-15,MSFT,2026-01-09,C,238.35,238.35,0.264372,0.5,2.49,2.55,440,3026
2025-12-15,MSFT,2026-01-09,P,238.35,238.35,0.264372,-0.5,2.5,2.54,354,958
2025-12-15,MSFT,2026-01-09,P,224.05,238.35,0.297594,-0.25,2.81,2.86,245,3607
2025-12-15,MSFT,2026-01-09,P,209.75,238.35,0.310883,-0.1,2.94,2.99,188,2425
2025-12-15,MSFT,2026-01-16,C,266.95,238.35,0.223983,0.1,2.11,2.16,21,2199
2025-12-15,MSFT,2026-01-16,C,252.65,238.35,0.23395,0.25,2.21,2.25,409,712
2025-12-15,MSFT,2026-01-16,C,238.35,238.35,0.267172,0.5,2.52,2.57,12,4345
2025-12-15,MSFT,2026-01-16,P,238.35,238.35,0.267172,-0.5,2.52,2.58,399,517
2025-12-15,MSFT,2026-01-16,P,224.05,238.35,0.300394,-0.25,2.84,2.88,151,2469
2025-12-15,MSFT,2026-01-16,P,209.75,238.35,0.313683,-0.1,2.97,3.01,128,4118
2025-12-15,MSFT,2026-02-13,C,266.95,238.35,0.235183,0.1,2.22,2.27,144,4265
2025-12-15,MSFT,2026-02-13,C,252.65,238.35,0.24515,0.25,2.32,2.36,74,4850
2025-12-15,MSFT,2026-02-13,C,238.35,238.35,0.278372,0.5,2.63,2.68,39,3662
2025-12-15,MSFT,2026-02-13,P,238.35,238.35,0.278372,-0.5,2.62,2.68,243,2356
2025-12-15,MSFT,2026-02-13,P,224.05,238.35,0.311594,-0.25,2.95,2.99,372,2489
2025-12-15,MSFT,2026-02-13,P,209.75,238.35,0.324883,-0.1,3.07,3.13,132,4299
2025-12-16,MSFT,2026-01-10,C,266.87,238.28,0.18168,0.1,1.7,1.76,93,1242
2025-12-16,MSFT,2026-01-10,C,252.58,238.28,0.19301,0.25,1.82,1.86,226,2935
2025-12-16,MSFT,2026-01-10,C,238.28,238.28,0.230774,0.5,2.18,2.22,205,813
2025-12-16,MSFT,2026-01-10,P,238.28,238.28,0.230774,-0.5,2.17,2.23,316,2665
2025-12-16,MSFT,2026-01-10,P,223.98,238.28,0.268539,-0.25,2.53,2.58,423,954
2025-12-16,MSFT,2026-01-10,P,209.69,238.28,0.283645,-0.1,2.68,2.73,53,3466
2025-12-16,MSFT,2026-01-17,C,266.87,238.28,0.18448,0.1,1.73,1.79,11,894
2025-12-16,MSFT,2026-01-17,C,252.58,238.28,0.19581,0.25,1.84,1.89,470,3942
2025-12-16,MSFT,2026-01-17,C,238.28,238.28,0.233574,0.5,2.2,2.25,158,2912
2025-12-16,MSFT,2026-01-17,P,238.28,238.28,0.233574,-0.5,2.2,2.25,442,3857
2025-12-16,MSFT,2026-01-17,P,223.98,238.28,0.271339,-0.25,2.56,2.61,396,1117
2025-12-16,MSFT,2026-01-17,P,209.69,238.28,0.286445,-0.1,2.71,2.75,64,2294
2025-12-16,MSFT,2026-02-14,C,266.87,238.28,0.19568,0.1,1.84,1.89,231,4488
2025-12-16,MSFT,2026-02-14,C,252.58,238.28,0.20701,0.25,1.95,2.0,369,1431
2025-12-16,MSFT,2026-02-14,C,238.28,238.28,0.244774,0.5,2.3,2.36,188,1217
2025-12-16,MSFT,2026-02-14,P,238.28,238.28,0.244774,-0.5,2.31,2.35,142,4250
2025-12-16,MSFT,2026-02-14,P,223.98,238.28,0.282539,-0.25,2.66,2.72,476,3413
2025-12-16,MSFT,2026-02-14,P,209.69,238.28,0.297645,-0.1,2.81,2.86,478,2723
2025-12-17,MSFT,2026-01-11,C,263.82,235.56,0.219037,0.1,2.03,2.09,208,521
2025-12-17,MSFT,2026-01-11,C,249.69,235.56,0.230095,0.25,2.14,2.2,420,3090
2025-12-17,MSFT,2026-01-11,C,235.56,235.56,0.266954,0.5,2.49,2.54,312,551
2025-12-17,MSFT,2026-01-11,P,235.56,235.56,0.266954,-0.5,2.49,2.54,297,4743
2025-12-17,MSFT,2026-01-11,P,221.42,235.56,0.303814,-0.25,2.84,2.89,21,3580
2025-12-17,MSFT,2026-01-11,P,207.29,235.56,0.318557,-0.1,2.98,3.02,273,3967
2025-12-17,MSFT,2026-01-18,C,263.82,235.56,0.221837,0.1,2.07,2.12,65,4618
2025-12-17,MSFT,2026-01-18,C,249.69,235.56,0.232895,0.25,2.17,2.22,498,3946
2025-12-17,MSFT,2026-01-18,C,235.56,235.56,0.269754,0.5,2.52,2.57,149,2607
2025-12-17,MSFT,2026-01-18,P,235.56,235.56,0.269754,-0.5,2.51,2.57,475,2483
2025-12-17,MSFT,2026-01-18,P,221.42,235.56,0.306614,-0.25,2.86,2.92,273,190
2025-12-17,MSFT,2026-01-18,P,207.29,235.56,0.321357,-0.1,3.0,3.05,415,4559
2025-12-17,MSFT,2026-02-15,C,263.82,235.56,0.233037,0.1,2.17,2.22,413,2430
2025-12-17,MSFT,2026-02-15,C,249.69,235.56,0.244095,0.25,2.28,2.32,338,4054
2025-12-17,MSFT,2026-02-15,C,235.56,235.56,0.280954,0.5,2.62,2.67,60,4686
2025-12-17,MSFT,2026-02-15,P,235.56,235.56,0.280954,-0.5,2.62,2.67,102,381
2025-12-17,MSFT,2026-02-15,P,221.42,235.56,0.317814,-0.25,2.97,3.02,162,2029
2025-12-17,MSFT,2026-02-15,P,207.29,235.56,0.332557,-0.1,3.11,3.16,369,1611
2025-12-18,MSFT,2026-01-12,C,264.06,235.77,0.238329,0.1,2.22,2.27,196,4959
2025-12-18,MSFT,2026-01-12,C,249.92,235.77,0.249954,0.25,2.33,2.38,298,2075
2025-12-18,MSFT,2026-01-12,C,235.77,235.77,0.288705,0.5,2.7,2.74,26,2157
2025-12-18,MSFT,2026-01-12,P,235.77,235.77,0.288705,-0.5,2.7,2.74,404,12
2025-12-18,MSFT,2026-01-12,P,221.62,235.77,0.327455,-0.25,3.06,3.11,80,3732
2025-12-18,MSFT,2026-01-12,P,207.48,235.77,0.342956,-0.1,3.21,3.26,279,2594
2025-12-18,MSFT,2026-01-19,C,264.06,235.77,0.241129,0.1,2.25,2.3,327,2638
2025-12-18,MSFT,2026-01-19,C,249.92,235.77,0.252754,0.25,2.36,2.41,90,4020
2025-12-18,MSFT,2026-01-19,C,235.77,235.77,0.291505,0.5,2.72,2.78,425,1070
2025-12-18,MSFT,2026-01-19,P,235.77,235.77,0.291505,-0.5,2.72,2.77,492,4156
2025-12-18,MSFT,2026-01-19,P,221.62,235.77,0.330255,-0.25,3.09,3.14,348,2719
2025-12-18,MSFT,2026-01-19,P,207.48,235.77,0.345756,-0.1,3.24,3.29,385,3825
2025-12-18,MSFT,2026-02-16,C,264.06,235.77,0.252329,0.1,2.35,2.41,116,2135
2025-12-18,MSFT,2026-02-16,C,249.92,235.77,0.263954,0.25,2.47,2.51,249,4173
2025-12-18,MSFT,2026-02-16,C,235.77,235.77,0.302705,0.5,2.83,2.88,81,733
2025-12-18,MSFT,2026-02-16,P,235.77,235.77,0.302705,-0.5,2.83,2.88,6,2770
2025-12-18,MSFT,2026-02-16,P,221.62,235.77,0.341455,-0.25,3.19,3.25,52,3905
2025-12-18,MSFT,2026-02-16,P,207.48,235.77,0.356956,-0.1,3.34,3.39,236,1091
2025-12-19,MSFT,2026-01-13,C,263.52,235.28,0.216661,0.1,2.02,2.06,174,2495
2025-12-19,MSFT,2026-01-13,C,249.4,235.28,0.229019,0.25,2.13,2.18,327,1703
2025-12-19,MSFT,2026-01-13,C,235.28,235.28,0.27021,0.5,2.52,2.57,417,286
2025-12-19,MSFT,2026-01-13,P,235.28,235.28,0.27021,-0.5,2.52,2.57,79,3233
2025-12-19,MSFT,2026-01-13,P,221.17,235.28,0.311402,-0.25,2.91,2.96,297,4363
2025-12-19,MSFT,2026-01-13,P,207.05,235.28,0.327879,-0.1,3.06,3.11,173,4005
2025-12-19,MSFT,2026-01-20,C,263.52,235.28,0.219461,0.1,2.04,2.09,12,4952
2025-12-19,MSFT,2026-01-20,C,249.4,235.28,0.231819,0.25,2.16,2.2,203,2770
2025-12-19,MSFT,2026-01-20,C,235.28,235.28,0.27301,0.5,2.55,2.59,44,2045
2025-12-19,MSFT,2026-01-20,P,235.28,235.28,0.27301,-0.5,2.55,2.59,286,977
2025-12-19,MSFT,2026-01-20,P,221.17,235.28,0.314202,-0.25,2.94,2.98,102,49
2025-12-19,MSFT,2026-01-20,P,207.05,235.28,0.330679,-0.1,3.08,3.14,86,2272
2025-12-19,MSFT,2026-02-17,C,263.52,235.28,0.230661,0.1,2.15,2.19,19,4695
2025-12-19,MSFT,2026-02-17,C,249.4,235.28,0.243019,0.25,2.26,2.31,148,1328
2025-12-19,MSFT,2026-02-17,C,235.28,235.28,0.28421,0.5,2.65,2.7,51,2451
2025-12-19,MSFT,2026-02-17,P,235.28,235.28,0.28421,-0.5,2.65,2.7,268,4288
2025-12-19,MSFT,2026-02-17,P,221.17,235.28,0.325402,-0.25,3.04,3.09,443,4893
2025-12-19,MSFT,2026-02-17,P,207.05,235.28,0.341879,-0.1,3.19,3.24,54,4942
2025-12-22,MSFT,2026-01-16,C,262.77,234.61,0.214849,0.1,1.99,2.04,391,3692
2025-12-22,MSFT,2026-01-16,C,248.69,234.61,0.227749,0.25,2.11,2.16,379,131
2025-12-22,MSFT,2026-01-16,C,234.61,234.61,0.270748,0.5,2.52,2.56,281,1146
2025-12-22,MSFT,2026-01-16,P,234.61,234.61,0.270748,-0.5,2.52,2.56,431,4527
2025-12-22,MSFT,2026-01-16,P,220.54,234.61,0.313748,-0.25,2.92,2.97,182,724
2025-12-22,MSFT,2026-01-16,P,206.46,234.61,0.330948,-0.1,3.08,3.13,141,1223
2025-12-22,MSFT,2026-01-23,C,262.77,234.61,0.217649,0.1,2.01,2.07,161,4589
2025-12-22,MSFT,2026-01-23,C,248.69,234.61,0.230549,0.25,2.14,2.19,32,2088
2025-12-22,MSFT,2026-01-23,C,234.61,234.61,0.273548,0.5,2.54,2.6,453,3288
2025-12-22,MSFT,2026-01-23,P,234.61,234.61,0.273548,-0.5,2.54,2.6,323,1794
2025-12-22,MSFT,2026-01-23,P,220.54,234.61,0.316548,-0.25,2.95,2.99,284,3459
2025-12-22,MSFT,2026-01-23,P,206.46,234.61,0.333748,-0.1,3.11,3.15,144,4201
2025-12-22,MSFT,2026-02-20,C,262.77,234.61,0.228849,0.1,2.12,2.18,386,1531
2025-12-22,MSFT,2026-02-20,C,248.69,234.61,0.241749,0.25,2.24,2.29,14,3997
2025-12-22,MSFT,2026-02-20,C,234.61,234.61,0.284748,0.5,2.64,2.7,389,1767
2025-12-22,MSFT,2026-02-20,P,234.61,234.61,0.284748,-0.5,2.64,2.7,224,980
2025-12-22,MSFT,2026-02-20,P,220.54,234.61,0.327748,-0.25,3.05,3.1,344,3434
2025-12-22,MSFT,2026-02-20,P,206.46,234.61,0.344948,-0.1,3.22,3.26,474,3701
2025-12-23,MSFT,2026-01-17,C,261.78,233.73,0.213624,0.1,1.97,2.02,484,1730
2025-12-23,MSFT,2026-01-17,C,247.75,233.73,0.227301,0.25,2.1,2.15,426,4134
2025-12-23,MSFT,2026-01-17,C,233.73,233.73,0.27289,0.5,2.53,2.57,459,1047
2025-12-23,MSFT,2026-01-17,P,233.73,233.73,0.27289,-0.5,2.52,2.58,457,3107
2025-12-23,MSFT,2026-01-17,P,219.71,233.73,0.31848,-0.25,2.95,3.0,433,4399
2025-12-23,MSFT,2026-01-17,P,205.68,233.73,0.336715,-0.1,3.13,3.17,407,4054
2025-12-23,MSFT,2026-01-24,C,261.78,233.73,0.216424,0.1,2.0,2.05,253,222
2025-12-23,MSFT,2026-01-24,C,247.75,233.73,0.230101,0.25,2.12,2.18,106,3892
2025-12-23,MSFT,2026-01-24,C,233.73,233.73,0.27569,0.5,2.56,2.6,283,4619
2025-12-23,MSFT,2026-01-24,P,233.73,233.73,0.27569,-0.5,2.55,2.61,493,4004
2025-12-23,MSFT,2026-01-24,P,219.71,233.73,0.32128,-0.25,2.98,3.02,411,940
2025-12-23,MSFT,2026-01-24,P,205.68,233.73,0.339515,-0.1,3.15,3.2,18,4569
2025-12-23,MSFT,2026-02-21,C,261.78,233.73,0.227624,0.1,2.11,2.15,186,2309
2025-12-23,MSFT,2026-02-21,C,247.75,233.73,0.241301,0.25,2.23,2.28,95,2395
2025-12-23,MSFT,2026-02-21,C,233.73,233.73,0.28689,0.5,2.66,2.71,449,102
2025-12-23,MSFT,2026-02-21,P,233.73,233.73,0.28689,-0.5,2.66,2.71,15,3202
2025-12-23,MSFT,2026-02-21,P,219.71,233.73,0.33248,-0.25,3.08,3.13,303,4478
2025-12-23,MSFT,2026-02-21,P,205.68,233.73,0.350715,-0.1,3.26,3.3,348,266
2025-12-24,MSFT,2026-01-18,C,261.61,233.58,0.173901,0.1,1.6,1.65,57,1340
2025-12-24,MSFT,2026-01-18,C,247.59,233.58,0.187262,0.25,1.72,1.78,416,1276
2025-12-24,MSFT,2026-01-18,C,233.58,233.58,0.231799,0.5,2.14,2.19,478,4056
2025-12-24,MSFT,2026-01-18,P,233.58,233.58,0.231799,-0.5,2.14,2.19,89,2685
2025-12-24,MSFT,2026-01-18,P,219.56,233.58,0.276337,-0.25,2.56,2.6,218,1783
2025-12-24,MSFT,2026-01-18,P,205.55,233.58,0.294152,-0.1,2.73,2.77,484,2559
2025-12-24,MSFT,2026-01-25,C,261.61,233.58,0.176701,0.1,1.62,1.68,295,1968
2025-12-24,MSFT,2026-01-25,C,247.59,233.58,0.190062,0.25,1.75,1.8,464,3801
2025-12-24,MSFT,2026-01-25,C,233.58,233.58,0.234599,0.5,2.17,2.21,55,987
2025-12-24,MSFT,2026-01-25,P,233.58,233.58,0.234599,-0.5,2.16,2.22,288,194
2025-12-24,MSFT,2026-01-25,P,219.56,233.58,0.279137,-0.25,2.59,2.63,323,71
2025-12-24,MSFT,2026-01-25,P,205.55,233.58,0.296952,-0.1,2.75,2.8,454,3004
2025-12-24,MSFT,2026-02-22,C,261.61,233.58,0.187901,0.1,1.73,1.78,317,2077
2025-12-24,MSFT,2026-02-22,C,247.59,233.58,0.201262,0.25,1.86,1.91,484,977
2025-12-24,MSFT,2026-02-22,C,233.58,233.58,0.245799,0.5,2.27,2.32,359,4904
2025-12-24,MSFT,2026-02-22,P,233.58,233.58,0.245799,-0.5,2.27,2.32,77,1878
2025-12-24,MSFT,2026-02-22,P,219.56,233.58,0.290337,-0.25,2.68,2.74,391,973
2025-12-24,MSFT,2026-02-22,P,205.55,233.58,0.308152,-0.1,2.86,2.9,365,4700
2025-12-25,MSFT,2026-01-19,C,260.95,232.99,0.183909,0.1,1.69,1.74,421,2736
2025-12-25,MSFT,2026-01-19,C,246.97,232.99,0.197805,0.25,1.82,1.87,265,2989
2025-12-25,MSFT,2026-01-19,C,232.99,232.99,0.244125,0.5,2.25,2.3,194,3608
2025-12-25,MSFT,2026-01-19,P,232.99,232.99,0.244125,-0.5,2.25,2.3,285,4741
2025-12-25,MSFT,2026-01-19,P,219.01,232.99,0.290446,-0.25,2.68,2.73,292,96
2025-12-25,MSFT,2026-01-19,P,205.04,232.99,0.308974,-0.1,2.85,2.91,29,1022
2025-12-25,MSFT,2026-01-26,C,260.95,232.99,0.186709,0.1,1.71,1.77,229,1153
2025-12-25,MSFT,2026-01-26,C,246.97,232.99,0.200605,0.25,1.85,1.89,273,905
2025-12-25,MSFT,2026-01-26,C,232.99,232.99,0.246925,0.5,2.28,2.33,28,691
2025-12-25,MSFT,2026-01-26,P,232.99,232.99,0.246925,-0.5,2.28,2.32,187,1002
2025-12-25,MSFT,2026-01-26,P,219.01,232.99,0.293246,-0.25,2.7,2.76,121,3649
2025-12-25,MSFT,2026-01-26,P,205.04,232.99,0.311774,-0.1,2.88,2.93,398,423
2025-12-25,MSFT,2026-02-23,C,260.95,232.99,0.197909,0.1,1.82,1.86,162,1141
2025-12-25,MSFT,2026-02-23,C,246.97,232.99,0.211805,0.25,1.95,2.0,376,2005
2025-12-25,MSFT,2026-02-23,C,232.99,232.99,0.258125,0.5,2.38,2.44,249,3963
2025-12-25,MSFT,2026-02-23,P,232.99,232.99,0.258125,-0.5,2.38,2.43,128,803
2025-12-25,MSFT,2026-02-23,P,219.01,232.99,0.304446,-0.25,2.82,2.86,411,699
2025-12-25,MSFT,2026-02-23,P,205.04,232.99,0.322974,-0.1,2.98,3.04,41,392
2025-12-26,MSFT,2026-01-20,C,258.46,230.77,0.21246,0.1,1.94,1.98,43,3350
2025-12-26,MSFT,2026-01-20,C,244.61,230.77,0.227834,0.25,2.08,2.12,341,4848
2025-12-26,MSFT,2026-01-20,C,230.77,230.77,0.279081,0.5,2.55,2.6,422,1689
2025-12-26,MSFT,2026-01-20,P,230.77,230.77,0.279081,-0.5,2.55,2.6,363,2594
2025-12-26,MSFT,2026-01-20,P,216.92,230.77,0.330328,-0.25,3.02,3.07,148,2436
2025-12-26,MSFT,2026-01-20,P,203.07,230.77,0.350826,-0.1,3.21,3.26,39,1616
2025-12-26,MSFT,2026-01-27,C,258.46,230.77,0.21526,0.1,1.97,2.01,148,3362
2025-12-26,MSFT,2026-01-27,C,244.61,230.77,0.230634,0.25,2.1,2.16,356,3347
2025-12-26,MSFT,2026-01-27,C,230.77,230.77,0.281881,0.5,2.57,2.63,57,2370
2025-12-26,MSFT,2026-01-27,P,230.77,230.77,0.281881,-0.5,2.57,2.63,267,2225
2025-12-26,MSFT,2026-01-27,P,216.92,230.77,0.333128,-0.25,3.05,3.1,253,3168
2025-12-26,MSFT,2026-01-27,P,203.07,230.77,0.353626,-0.1,3.24,3.29,484,1094
2025-12-26,MSFT,2026-02-24,C,258.46,230.77,0.22646,0.1,2.07,2.12,147,352
2025-12-26,MSFT,2026-02-24,C,244.61,230.77,0.241834,0.25,2.21,2.25,439,3969
2025-12-26,MSFT,2026-02-24,C,230.77,230.77,0.293081,0.5,2.68,2.73,474,142
2025-12-26,MSFT,2026-02-24,P,230.77,230.77,0.293081,-0.5,2.68,2.73,70,4598
2025-12-26,MSFT,2026-02-24,P,216.92,230.77,0.344328,-0.25,3.15,3.21,392,3209
2025-12-26,MSFT,2026-02-24,P,203.07,230.77,0.364826,-0.1,3.35,3.39,59,1846
2025-12-29,MSFT,2026-01-23,C,260.17,232.29,0.203372,0.1,1.86,1.92,317,2690
2025-12-29,MSFT,2026-01-23,C,246.23,232.29,0.219274,0.25,2.01,2.07,367,1808
2025-12-29,MSFT,2026-01-23,C,232.29,232.29,0.272278,0.5,2.5,2.56,69,2151
2025-12-29,MSFT,2026-01-23,P,232.29,232.29,0.272278,-0.5,2.51,2.55,415,2450
2025-12-29,MSFT,2026-01-23,P,218.36,232.29,0.325282,-0.25,3.0,3.05,140,4471
2025-12-29,MSFT,2026-01-23,P,204.42,232.29,0.346484,-0.1,3.19,3.24,329,4651
2025-12-29,MSFT,2026-01-30,C,260.17,232.29,0.206172,0.1,1.89,1.94,116,1629
2025-12-29,MSFT,2026-01-30,C,246.23,232.29,0.222074,0.25,2.04,2.09,215,115
2025-12-29,MSFT,2026-01-30,C,232.29,232.29,0.275078,0.5,2.53,2.58,215,405
2025-12-29,MSFT,2026-01-30,P,232.29,232.29,0.275078,-0.5,2.53,2.58,297,1259
2025-12-29,MSFT,2026-01-30,P,218.36,232.29,0.328082,-0.25,3.02,3.08,88,4663
2025-12-29,MSFT,2026-01-30,P,204.42,232.29,0.349284,-0.1,3.22,3.27,41,1606
2025-12-29,MSFT,2026-02-27,C,260.17,232.29,0.217372,0.1,2.0,2.04,46,1242
2025-12-29,MSFT,2026-02-27,C,246.23,232.29,0.233274,0.25,2.14,2.2,221,602
2025-12-29,MSFT,2026-02-27,C,232.29,232.29,0.286278,0.5,2.63,2.69,459,4070
2025-12-29,MSFT,2026-02-27,P,232.29,232.29,0.286278,-0.5,2.63,2.69,312,3872
2025-12-29,MSFT,2026-02-27,P,218.36,232.29,0.339282,-0.25,3.13,3.18,320,1486
2025-12-29,MSFT,2026-02-27,P,204.42,232.29,0.360484,-0.1,3.33,3.37,244,916
2025-12-30,MSFT,2026-01-24,C,259.84,232.0,0.220051,0.1,2.02,2.07,227,4430
2025-12-30,MSFT,2026-01-24,C,245.92,232.0,0.235404,0.25,2.16,2.21,233,787
2025-12-30,MSFT,2026-01-24,C,232.0,232.0,0.28658,0.5,2.64,2.68,318,2059
2025-12-30,MSFT,2026-01-24,P,232.0,232.0,0.28658,-0.5,2.64,2.68,400,3450
2025-12-30,MSFT,2026-01-24,P,218.08,232.0,0.337756,-0.25,3.11,3.16,493,3609
2025-12-30,MSFT,2026-01-24,P,204.16,232.0,0.358227,-0.1,3.3,3.35,189,4217
2025-12-30,MSFT,2026-01-31,C,259.84,232.0,0.222851,0.1,2.04,2.09,321,4968
2025-12-30,MSFT,2026-01-31,C,245.92,232.0,0.238204,0.25,2.18,2.24,18,3614
2025-12-30,MSFT,2026-01-31,C,232.0,232.0,0.28938,0.5,2.66,2.71,138,4164
2025-12-30,MSFT,2026-01-31,P,232.0,232.0,0.28938,-0.5,2.66,2.71,96,2100
2025-12-30,MSFT,2026-01-31,P,218.08,232.0,0.340556,-0.25,3.14,3.18,392,1663
2025-12-30,MSFT,2026-01-31,P,204.16,232.0,0.361027,-0.1,3.33,3.37,342,1004
2025-12-30,MSFT,2026-02-28,C,259.84,232.0,0.234051,0.1,2.14,2.2,47,3264
2025-12-30,MSFT,2026-02-28,C,245.92,232.0,0.249404,0.25,2.29,2.34,357,4107
2025-12-30,MSFT,2026-02-28,C,232.0,232.0,0.30058,0.5,2.77,2.81,497,3933
2025-12-30,MSFT,2026-02-28,P,232.0,232.0,0.30058,-0.5,2.76,2.82,271,1438
2025-12-30,MSFT,2026-02-28,P,218.08,232.0,0.351756,-0.25,3.23,3.29,44,4643
2025-12-30,MSFT,2026-02-28,P,204.16,232.0,0.372227,-0.1,3.43,3.48,153,4198
2025-12-31,MSFT,2026-01-25,C,258.86,231.12,0.17912,0.1,1.63,1.69,79,3124
2025-12-31,MSFT,2026-01-25,C,244.99,231.12,0.194855,0.25,1.78,1.82,23,4088
2025-12-31,MSFT,2026-01-25,C,231.12,231.12,0.247304,0.5,2.26,2.31,117,307
2025-12-31,MSFT,2026-01-25,P,231.12,231.12,0.247304,-0.5,2.26,2.31,448,3943
2025-12-31,MSFT,2026-01-25,P,217.25,231.12,0.299752,-0.25,2.75,2.8,191,3658
2025-12-31,MSFT,2026-01-25,P,203.39,231.12,0.320732,-0.1,2.94,2.99,480,1597
2025-12-31,MSFT,2026-02-01,C,258.86,231.12,0.18192,0.1,1.66,1.71,200,1160
2025-12-31,MSFT,2026-02-01,C,244.99,231.12,0.197655,0.25,1.8,1.85,306,4660
2025-12-31,MSFT,2026-02-01,C,231.12,231.12,0.250104,0.5,2.28,2.34,246,2794
2025-12-31,MSFT,2026-02-01,P,231.12,231.12,0.250104,-0.5,2.29,2.34,336,4436
2025-12-31,MSFT,2026-02-01,P,217.25,231.12,0.302552,-0.25,2.77,2.83,259,450
2025-12-31,MSFT,2026-02-01,P,203.39,231.12,0.323532,-0.1,2.97,3.02,206,962
2025-12-31,MSFT,2026-03-01,C,258.86,231.12,0.19312,0.1,1.76,1.81,134,1469
2025-12-31,MSFT,2026-03-01,C,244.99,231.12,0.208855,0.25,1.9,1.96,495,3973
2025-12-31,MSFT,2026-03-01,C,231.12,231.12,0.261304,0.5,2.39,2.44,279,2120
2025-12-31,MSFT,2026-03-01,P,231.12,231.12,0.261304,-0.5,2.39,2.44,21,774
2025-12-31,MSFT,2026-03-01,P,217.25,231.12,0.313752,-0.25,2.88,2.92,283,521
2025-12-31,MSFT,2026-03-01,P,203.39,231.12,0.334732,-0.1,3.06,3.12,229,646
2026-01-01,MSFT,2026-01-26,C,257.34,229.77,0.18703,0.1,1.7,1.74,421,2690
2026-01-01,MSFT,2026-01-26,C,243.55,229.77,0.203624,0.25,1.84,1.9,331,4681
2026-01-01,MSFT,2026-01-26,C,229.77,229.77,0.258937,0.5,2.36,2.4,139,4557
2026-01-01,MSFT,2026-01-26,P,229.77,229.77,0.258937,-0.5,2.36,2.4,105,4025
2026-01-01,MSFT,2026-01-26,P,215.98,229.77,0.314251,-0.25,2.87,2.91,183,2680
2026-01-01,MSFT,2026-01-26,P,202.2,229.77,0.336376,-0.1,3.06,3.12,379,4196
2026-01-01,MSFT,2026-02-02,C,257.34,229.77,0.18983,0.1,1.72,1.77,183,1501
2026-01-01,MSFT,2026-02-02,C,243.55,229.77,0.206424,0.25,1.87,1.93,324,1624
2026-01-01,MSFT,2026-02-02,C,229.77,229.77,0.261737,0.5,2.38,2.43,133,17
2026-01-01,MSFT,2026-02-02,P,229.77,229.77,0.261737,-0.5,2.38,2.43,376,601
2026-01-01,MSFT,2026-02-02,P,215.98,229.77,0.317051,-0.25,2.89,2.94,50,732
2026-01-01,MSFT,2026-02-02,P,202.2,229.77,0.339176,-0.1,3.09,3.14,10,641
2026-01-01,MSFT,2026-03-02,C,257.34,229.77,0.20103,0.1,1.82,1.87,49,1434
2026-01-01,MSFT,2026-03-02,C,243.55,229.77,0.217624,0.25,1.98,2.02,129,3205
2026-01-01,MSFT,2026-03-02,C,229.77,229.77,0.272937,0.5,2.48,2.54,122,4958
2026-01-01,MSFT,2026-03-02,P,229.77,229.77,0.272937,-0.5,2.48,2.53,151,4732
2026-01-01,MSFT,2026-03-02,P,215.98,229.77,0.328251,-0.25,2.99,3.04,24,4533
2026-01-01,MSFT,2026-03-02,P,202.2,229.77,0.350376,-0.1,3.2,3.24,401,175
2026-01-02,MSFT,2026-01-27,C,258.38,230.69,0.168329,0.1,1.53,1.58,65,698
2026-01-02,MSFT,2026-01-27,C,244.53,230.69,0.185093,0.25,1.69,1.73,57,2931
2026-01-02,MSFT,2026-01-27,C,230.69,230.69,0.240972,0.5,2.19,2.25,82,2839
2026-01-02,MSFT,2026-01-27,P,230.69,230.69,0.240972,-0.5,2.2,2.25,15,946
2026-01-02,MSFT,2026-01-27,P,216.85,230.69,0.296851,-0.25,2.71,2.77,101,288
2026-01-02,MSFT,2026-01-27,P,203.01,230.69,0.319203,-0.1,2.92,2.97,82,2274
2026-01-02,MSFT,2026-02-03,C,258.38,230.69,0.171129,0.1,1.56,1.6,490,3322
2026-01-02,MSFT,2026-02-03,C,244.53,230.69,0.187893,0.25,1.71,1.76,174,1067
2026-01-02,MSFT,2026-02-03,C,230.69,230.69,0.243772,0.5,2.23,2.27,324,380
2026-01-02,MSFT,2026-02-03,P,230.69,230.69,0.243772,-0.5,2.23,2.27,33,4527
2026-01-02,MSFT,2026-02-03,P,216.85,230.69,0.299651,-0.25,2.74,2.79,164,700
2026-01-02,MSFT,2026-02-03,P,203.01,230.69,0.322003,-0.1,2.95,2.99,157,4089
2026-01-02,MSFT,2026-03-03,C,258.38,230.69,0.182329,0.1,1.65,1.71,348,4637
2026-01-02,MSFT,2026-03-03,C,244.53,230.69,0.199093,0.25,1.82,1.86,206,2616
2026-01-02,MSFT,2026-03-03,C,230.69,230.69,0.254972,0.5,2.33,2.37,56,3980
2026-01-02,MSFT,2026-03-03,P,230.69,230.69,0.254972,-0.5,2.33,2.38,111,3482
2026-01-02,MSFT,2026-03-03,P,216.85,230.69,0.310851,-0.25,2.85,2.89,27,3891
2026-01-02,MSFT,2026-03-03,P,203.01,230.69,0.333203,-0.1,3.05,3.1,353,4215
2026-01-05,MSFT,2026-01-30,C,256.63,229.13,0.192952,0.1,1.74,1.8,385,679
2026-01-05,MSFT,2026-01-30,C,242.88,229.13,0.209185,0.25,1.89,1.94,448,3898
2026-01-05,MSFT,2026-01-30,C,229.13,229.13,0.263298,0.5,2.39,2.44,34,1229
2026-01-05,MSFT,2026-01-30,P,229.13,229.13,0.263298,-0.5,2.39,2.44,303,1489
2026-01-05,MSFT,2026-01-30,P,215.39,229.13,0.31741,-0.25,2.88,2.94,98,232
2026-01-05,MSFT,2026-01-30,P,201.64,229.13,0.339055,-0.1,3.09,3.13,80,1445
2026-01-05,MSFT,2026-02-06,C,256.63,229.13,0.195752,0.1,1.77,1.82,27,893
2026-01-05,MSFT,2026-02-06,C,242.88,229.13,0.211985,0.25,1.92,1.97,222,128
2026-01-05,MSFT,2026-02-06,C,229.13,229.13,0.266098,0.5,2.41,2.47,404,3789
2026-01-05,MSFT,2026-02-06,P,229.13,229.13,0.266098,-0.5,2.41,2.46,15,4296
2026-01-05,MSFT,2026-02-06,P,215.39,229.13,0.32021,-0.25,2.91,2.96,141,2855
2026-01-05,MSFT,2026-02-06,P,201.64,229.13,0.341855,-0.1,3.11,3.16,9,3318
2026-01-05,MSFT,2026-03-06,C,256.63,229.13,0.206952,0.1,1.88,1.92,25,2629
2026-01-05,MSFT,2026-03-06,C,242.88,229.13,0.223185,0.25,2.02,2.07,299,2231
2026-01-05,MSFT,2026-03-06,C,229.13,229.13,0.277298,0.5,2.52,2.57,323,785
2026-01-05,MSFT,2026-03-06,P,229.13,229.13,0.277298,-0.5,2.52,2.56,299,4068
2026-01-05,MSFT,2026-03-06,P,215.39,229.13,0.33141,-0.25,3.01,3.06,170,486
2026-01-05,MSFT,2026-03-06,P,201.64,229.13,0.353055,-0.1,3.21,3.26,401,4676
2026-01-06,MSFT,2026-01-31,C,256.81,229.29,0.198385,0.1,1.79,1.85,125,4203
2026-01-06,MSFT,2026-01-31,C,243.05,229.29,0.215674,0.25,1.95,2.0,460,4057
2026-01-06,MSFT,2026-01-31,C,229.29,229.29,0.273303,0.5,2.48,2.53,472,4322
2026-01-06,MSFT,2026-01-31,P,229.29,229.29,0.273303,-0.5,2.48,2.53,214,1331
2026-01-06,MSFT,2026-01-31,P,215.54,229.29,0.330932,-0.25,3.01,3.06,65,535
2026-01-06,MSFT,2026-01-31,P,201.78,229.29,0.353984,-0.1,3.22,3.27,471,4859
2026-01-06,MSFT,2026-02-07,C,256.81,229.29,0.201185,0.1,1.82,1.87,230,3879
2026-01-06,MSFT,2026-02-07,C,243.05,229.29,0.218474,0.25,1.98,2.03,5,4518
2026-01-06,MSFT,2026-02-07,C,229.29,229.29,0.276103,0.5,2.51,2.56,88,1299
2026-01-06,MSFT,2026-02-07,P,229.29,229.29,0.276103,-0.5,2.51,2.56,274,2027
2026-01-06,MSFT,2026-02-07,P,215.54,229.29,0.333732,-0.25,3.04,3.08,221,1119
2026-01-06,MSFT,2026-02-07,P,201.78,229.29,0.356784,-0.1,3.25,3.3,150,876
2026-01-06,MSFT,2026-03-07,C,256.81,229.29,0.212385,0.1,1.93,1.97,434,4582
2026-01-06,MSFT,2026-03-07,C,243.05,229.29,0.229674,0.25,2.08,2.13,327,4139
2026-01-06,MSFT,2026-03-07,C,229.29,229.29,0.287303,0.5,2.61,2.66,104,4909
2026-01-06,MSFT,2026-03-07,P,229.29,229.29,0.287303,-0.5,2.61,2.66,419,4534
2026-01-06,MSFT,2026-03-07,P,215.54,229.29,0.344932,-0.25,3.14,3.19,371,3176
2026-01-06,MSFT,2026-03-07,P,201.78,229.29,0.367984,-0.1,3.35,3.4,466,2165
2026-01-07,MSFT,2026-02-01,C,256.03,228.59,0.18783,0.1,1.7,1.74,84,192
2026-01-07,MSFT,2026-02-01,C,242.31,228.59,0.204063,0.25,1.84,1.89,161,558
2026-01-07,MSFT,2026-02-01,C,228.59,228.59,0.258172,0.5,2.33,2.39,273,1005
2026-01-07,MSFT,2026-02-01,P,228.59,228.59,0.258172,-0.5,2.34,2.38,123,1474
2026-01-07,MSFT,2026-02-01,P,214.88,228.59,0.312281,-0.25,2.83,2.88,376,4135
2026-01-07,MSFT,2026-02-01,P,201.16,228.59,0.333924,-0.1,3.02,3.08,481,1118
2026-01-07,MSFT,2026-02-08,C,256.03,228.59,0.19063,0.1,1.72,1.77,342,4186
2026-01-07,MSFT,2026-02-08,C,242.31,228.59,0.206863,0.25,1.87,1.91,257,593
2026-01-07,MSFT,2026-02-08,C,228.59,228.59,0.260972,0.5,2.36,2.41,310,3952
2026-01-07,MSFT,2026-02-08,P,228.59,228.59,0.260972,-0.5,2.36,2.41,280,356
2026-01-07,MSFT,2026-02-08,P,214.88,228.59,0.315081,-0.25,2.85,2.91,469,4695
2026-01-07,MSFT,2026-02-08,P,201.16,228.59,0.336724,-0.1,3.05,3.11,115,3412
2026-01-07,MSFT,2026-03-08,C,256.03,228.59,0.20183,0.1,1.82,1.87,187,3222
2026-01-07,MSFT,2026-03-08,C,242.31,228.59,0.218063,0.25,1.97,2.02,26,2322
2026-01-07,MSFT,2026-03-08,C,228.59,228.59,0.272172,0.5,2.47,2.51,402,4164
2026-01-07,MSFT,2026-03-08,P,228.59,228.59,0.272172,-0.5,2.46,2.52,430,1454
2026-01-07,MSFT,2026-03-08,P,214.88,228.59,0.326281,-0.25,2.96,3.01,10,4084
2026-01-07,MSFT,2026-03-08,P,201.16,228.59,0.347924,-0.1,3.16,3.2,157,3843
2026-01-08,MSFT,2026-02-02,C,255.32,227.96,0.180148,0.1,1.62,1.67,64,4994
2026-01-08,MSFT,2026-02-02,C,241.64,227.96,0.19666,0.25,1.76,1.82,33,4379
2026-01-08,MSFT,2026-02-02,C,227.96,227.96,0.251702,0.5,2.27,2.32,180,2311
2026-01-08,MSFT,2026-02-02,P,227.96,227.96,0.251702,-0.5,2.27,2.32,311,1612
2026-01-08,MSFT,2026-02-02,P,214.29,227.96,0.306744,-0.25,2.77,2.82,344,2703
2026-01-08,MSFT,2026-02-02,P,200.61,227.96,0.328761,-0.1,2.97,3.02,174,2065
2026-01-08,MSFT,2026-02-09,C,255.32,227.96,0.182948,0.1,1.64,1.69,118,1658
2026-01-08,MSFT,2026-02-09,C,241.64,227.96,0.19946,0.25,1.8,1.84,379,2198
2026-01-08,MSFT,2026-02-09,C,227.96,227.96,0.254502,0.5,2.3,2.34,104,4508
2026-01-08,MSFT,2026-02-09,P,227.96,227.96,0.254502,-0.5,2.3,2.34,451,4188
2026-01-08,MSFT,2026-02-09,P,214.29,227.96,0.309544,-0.25,2.8,2.85,89,4267
2026-01-08,MSFT,2026-02-09,P,200.61,227.96,0.331561,-0.1,3.0,3.05,125,4605
2026-01-08,MSFT,2026-03-09,C,255.32,227.96,0.194148,0.1,1.74,1.8,180,3508
2026-01-08,MSFT,2026-03-09,C,241.64,227.96,0.21066,0.25,1.9,1.94,291,2749
2026-01-08,MSFT,2026-03-09,C,227.96,227.96,0.265702,0.5,2.4,2.45,334,4430
2026-01-08,MSFT,2026-03-09,P,227.96,227.96,0.265702,-0.5,2.39,2.45,386,1577
2026-01-08,MSFT,2026-03-09,P,214.29,227.96,0.320744,-0.25,2.9,2.95,471,1698
2026-01-08,MSFT,2026-03-09,P,200.61,227.96,0.342761,-0.1,3.1,3.15,316,3073
2026-01-09,MSFT,2026-02-03,C,253.84,226.64,0.18814,0.1,1.68,1.73,139,1237
2026-01-09,MSFT,2026-02-03,C,240.24,226.64,0.204537,0.25,1.83,1.88,253,3450
2026-01-09,MSFT,2026-02-03,C,226.64,226.64,0.259196,0.5,2.33,2.37,122,2114
2026-01-09,MSFT,2026-02-03,P,226.64,226.64,0.259196,-0.5,2.33,2.37,344,2991
2026-01-09,MSFT,2026-02-03,P,213.04,226.64,0.313854,-0.25,2.82,2.87,181,597
2026-01-09,MSFT,2026-02-03,P,199.44,226.64,0.335717,-0.1,3.02,3.06,36,2378
2026-01-09,MSFT,2026-02-10,C,253.84,226.64,0.19094,0.1,1.71,1.75,419,1391
2026-01-09,MSFT,2026-02-10,C,240.24,226.64,0.207337,0.25,1.85,1.91,93,2057
2026-01-09,MSFT,2026-02-10,C,226.64,226.64,0.261996,0.5,2.35,2.4,324,2150
2026-01-09,MSFT,2026-02-10,P,226.64,226.64,0.261996,-0.5,2.35,2.4,300,1995
2026-01-09,MSFT,2026-02-10,P,213.04,226.64,0.316654,-0.25,2.85,2.89,393,2361
2026-01-09,MSFT,2026-02-10,P,199.44,226.64,0.338517,-0.1,3.04,3.1,265,4764
2026-01-09,MSFT,2026-03-10,C,253.84,226.64,0.20214,0.1,1.81,1.85,211,2663
2026-01-09,MSFT,2026-03-10,C,240.24,226.64,0.218537,0.25,1.95,2.01,469,437
2026-01-09,MSFT,2026-03-10,C,226.64,226.64,0.273196,0.5,2.45,2.5,251,1387
2026-01-09,MSFT,2026-03-10,P,226.64,226.64,0.273196,-0.5,2.45,2.51,130,2767
2026-01-09,MSFT,2026-03-10,P,213.04,226.64,0.327854,-0.25,2.95,2.99,6,3698
2026-01-09,MSFT,2026-03-10,P,199.44,226.64,0.349717,-0.1,3.15,3.19,298,3604
2026-01-12,MSFT,2026-02-06,C,253.0,225.9,0.181356,0.1,1.61,1.66,366,1362
2026-01-12,MSFT,2026-02-06,C,239.45,225.9,0.196763,0.25,1.75,1.8,360,2644
2026-01-12,MSFT,2026-02-06,C,225.9,225.9,0.248122,0.5,2.22,2.27,477,3173
2026-01-12,MSFT,2026-02-06,P,225.9,225.9,0.248122,-0.5,2.22,2.27,85,3793
2026-01-12,MSFT,2026-02-06,P,212.34,225.9,0.29948,-0.25,2.68,2.73,123,3484
2026-01-12,MSFT,2026-02-06,P,198.79,225.9,0.320024,-0.1,2.87,2.91,152,2352
2026-01-12,MSFT,2026-02-13,C,253.0,225.9,0.184156,0.1,1.64,1.69,5,4085
2026-01-12,MSFT,2026-02-13,C,239.45,225.9,0.199563,0.25,1.78,1.83,29,4331
2026-01-12,MSFT,2026-02-13,C,225.9,225.9,0.250922,0.5,2.24,2.29,376,3744
2026-01-12,MSFT,2026-02-13,P,225.9,225.9,0.250922,-0.5,2.24,2.3,477,840
2026-01-12,MSFT,2026-02-13,P,212.34,225.9,0.30228,-0.25,2.71,2.75,34,536
2026-01-12,MSFT,2026-02-13,P,198.79,225.9,0.322824,-0.1,2.89,2.94,18,2114
2026-01-12,MSFT,2026-03-13,C,253.0,225.9,0.195356,0.1,1.74,1.79,28,2646
2026-01-12,MSFT,2026-03-13,C,239.45,225.9,0.210763,0.25,1.88,1.93,466,4280
2026-01-12,MSFT,2026-03-13,C,225.9,225.9,0.262122,0.5,2.34,2.4,455,4428
2026-01-12,MSFT,2026-03-13,P,225.9,225.9,0.262122,-0.5,2.34,2.39,153,4186
2026-01-12,MSFT,2026-03-13,P,212.34,225.9,0.31348,-0.25,2.81,2.86,190,4263
2026-01-12,MSFT,2026-03-13,P,198.79,225.9,0.334024,-0.1,2.99,3.05,248,3435
2026-01-13,MSFT,2026-02-07,C,253.01,225.91,0.194411,0.1,1.73,1.78,320,1632
2026-01-13,MSFT,2026-02-07,C,239.46,225.91,0.210655,0.25,1.88,1.92,108,245
2026-01-13,MSFT,2026-02-07,C,225.91,225.91,0.264802,0.5,2.37,2.42,18,222
2026-01-13,MSFT,2026-02-07,P,225.91,225.91,0.264802,-0.5,2.36,2.42,139,3253
2026-01-13,MSFT,2026-02-07,P,212.35,225.91,0.318948,-0.25,2.85,2.91,357,2227
2026-01-13,MSFT,2026-02-07,P,198.8,225.91,0.340607,-0.1,3.06,3.1,498,1458
2026-01-13,MSFT,2026-02-14,C,253.01,225.91,0.197211,0.1,1.75,1.81,281,618
2026-01-13,MSFT,2026-02-14,C,239.46,225.91,0.213455,0.25,1.9,1.96,432,1136
2026-01-13,MSFT,2026-02-14,C,225.91,225.91,0.267602,0.5,2.39,2.44,185,25
2026-01-13,MSFT,2026-02-14,P,225.91,225.91,0.267602,-0.5,2.39,2.44,483,650
2026-01-13,MSFT,2026-02-14,P,212.35,225.91,0.321748,-0.25,2.88,2.94,20,497
2026-01-13,MSFT,2026-02-14,P,198.8,225.91,0.343407,-0.1,3.08,3.13,154,83
2026-01-13,MSFT,2026-03-14,C,253.01,225.91,0.208411,0.1,1.85,1.91,492,3210
2026-01-13,MSFT,2026-03-14,C,239.46,225.91,0.224655,0.25,2.0,2.06,347,2599
2026-01-13,MSFT,2026-03-14,C,225.91,225.91,0.278802,0.5,2.49,2.55,439,729
2026-01-13,MSFT,2026-03-14,P,225.91,225.91,0.278802,-0.5,2.49,2.55,24,4037
2026-01-13,MSFT,2026-03-14,P,212.35,225.91,0.332948,-0.25,2.99,3.03,399,672
2026-01-13,MSFT,2026-03-14,P,198.8,225.91,0.354607,-0.1,3.18,3.23,340,460
2026-01-14,MSFT,2026-02-08,C,253.33,226.19,0.181641,0.1,1.62,1.67,138,794
2026-01-14,MSFT,2026-02-08,C,239.76,226.19,0.198048,0.25,1.76,1.82,492,2480
2026-01-14,MSFT,2026-02-08,C,226.19,226.19,0.25274,0.5,2.26,2.31,263,2376
2026-01-14,MSFT,2026-02-08,P,226.19,226.19,0.25274,-0.5,2.26,2.31,320,2467
2026-01-14,MSFT,2026-02-08,P,212.62,226.19,0.307432,-0.25,2.75,2.81,232,1986
2026-01-14,MSFT,2026-02-08,P,199.05,226.19,0.329309,-0.1,2.95,3.01,116,4171
2026-01-14,MSFT,2026-02-15,C,253.33,226.19,0.184441,0.1,1.64,1.69,391,1138
2026-01-14,MSFT,2026-02-15,C,239.76,226.19,0.200848,0.25,1.8,1.84,396,2958
2026-01-14,MSFT,2026-02-15,C,226.19,226.19,0.25554,0.5,2.28,2.34,156,3845
2026-01-14,MSFT,2026-02-15,P,226.19,226.19,0.25554,-0.5,2.29,2.34,397,27
2026-01-14,MSFT,2026-02-15,P,212.62,226.19,0.310232,-0.25,2.78,2.83,261,3027
2026-01-14,MSFT,2026-02-15,P,199.05,226.19,0.332109,-0.1,2.97,3.03,483,3825
2026-01-14,MSFT,2026-03-15,C,253.33,226.19,0.195641,0.1,1.75,1.79,409,3383
2026-01-14,MSFT,2026-03-15,C,239.76,226.19,0.212048,0.25,1.89,1.94,357,1693
2026-01-14,MSFT,2026-03-15,C,226.19,226.19,0.26674,0.5,2.39,2.44,400,1029
2026-01-14,MSFT,2026-03-15,P,226.19,226.19,0.26674,-0.5,2.39,2.43,337,3667
2026-01-14,MSFT,2026-03-15,P,212.62,226.19,0.321432,-0.25,2.88,2.93,285,3781
2026-01-14,MSFT,2026-03-15,P,199.05,226.19,0.343309,-0.1,3.08,3.13,93,4050
2026-01-15,MSFT,2026-02-09,C,252.28,225.25,0.161603,0.1,1.43,1.48,418,2152
2026-01-15,MSFT,2026-02-09,C,238.76,225.25,0.17704,0.25,1.57,1.62,2,2032
2026-01-15,MSFT,2026-02-09,C,225.25,225.25,0.228499,0.5,2.03,2.09,343,2453
2026-01-15,MSFT,2026-02-09,P,225.25,225.25,0.228499,-0.5,2.04,2.08,71,3148
2026-01-15,MSFT,2026-02-09,P,211.73,225.25,0.279957,-0.25,2.5,2.55,228,1327
2026-01-15,MSFT,2026-02-09,P,198.22,225.25,0.30054,-0.1,2.68,2.73,335,808
2026-01-15,MSFT,2026-02-16,C,252.28,225.25,0.164403,0.1,1.45,1.51,35,3219
2026-01-15,MSFT,2026-02-16,C,238.76,225.25,0.17984,0.25,1.6,1.64,384,3825
2026-01-15,MSFT,2026-02-16,C,225.25,225.25,0.231299,0.5,2.06,2.11,353,3615
2026-01-15,MSFT,2026-02-16,P,225.25,225.25,0.231299,-0.5,2.06,2.11,372,311
2026-01-15,MSFT,2026-02-16,P,211.73,225.25,0.282757,-0.25,2.53,2.57,204,3846
2026-01-15,MSFT,2026-02-16,P,198.22,225.25,0.30334,-0.1,2.71,2.76,130,3771
2026-01-15,MSFT,2026-03-16,C,252.28,225.25,0.175603,0.1,1.56,1.6,117,4027
2026-01-15,MSFT,2026-03-16,C,238.76,225.25,0.19104,0.25,1.7,1.75,8,3471
2026-01-15,MSFT,2026-03-16,C,225.25,225.25,0.242499,0.5,2.16,2.21,238,3849
2026-01-15,MSFT,2026-03-16,P,225.25,225.25,0.242499,-0.5,2.16,2.21,261,1275
2026-01-15,MSFT,2026-03-16,P,211.73,225.25,0.293957,-0.25,2.62,2.68,230,3028
2026-01-15,MSFT,2026-03-16,P,198.22,225.25,0.31454,-0.1,2.81,2.86,300,1478
2026-01-16,MSFT,2026-02-10,C,252.15,225.14,0.208608,0.1,1.86,1.9,15,248
2026-01-16,MSFT,2026-02-10,C,238.64,225.14,0.22442,0.25,1.99,2.05,340,2948
2026-01-16,MSFT,2026-02-10,C,225.14,225.14,0.277129,0.5,2.47,2.52,258,3020
2026-01-16,MSFT,2026-02-10,P,225.14,225.14,0.277129,-0.5,2.47,2.52,347,3852
2026-01-16,MSFT,2026-02-10,P,211.63,225.14,0.329837,-0.25,2.95,2.99,427,1566
2026-01-16,MSFT,2026-02-10,P,198.12,225.14,0.35092,-0.1,3.13,3.19,246,4720
2026-01-16,MSFT,2026-02-17,C,252.15,225.14,0.211408,0.1,1.88,1.93,96,4876
2026-01-16,MSFT,2026-02-17,C,238.64,225.14,0.22722,0.25,2.02,2.07,232,2429
2026-01-16,MSFT,2026-02-17,C,225.14,225.14,0.279929,0.5,2.5,2.55,271,655
2026-01-16,MSFT,2026-02-17,P,225.14,225.14,0.279929,-0.5,2.49,2.55,420,271
2026-01-16,MSFT,2026-02-17,P,211.63,225.14,0.332637,-0.25,2.97,3.02,440,1196
2026-01-16,MSFT,2026-02-17,P,198.12,225.14,0.35372,-0.1,3.16,3.21,48,1822
2026-01-16,MSFT,2026-03-17,C,252.15,225.14,0.222608,0.1,1.98,2.03,462,1883
2026-01-16,MSFT,2026-03-17,C,238.64,225.14,0.23842,0.25,2.13,2.17,285,1769
2026-01-16,MSFT,2026-03-17,C,225.14,225.14,0.291129,0.5,2.59,2.65,108,3109
2026-01-16,MSFT,2026-03-17,P,225.14,225.14,0.291129,-0.5,2.6,2.65,231,4104
2026-01-16,MSFT,2026-03-17,P,211.63,225.14,0.343837,-0.25,3.08,3.12,97,4134
2026-01-16,MSFT,2026-03-17,P,198.12,225.14,0.36492,-0.1,3.27,3.31,200,4352
2026-01-19,MSFT,2026-02-13,C,253.35,226.2,0.194504,0.1,1.73,1.79,386,107
2026-01-19,MSFT,2026-02-13,C,239.77,226.2,0.209911,0.25,1.87,1.92,232,4145
2026-01-19,MSFT,2026-02-13,C,226.2,226.2,0.261267,0.5,2.34,2.39,49,1806
2026-01-19,MSFT,2026-02-13,P,226.2,226.2,0.261267,-0.5,2.34,2.39,117,412
2026-01-19,MSFT,2026-02-13,P,212.63,226.2,0.312623,-0.25,2.8,2.85,71,148
2026-01-19,MSFT,2026-02-13,P,199.06,226.2,0.333165,-0.1,2.99,3.04,315,1958
2026-01-19,MSFT,2026-02-20,C,253.35,226.2,0.197304,0.1,1.76,1.81,361,96
2026-01-19,MSFT,2026-02-20,C,239.77,226.2,0.212711,0.25,1.9,1.95,234,2786
2026-01-19,MSFT,2026-02-20,C,226.2,226.2,0.264067,0.5,2.36,2.42,374,3898
2026-01-19,MSFT,2026-02-20,P,226.2,226.2,0.264067,-0.5,2.36,2.42,392,2071
2026-01-19,MSFT,2026-02-20,P,212.63,226.2,0.315423,-0.25,2.83,2.88,287,1270
2026-01-19,MSFT,2026-02-20,P,199.06,226.2,0.335965,-0.1,3.01,3.07,282,1035
2026-01-19,MSFT,2026-03-20,C,253.35,226.2,0.208504,0.1,1.86,1.92,363,2552
2026-01-19,MSFT,2026-03-20,C,239.77,226.2,0.223911,0.25,2.0,2.05,31,3201
2026-01-19,MSFT,2026-03-20,C,226.2,226.2,0.275267,0.5,2.47,2.51,387,2175
2026-01-19,MSFT,2026-03-20,P,226.2,226.2,0.275267,-0.5,2.46,2.52,62,3841
2026-01-19,MSFT,2026-03-20,P,212.63,226.2,0.326623,-0.25,2.93,2.98,22,2358
2026-01-19,MSFT,2026-03-20,P,199.06,226.2,0.347165,-0.1,3.12,3.17,276,66
2026-01-20,MSFT,2026-02-14,C,251.11,224.21,0.221796,0.1,1.96,2.01,180,36
2026-01-20,MSFT,2026-02-14,C,237.66,224.21,0.235711,0.25,2.09,2.14,392,72
2026-01-20,MSFT,2026-02-14,C,224.21,224.21,0.282096,0.5,2.51,2.55,446,29
2026-01-20,MSFT,2026-02-14,P,224.21,224.21,0.282096,-0.5,2.51,2.55,82,2387
2026-01-20,MSFT,2026-02-14,P,210.75,224.21,0.328481,-0.25,2.92,2.97,187,1004
2026-01-20,MSFT,2026-02-14,P,197.3,224.21,0.347034,-0.1,3.09,3.14,419,4072
2026-01-20,MSFT,2026-02-21,C,251.11,224.21,0.224596,0.1,1.99,2.04,475,1569
2026-01-20,MSFT,2026-02-21,C,237.66,224.21,0.238511,0.25,2.11,2.16,483,1176
2026-01-20,MSFT,2026-02-21,C,224.21,224.21,0.284896,0.5,2.53,2.58,193,2267
2026-01-20,MSFT,2026-02-21,P,224.21,224.21,0.284896,-0.5,2.53,2.58,137,4092
2026-01-20,MSFT,2026-02-21,P,210.75,224.21,0.331281,-0.25,2.94,3.0,9,2020
2026-01-20,MSFT,2026-02-21,P,197.3,224.21,0.349834,-0.1,3.11,3.16,385,4784
2026-01-20,MSFT,2026-03-21,C,251.11,224.21,0.235796,0.1,2.09,2.14,256,4965
2026-01-20,MSFT,2026-03-21,C,237.66,224.21,0.249711,0.25,2.21,2.27,82,1328
2026-01-20,MSFT,2026-03-21,C,224.21,224.21,0.296096,0.5,2.63,2.68,483,803
2026-01-20,MSFT,2026-03-21,P,224.21,224.21,0.296096,-0.5,2.63,2.68,264,1541
2026-01-20,MSFT,2026-03-21,P,210.75,224.21,0.342481,-0.25,3.04,3.1,335,2705
2026-01-20,MSFT,2026-03-21,P,197.3,224.21,0.361034,-0.1,3.21,3.27,377,3756
2026-01-21,MSFT,2026-02-15,C,251.1,224.2,0.212439,0.1,1.88,1.93,168,2605
2026-01-21,MSFT,2026-02-15,C,237.65,224.2,0.225809,0.25,2.0,2.05,337,3572
2026-01-21,MSFT,2026-02-15,C,224.2,224.2,0.270375,0.5,2.4,2.45,217,4043
2026-01-21,MSFT,2026-02-15,P,224.2,224.2,0.270375,-0.5,2.4,2.45,360,287
2026-01-21,MSFT,2026-02-15,P,210.75,224.2,0.314941,-0.25,2.8,2.85,343,2637
2026-01-21,MSFT,2026-02-15,P,197.3,224.2,0.332767,-0.1,2.96,3.01,485,1966
2026-01-21,MSFT,2026-02-22,C,251.1,224.2,0.215239,0.1,1.9,1.96,199,1662
2026-01-21,MSFT,2026-02-22,C,237.65,224.2,0.228609,0.25,2.03,2.07,308,745
2026-01-21,MSFT,2026-02-22,C,224.2,224.2,0.273175,0.5,2.42,2.48,422,1408
2026-01-21,MSFT,2026-02-22,P,224.2,224.2,0.273175,-0.5,2.43,2.47,395,1777
2026-01-21,MSFT,2026-02-22,P,210.75,224.2,0.317741,-0.25,2.83,2.87,134,2885
2026-01-21,MSFT,2026-02-22,P,197.3,224.2,0.335567,-0.1,2.98,3.04,395,3381
2026-01-21,MSFT,2026-03-22,C,251.1,224.2,0.226439,0.1,2.01,2.05,254,2414
2026-01-21,MSFT,2026-03-22,C,237.65,224.2,0.239809,0.25,2.13,2.17,427,2612
2026-01-21,MSFT,2026-03-22,C,224.2,224.2,0.284375,0.5,2.52,2.58,232,2307
2026-01-21,MSFT,2026-03-22,P,224.2,224.2,0.284375,-0.5,2.52,2.58,127,787
2026-01-21,MSFT,2026-03-22,P,210.75,224.2,0.328941,-0.25,2.92,2.98,6,3542
2026-01-21,MSFT,2026-03-22,P,197.3,224.2,0.346767,-0.1,3.08,3.14,86,3317
2026-01-22,MSFT,2026-02-16,C,249.83,223.06,0.19417,0.1,1.71,1.76,280,2503
2026-01-22,MSFT,2026-02-16,C,236.44,223.06,0.207719,0.25,1.83,1.88,484,263
2026-01-22,MSFT,2026-02-16,C,223.06,223.06,0.252884,0.5,2.23,2.28,207,4555
2026-01-22,MSFT,2026-02-16,P,223.06,223.06,0.252884,-0.5,2.23,2.28,43,1975
2026-01-22,MSFT,2026-02-16,P,209.68,223.06,0.298048,-0.25,2.64,2.68,67,3164
2026-01-22,MSFT,2026-02-16,P,196.29,223.06,0.316114,-0.1,2.79,2.85,27,4607
2026-01-22,MSFT,2026-02-23,C,249.83,223.06,0.19697,0.1,1.73,1.78,438,1385
2026-01-22,MSFT,2026-02-23,C,236.44,223.06,0.210519,0.25,1.86,1.9,246,1337
2026-01-22,MSFT,2026-02-23,C,223.06,223.06,0.255684,0.5,2.26,2.31,65,4870
2026-01-22,MSFT,2026-02-23,P,223.06,223.06,0.255684,-0.5,2.26,2.3,223,1947
2026-01-22,MSFT,2026-02-23,P,209.68,223.06,0.300848,-0.25,2.66,2.71,296,2877
2026-01-22,MSFT,2026-02-23,P,196.29,223.06,0.318914,-0.1,2.82,2.87,70,2321
2026-01-22,MSFT,2026-03-23,C,249.83,223.06,0.20817,0.1,1.83,1.88,431,2418
2026-01-22,MSFT,2026-03-23,C,236.44,223.06,0.221719,0.25,1.95,2.0,309,3549
2026-01-22,MSFT,2026-03-23,C,223.06,223.06,0.266884,0.5,2.36,2.4,46,2485
2026-01-22,MSFT,2026-03-23,P,223.06,223.06,0.266884,-0.5,2.35,2.41,280,2663
2026-01-22,MSFT,2026-03-23,P,209.68,223.06,0.312048,-0.25,2.76,2.81,208,4679
2026-01-22,MSFT,2026-03-23,P,196.29,223.06,0.330114,-0.1,2.92,2.97,44,3758
2026-01-23,MSFT,2026-02-17,C,248.41,221.8,0.167947,0.1,1.46,1.52,127,911
2026-01-23,MSFT,2026-02-17,C,235.1,221.8,0.181948,0.25,1.59,1.64,241,4828
2026-01-23,MSFT,2026-02-17,C,221.8,221.8,0.22862,0.5,2.0,2.05,38,1327
2026-01-23,MSFT,2026-02-17,P,221.8,221.8,0.22862,-0.5,2.01,2.05,191,43
2026-01-23,MSFT,2026-02-17,P,208.49,221.8,0.275291,-0.25,2.42,2.47,362,2639
2026-01-23,MSFT,2026-02-17,P,195.18,221.8,0.293959,-0.1,2.58,2.63,79,4610
2026-01-23,MSFT,2026-02-24,C,248.41,221.8,0.170747,0.1,1.49,1.54,391,4624
2026-01-23,MSFT,2026-02-24,C,235.1,221.8,0.184748,0.25,1.61,1.66,193,2238
2026-01-23,MSFT,2026-02-24,C,221.8,221.8,0.23142,0.5,2.03,2.08,25,1867
2026-01-23,MSFT,2026-02-24,P,221.8,221.8,0.23142,-0.5,2.03,2.08,236,4184
2026-01-23,MSFT,2026-02-24,P,208.49,221.8,0.278091,-0.25,2.44,2.49,392,1635
2026-01-23,MSFT,2026-02-24,P,195.18,221.8,0.296759,-0.1,2.61,2.66,148,1134
2026-01-23,MSFT,2026-03-24,C,248.41,221.8,0.181947,0.1,1.59,1.64,113,1798
2026-01-23,MSFT,2026-03-24,C,235.1,221.8,0.195948,0.25,1.71,1.77,339,2646
2026-01-23,MSFT,2026-03-24,C,221.8,221.8,0.24262,0.5,2.13,2.18,136,3750
2026-01-23,MSFT,2026-03-24,P,221.8,221.8,0.24262,-0.5,2.12,2.18,214,4088
2026-01-23,MSFT,2026-03-24,P,208.49,221.8,0.289291,-0.25,2.54,2.59,211,1788
2026-01-23,MSFT,2026-03-24,P,195.18,221.8,0.307959,-0.1,2.71,2.76,471,4086
2026-01-26,MSFT,2026-02-20,C,248.76,222.11,0.188552,0.1,1.65,1.7,6,3344
2026-01-26,MSFT,2026-02-20,C,235.44,222.11,0.202643,0.25,1.78,1.82,433,446
2026-01-26,MSFT,2026-02-20,C,222.11,222.11,0.249611,0.5,2.2,2.24,241,82
2026-01-26,MSFT,2026-02-20,P,222.11,222.11,0.249611,-0.5,2.19,2.24,485,1872
2026-01-26,MSFT,2026-02-20,P,208.78,222.11,0.29658,-0.25,2.61,2.66,82,3080
2026-01-26,MSFT,2026-02-20,P,195.46,222.11,0.315367,-0.1,2.78,2.82,319,3372
2026-01-26,MSFT,2026-02-27,C,248.76,222.11,0.191352,0.1,1.68,1.72,429,39
2026-01-26,MSFT,2026-02-27,C,235.44,222.11,0.205443,0.25,1.8,1.85,274,144
2026-01-26,MSFT,2026-02-27,C,222.11,222.11,0.252411,0.5,2.22,2.27,357,3191
2026-01-26,MSFT,2026-02-27,P,222.11,222.11,0.252411,-0.5,2.22,2.27,275,1912
2026-01-26,MSFT,2026-02-27,P,208.78,222.11,0.29938,-0.25,2.63,2.69,337,3014
2026-01-26,MSFT,2026-02-27,P,195.46,222.11,0.318167,-0.1,2.8,2.85,464,4432
2026-01-26,MSFT,2026-03-27,C,248.76,222.11,0.202552,0.1,1.78,1.82,51,2354
2026-01-26,MSFT,2026-03-27,C,235.44,222.11,0.216643,0.25,1.9,1.95,58,193
2026-01-26,MSFT,2026-03-27,C,222.11,222.11,0.263611,0.5,2.31,2.37,232,3672
2026-01-26,MSFT,2026-03-27,P,222.11,222.11,0.263611,-0.5,2.32,2.36,340,2018
2026-01-26,MSFT,2026-03-27,P,208.78,222.11,0.31058,-0.25,2.74,2.78,396,3427
2026-01-26,MSFT,2026-03-27,P,195.46,222.11,0.329367,-0.1,2.9,2.95,464,4600
2026-01-27,MSFT,2026-02-21,C,248.03,221.45,0.220396,0.1,1.93,1.98,248,4659
2026-01-27,MSFT,2026-02-21,C,234.74,221.45,0.234483,0.25,2.05,2.11,81,1472
2026-01-27,MSFT,2026-02-21,C,221.45,221.45,0.281441,0.5,2.47,2.52,122,4419
2026-01-27,MSFT,2026-02-21,P,221.45,221.45,0.281441,-0.5,2.47,2.52,366,3190
2026-01-27,MSFT,2026-02-21,P,208.17,221.45,0.3284,-0.25,2.88,2.94,360,4605
2026-01-27,MSFT,2026-02-21,P,194.88,221.45,0.347183,-0.1,3.05,3.1,92,917
2026-01-27,MSFT,2026-02-28,C,248.03,221.45,0.223196,0.1,1.95,2.0,352,3647
2026-01-27,MSFT,2026-02-28,C,234.74,221.45,0.237283,0.25,2.08,2.13,90,1573
2026-01-27,MSFT,2026-02-28,C,221.45,221.45,0.284241,0.5,2.49,2.54,66,2256
2026-01-27,MSFT,2026-02-28,P,221.45,221.45,0.284241,-0.5,2.49,2.55,394,1767
2026-01-27,MSFT,2026-02-28,P,208.17,221.45,0.3312,-0.25,2.91,2.96,316,2779
2026-01-27,MSFT,2026-02-28,P,194.88,221.45,0.349983,-0.1,3.08,3.12,318,2354
2026-01-27,MSFT,2026-03-28,C,248.03,221.45,0.234396,0.1,2.06,2.1,93,3951
2026-01-27,MSFT,2026-03-28,C,234.74,221.45,0.248483,0.25,2.17,2.23,7,262
2026-01-27,MSFT,2026-03-28,C,221.45,221.45,0.295441,0.5,2.59,2.64,248,4808
2026-01-27,MSFT,2026-03-28,P,221.45,221.45,0.295441,-0.5,2.59,2.64,343,4522
2026-01-27,MSFT,2026-03-28,P,208.17,221.45,0.3424,-0.25,3.01,3.05,29,42
2026-01-27,MSFT,2026-03-28,P,194.88,221.45,0.361183,-0.1,3.17,3.22,245,1203
2026-01-28,MSFT,2026-02-22,C,246.39,219.99,0.195133,0.1,1.69,1.74,272,3437
2026-01-28,MSFT,2026-02-22,C,233.19,219.99,0.209535,0.25,1.82,1.87,373,3397
2026-01-28,MSFT,2026-02-22,C,219.99,219.99,0.257539,0.5,2.24,2.29,492,3352
2026-01-28,MSFT,2026-02-22,P,219.99,219.99,0.257539,-0.5,2.24,2.29,347,2795
2026-01-28,MSFT,2026-02-22,P,206.79,219.99,0.305543,-0.25,2.67,2.71,307,2339
2026-01-28,MSFT,2026-02-22,P,193.6,219.99,0.324745,-0.1,2.83,2.88,474,1669
2026-01-28,MSFT,2026-03-01,C,246.39,219.99,0.197933,0.1,1.72,1.77,143,1931
2026-01-28,MSFT,2026-03-01,C,233.19,219.99,0.212335,0.25,1.85,1.89,334,4154
2026-01-28,MSFT,2026-03-01,C,219.99,219.99,0.260339,0.5,2.26,2.32,318,1694
2026-01-28,MSFT,2026-03-01,P,219.99,219.99,0.260339,-0.5,2.26,2.32,99,4747
2026-01-28,MSFT,2026-03-01,P,206.79,219.99,0.308343,-0.25,2.68,2.74,148,156
2026-01-28,MSFT,2026-03-01,P,193.6,219.99,0.327545,-0.1,2.86,2.91,275,2292
2026-01-28,MSFT,2026-03-29,C,246.39,219.99,0.209133,0.1,1.81,1.87,250,3177
2026-01-28,MSFT,2026-03-29,C,233.19,219.99,0.223535,0.25,1.94,1.99,165,3838
2026-01-28,MSFT,2026-03-29,C,219.99,219.99,0.271539,0.5,2.36,2.42,404,2762
2026-01-28,MSFT,2026-03-29,P,219.99,219.99,0.271539,-0.5,2.36,2.42,277,4075
2026-01-28,MSFT,2026-03-29,P,206.79,219.99,0.319543,-0.25,2.79,2.84,150,4070
2026-01-28,MSFT,2026-03-29,P,193.6,219.99,0.338745,-0.1,2.96,3.0,307,802
2026-01-29,MSFT,2026-02-23,C,248.17,221.58,0.17249,0.1,1.5,1.55,21,2308
2026-01-29,MSFT,2026-02-23,C,234.88,221.58,0.186688,0.25,1.63,1.68,481,1815
2026-01-29,MSFT,2026-02-23,C,221.58,221.58,0.234018,0.5,2.05,2.1,106,398
2026-01-29,MSFT,2026-02-23,P,221.58,221.58,0.234018,-0.5,2.05,2.1,361,1006
2026-01-29,MSFT,2026-02-23,P,208.29,221.58,0.281347,-0.25,2.47,2.51,361,4067
2026-01-29,MSFT,2026-02-23,P,194.99,221.58,0.300278,-0.1,2.64,2.68,218,2901
2026-01-29,MSFT,2026-03-02,C,248.17,221.58,0.17529,0.1,1.53,1.57,189,2532
2026-01-29,MSFT,2026-03-02,C,234.88,221.58,0.189488,0.25,1.65,1.71,333,2254
2026-01-29,MSFT,2026-03-02,C,221.58,221.58,0.236818,0.5,2.08,2.12,136,1561
2026-01-29,MSFT,2026-03-02,P,221.58,221.58,0.236818,-0.5,2.08,2.12,110,587
2026-01-29,MSFT,2026-03-02,P,208.29,221.58,0.284147,-0.25,2.49,2.54,82,702
2026-01-29,MSFT,2026-03-02,P,194.99,221.58,0.303078,-0.1,2.66,2.71,434,832
2026-01-29,MSFT,2026-03-30,C,248.17,221.58,0.18649,0.1,1.62,1.68,52,2254
2026-01-29,MSFT,2026-03-30,C,234.88,221.58,0.200688,0.25,1.75,1.8,443,2918
2026-01-29,MSFT,2026-03-30,C,221.58,221.58,0.248018,0.5,2.17,2.22,312,1499
2026-01-29,MSFT,2026-03-30,P,221.58,221.58,0.248018,-0.5,2.17,2.22,31,2678
2026-01-29,MSFT,2026-03-30,P,208.29,221.58,0.295347,-0.25,2.59,2.64,162,691
2026-01-29,MSFT,2026-03-30,P,194.99,221.58,0.314278,-0.1,2.76,2.81,160,3664
2026-01-30,MSFT,2026-02-24,C,249.41,222.69,0.20715,0.1,1.82,1.87,118,860
2026-01-30,MSFT,2026-02-24,C,236.05,222.69,0.222187,0.25,1.96,2.0,444,874
2026-01-30,MSFT,2026-02-24,C,222.69,222.69,0.272309,0.5,2.4,2.45,120,1114
2026-01-30,MSFT,2026-02-24,P,222.69,222.69,0.272309,-0.5,2.4,2.45,175,3218
2026-01-30,MSFT,2026-02-24,P,209.33,222.69,0.32243,-0.25,2.85,2.9,122,1834
2026-01-30,MSFT,2026-02-24,P,195.97,222.69,0.342479,-0.1,3.03,3.07,202,3556
2026-01-30,MSFT,2026-03-03,C,249.41,222.69,0.20995,0.1,1.85,1.89,420,2679
2026-01-30,MSFT,2026-03-03,C,236.05,222.69,0.224987,0.25,1.98,2.02,464,3881
2026-01-30,MSFT,2026-03-03,C,222.69,222.69,0.275109,0.5,2.42,2.48,269,2651
2026-01-30,MSFT,2026-03-03,P,222.69,222.69,0.275109,-0.5,2.43,2.48,365,1691
2026-01-30,MSFT,2026-03-03,P,209.33,222.69,0.32523,-0.25,2.87,2.92,238,351
2026-01-30,MSFT,2026-03-03,P,195.97,222.69,0.345279,-0.1,3.05,3.1,125,234
2026-01-30,MSFT,2026-03-31,C,249.41,222.69,0.22115,0.1,1.95,1.99,241,164
2026-01-30,MSFT,2026-03-31,C,236.05,222.69,0.236187,0.25,2.08,2.13,214,2855
2026-01-30,MSFT,2026-03-31,C,222.69,222.69,0.286309,0.5,2.52,2.58,254,2109
2026-01-30,MSFT,2026-03-31,P,222.69,222.69,0.286309,-0.5,2.53,2.57,161,2888
2026-01-30,MSFT,2026-03-31,P,209.33,222.69,0.33643,-0.25,2.97,3.02,17,4226
2026-01-30,MSFT,2026-03-31,P,195.97,222.69,0.356479,-0.1,3.15,3.2,25,4119
2026-02-02,MSFT,2026-02-27,C,246.81,220.37,0.21501,0.1,1.87,1.92,61,2781
2026-02-02,MSFT,2026-02-27,C,233.59,220.37,0.230095,0.25,2.0,2.05,406,3638
2026-02-02,MSFT,2026-02-27,C,220.37,220.37,0.280377,0.5,2.45,2.49,317,1808
2026-02-02,MSFT,2026-02-27,P,220.37,220.37,0.280377,-0.5,2.44,2.5,45,2618
2026-02-02,MSFT,2026-02-27,P,207.15,220.37,0.33066,-0.25,2.89,2.94,188,2033
2026-02-02,MSFT,2026-02-27,P,193.92,220.37,0.350773,-0.1,3.07,3.11,364,1787
2026-02-02,MSFT,2026-03-06,C,246.81,220.37,0.21781,0.1,1.89,1.95,282,2530
2026-02-02,MSFT,2026-03-06,C,233.59,220.37,0.232895,0.25,2.03,2.08,265,101
2026-02-02,MSFT,2026-03-06,C,220.37,220.37,0.283177,0.5,2.47,2.52,147,154
2026-02-02,MSFT,2026-03-06,P,220.37,220.37,0.283177,-0.5,2.47,2.52,418,3238
2026-02-02,MSFT,2026-03-06,P,207.15,220.37,0.33346,-0.25,2.92,2.96,138,4584
2026-02-02,MSFT,2026-03-06,P,193.92,220.37,0.353573,-0.1,3.09,3.14,259,1095
2026-02-02,MSFT,2026-04-03,C,246.81,220.37,0.22901,0.1,1.99,2.04,330,493
2026-02-02,MSFT,2026-04-03,C,233.59,220.37,0.244095,0.25,2.13,2.17,155,4580
2026-02-02,MSFT,2026-04-03,C,220.37,220.37,0.294377,0.5,2.57,2.62,157,3900
2026-02-02,MSFT,2026-04-03,P,220.37,220.37,0.294377,-0.5,2.57,2.62,109,4534
2026-02-02,MSFT,2026-04-03,P,207.15,220.37,0.34466,-0.25,3.01,3.07,5,300
2026-02-02,MSFT,2026-04-03,P,193.92,220.37,0.364773,-0.1,3.19,3.24,363,1984
2026-02-03,MSFT,2026-02-28,C,244.83,218.6,0.169078,0.1,1.45,1.5,364,1339
2026-02-03,MSFT,2026-02-28,C,231.72,218.6,0.184318,0.25,1.58,1.64,337,47
2026-02-03,MSFT,2026-02-28,C,218.6,218.6,0.235118,0.5,2.03,2.08,68,1972
2026-02-03,MSFT,2026-02-28,P,218.6,218.6,0.235118,-0.5,2.04,2.08,355,4236
2026-02-03,MSFT,2026-02-28,P,205.48,218.6,0.285917,-0.25,2.48,2.52,46,3626
2026-02-03,MSFT,2026-02-28,P,192.37,218.6,0.306237,-0.1,2.65,2.71,275,181
2026-02-03,MSFT,2026-03-07,C,244.83,218.6,0.171878,0.1,1.48,1.53,4,603
2026-02-03,MSFT,2026-03-07,C,231.72,218.6,0.187118,0.25,1.62,1.66,20,4728
2026-02-03,MSFT,2026-03-07,C,218.6,218.6,0.237918,0.5,2.05,2.11,125,1829
2026-02-03,MSFT,2026-03-07,P,218.6,218.6,0.237918,-0.5,2.05,2.11,184,4598
2026-02-03,MSFT,2026-03-07,P,205.48,218.6,0.288717,-0.25,2.5,2.55,50,80
2026-02-03,MSFT,2026-03-07,P,192.37,218.6,0.309037,-0.1,2.67,2.73,239,3616
2026-02-03,MSFT,2026-04-04,C,244.83,218.6,0.183078,0.1,1.58,1.62,490,2453
2026-02-03,MSFT,2026-04-04,C,231.72,218.6,0.198318,0.25,1.71,1.76,336,3017
2026-02-03,MSFT,2026-04-04,C,218.6,218.6,0.249118,0.5,2.15,2.2,71,1390
2026-02-03,MSFT,2026-04-04,P,218.6,218.6,0.249118,-0.5,2.15,2.21,67,2373
2026-02-03,MSFT,2026-04-04,P,205.48,218.6,0.299917,-0.25,2.6,2.65,414,3202
2026-02-03,MSFT,2026-04-04,P,192.37,218.6,0.320237,-0.1,2.78,2.82,299,1470
2026-02-04,MSFT,2026-03-01,C,245.63,219.31,0.182289,0.1,1.57,1.63,493,3213
2026-02-04,MSFT,2026-03-01,C,232.47,219.31,0.197863,0.25,1.71,1.76,90,4835
2026-02-04,MSFT,2026-03-01,C,219.31,219.31,0.24978,0.5,2.16,2.22,349,642
2026-02-04,MSFT,2026-03-01,P,219.31,219.31,0.24978,-0.5,2.17,2.21,81,2724
2026-02-04,MSFT,2026-03-01,P,206.15,219.31,0.301696,-0.25,2.63,2.67,312,4822
2026-02-04,MSFT,2026-03-01,P,192.99,219.31,0.322462,-0.1,2.8,2.86,301,340
2026-02-04,MSFT,2026-03-08,C,245.63,219.31,0.185089,0.1,1.6,1.65,346,1117
2026-02-04,MSFT,2026-03-08,C,232.47,219.31,0.200663,0.25,1.74,1.79,356,1242
2026-02-04,MSFT,2026-03-08,C,219.31,219.31,0.25258,0.5,2.19,2.24,291,3608
2026-02-04,MSFT,2026-03-08,P,219.31,219.31,0.25258,-0.5,2.19,2.24,151,997
2026-02-04,MSFT,2026-03-08,P,206.15,219.31,0.304496,-0.25,2.65,2.7,231,4029
2026-02-04,MSFT,2026-03-08,P,192.99,219.31,0.325262,-0.1,2.83,2.88,400,1901
2026-02-04,MSFT,2026-04-05,C,245.63,219.31,0.196289,0.1,1.69,1.75,235,3856
2026-02-04,MSFT,2026-04-05,C,232.47,219.31,0.211863,0.25,1.83,1.89,231,2040
2026-02-04,MSFT,2026-04-05,C,219.31,219.31,0.26378,0.5,2.29,2.34,308,2258
2026-02-04,MSFT,2026-04-05,P,219.31,219.31,0.26378,-0.5,2.29,2.34,251,647
2026-02-04,MSFT,2026-04-05,P,206.15,219.31,0.315696,-0.25,2.74,2.8,161,1958
2026-02-04,MSFT,2026-04-05,P,192.99,219.31,0.336462,-0.1,2.93,2.98,214,4286
2026-02-05,MSFT,2026-03-02,C,245.25,218.97,0.190828,0.1,1.65,1.69,243,3096
2026-02-05,MSFT,2026-03-02,C,232.11,218.97,0.205537,0.25,1.78,1.83,44,1308
2026-02-05,MSFT,2026-03-02,C,218.97,218.97,0.254568,0.5,2.21,2.25,131,3152
2026-02-05,MSFT,2026-03-02,P,218.97,218.97,0.254568,-0.5,2.2,2.26,153,4709
2026-02-05,MSFT,2026-03-02,P,205.83,218.97,0.303599,-0.25,2.64,2.68,423,2002
2026-02-05,MSFT,2026-03-02,P,192.69,218.97,0.323212,-0.1,2.81,2.85,166,4923
2026-02-05,MSFT,2026-03-09,C,245.25,218.97,0.193628,0.1,1.67,1.72,233,4788
2026-02-05,MSFT,2026-03-09,C,232.11,218.97,0.208337,0.25,1.8,1.85,197,1056
2026-02-05,MSFT,2026-03-09,C,218.97,218.97,0.257368,0.5,2.23,2.28,253,1866
2026-02-05,MSFT,2026-03-09,P,218.97,218.97,0.257368,-0.5,2.23,2.28,119,420
2026-02-05,MSFT,2026-03-09,P,205.83,218.97,0.306399,-0.25,2.66,2.7,422,1900
2026-02-05,MSFT,2026-03-09,P,192.69,218.97,0.326012,-0.1,2.83,2.88,370,3617
2026-02-05,MSFT,2026-04-06,C,245.25,218.97,0.204828,0.1,1.77,1.82,67,1179
2026-02-05,MSFT,2026-04-06,C,232.11,218.97,0.219537,0.25,1.9,1.95,294,2037
2026-02-05,MSFT,2026-04-06,C,218.97,218.97,0.268568,0.5,2.33,2.37,254,1980
2026-02-05,MSFT,2026-04-06,P,218.97,218.97,0.268568,-0.5,2.33,2.37,451,4269
2026-02-05,MSFT,2026-04-06,P,205.83,218.97,0.317599,-0.25,2.75,2.81,332,1444
2026-02-05,MSFT,2026-04-06,P,192.69,218.97,0.337212,-0.1,2.93,2.98,473,1825
2026-02-06,MSFT,2026-03-03,C,247.26,220.77,0.201201,0.1,1.75,1.8,246,3802
2026-02-06,MSFT,2026-03-03,C,234.02,220.77,0.215328,0.25,1.87,1.93,151,754
2026-02-06,MSFT,2026-03-03,C,220.77,220.77,0.262417,0.5,2.29,2.34,283,129
2026-02-06,MSFT,2026-03-03,P,220.77,220.77,0.262417,-0.5,2.3,2.34,402,414
2026-02-06,MSFT,2026-03-03,P,207.52,220.77,0.309507,-0.25,2.71,2.75,305,1675
2026-02-06,MSFT,2026-03-03,P,194.28,220.77,0.328343,-0.1,2.88,2.92,20,3492
2026-02-06,MSFT,2026-03-10,C,247.26,220.77,0.204001,0.1,1.78,1.82,220,710
2026-02-06,MSFT,2026-03-10,C,234.02,220.77,0.218128,0.25,1.9,1.96,269,4378
2026-02-06,MSFT,2026-03-10,C,220.77,220.77,0.265217,0.5,2.32,2.36,27,1820
2026-02-06,MSFT,2026-03-10,P,220.77,220.77,0.265217,-0.5,2.32,2.36,23,4795
2026-02-06,MSFT,2026-03-10,P,207.52,220.77,0.312307,-0.25,2.73,2.78,390,499
2026-02-06,MSFT,2026-03-10,P,194.28,220.77,0.331143,-0.1,2.9,2.95,4,3561
2026-02-06,MSFT,2026-04-07,C,247.26,220.77,0.215201,0.1,1.88,1.92,307,1614
2026-02-06,MSFT,2026-04-07,C,234.02,220.77,0.229328,0.25,2.0,2.05,374,1345
2026-02-06,MSFT,2026-04-07,C,220.77,220.77,0.276417,0.5,2.42,2.46,254,4009
2026-02-06,MSFT,2026-04-07,P,220.77,220.77,0.276417,-0.5,2.41,2.47,334,3466
2026-02-06,MSFT,2026-04-07,P,207.52,220.77,0.323507,-0.25,2.83,2.88,287,2614
2026-02-06,MSFT,2026-04-07,P,194.28,220.77,0.342343,-0.1,3.0,3.05,62,3605
2026-02-09,MSFT,2026-03-06,C,248.09,221.51,0.227883,0.1,2.0,2.04,375,640
2026-02-09,MSFT,2026-03-06,C,234.8,221.51,0.243112,0.25,2.13,2.18,294,2961
2026-02-09,MSFT,2026-03-06,C,221.51,221.51,0.293874,0.5,2.58,2.63,383,2386
2026-02-09,MSFT,2026-03-06,P,221.51,221.51,0.293874,-0.5,2.58,2.63,123,617
2026-02-09,MSFT,2026-03-06,P,208.22,221.51,0.344637,-0.25,3.03,3.08,75,3803
2026-02-09,MSFT,2026-03-06,P,194.93,221.51,0.364942,-0.1,3.21,3.26,354,2181
2026-02-09,MSFT,2026-03-13,C,248.09,221.51,0.230683,0.1,2.02,2.07,365,4732
2026-02-09,MSFT,2026-03-13,C,234.8,221.51,0.245912,0.25,2.15,2.2,25,4390
2026-02-09,MSFT,2026-03-13,C,221.51,221.51,0.296674,0.5,2.6,2.66,151,4309
2026-02-09,MSFT,2026-03-13,P,221.51,221.51,0.296674,-0.5,2.61,2.65,282,2392
2026-02-09,MSFT,2026-03-13,P,208.22,221.51,0.347437,-0.25,3.06,3.1,49,1377
2026-02-09,MSFT,2026-03-13,P,194.93,221.51,0.367742,-0.1,3.24,3.28,232,1952
2026-02-09,MSFT,2026-04-10,C,248.09,221.51,0.241883,0.1,2.12,2.17,73,3173
2026-02-09,MSFT,2026-04-10,C,234.8,221.51,0.257112,0.25,2.26,2.3,353,1371
2026-02-09,MSFT,2026-04-10,C,221.51,221.51,0.307874,0.5,2.7,2.75,194,3435
2026-02-09,MSFT,2026-04-10,P,221.51,221.51,0.307874,-0.5,2.71,2.75,378,3737
2026-02-09,MSFT,2026-04-10,P,208.22,221.51,0.358637,-0.25,3.15,3.2,383,2885
2026-02-09,MSFT,2026-04-10,P,194.93,221.51,0.378942,-0.1,3.33,3.39,316,2559
2026-02-10,MSFT,2026-03-07,C,248.49,221.87,0.187763,0.1,1.64,1.7,95,159
2026-02-10,MSFT,2026-03-07,C,235.18,221.87,0.203174,0.25,1.78,1.83,176,4635
2026-02-10,MSFT,2026-03-07,C,221.87,221.87,0.254543,0.5,2.23,2.29,82,3087
2026-02-10,MSFT,2026-03-07,P,221.87,221.87,0.254543,-0.5,2.24,2.28,74,1659
2026-02-10,MSFT,2026-03-07,P,208.56,221.87,0.305913,-0.25,2.69,2.74,378,3494
2026-02-10,MSFT,2026-03-07,P,195.25,221.87,0.326461,-0.1,2.87,2.92,149,669
2026-02-10,MSFT,2026-03-14,C,248.49,221.87,0.190563,0.1,1.66,1.72,274,2885
2026-02-10,MSFT,2026-03-14,C,235.18,221.87,0.205974,0.25,1.8,1.86,443,2038
2026-02-10,MSFT,2026-03-14,C,221.87,221.87,0.257343,0.5,2.26,2.31,62,1460
2026-02-10,MSFT,2026-03-14,P,221.87,221.87,0.257343,-0.5,2.26,2.31,432,1620
2026-02-10,MSFT,2026-03-14,P,208.56,221.87,0.308713,-0.25,2.72,2.76,390,1567
2026-02-10,MSFT,2026-03-14,P,195.25,221.87,0.329261,-0.1,2.9,2.94,333,4078
2026-02-10,MSFT,2026-04-11,C,248.49,221.87,0.201763,0.1,1.77,1.81,295,2299
2026-02-10,MSFT,2026-04-11,C,235.18,221.87,0.217174,0.25,1.9,1.95,36,754
2026-02-10,MSFT,2026-04-11,C,221.87,221.87,0.268543,0.5,2.36,2.41,442,4237
2026-02-10,MSFT,2026-04-11,P,221.87,221.87,0.268543,-0.5,2.36,2.41,203,2417
2026-02-10,MSFT,2026-04-11,P,208.56,221.87,0.319913,-0.25,2.81,2.87,83,4736
2026-02-10,MSFT,2026-04-11,P,195.25,221.87,0.340461,-0.1,2.99,3.05,59,2047
2026-02-11,MSFT,2026-03-08,C,247.12,220.64,0.166607,0.1,1.45,1.5,12,1523
2026-02-11,MSFT,2026-03-08,C,233.88,220.64,0.181734,0.25,1.58,1.63,186,4148
2026-02-11,MSFT,2026-03-08,C,220.64,220.64,0.232159,0.5,2.03,2.07,119,4448
2026-02-11,MSFT,2026-03-08,P,220.64,220.64,0.232159,-0.5,2.02,2.08,333,1540
2026-02-11,MSFT,2026-03-08,P,207.4,220.64,0.282583,-0.25,2.47,2.52,452,4786
2026-02-11,MSFT,2026-03-08,P,194.17,220.64,0.302752,-0.1,2.65,2.69,214,3859
2026-02-11,MSFT,2026-03-15,C,247.12,220.64,0.169407,0.1,1.47,1.52,5,1185
2026-02-11,MSFT,2026-03-15,C,233.88,220.64,0.184534,0.25,1.61,1.65,447,1493
2026-02-11,MSFT,2026-03-15,C,220.64,220.64,0.234959,0.5,2.04,2.1,364,884
2026-02-11,MSFT,2026-03-15,P,220.64,220.64,0.234959,-0.5,2.05,2.1,316,3461
2026-02-11,MSFT,2026-03-15,P,207.4,220.64,0.285383,-0.25,2.49,2.55,154,1952
2026-02-11,MSFT,2026-03-15,P,194.17,220.64,0.305552,-0.1,2.67,2.72,157,164
2026-02-11,MSFT,2026-04-12,C,247.12,220.64,0.180607,0.1,1.57,1.62,174,3619
2026-02-11,MSFT,2026-04-12,C,233.88,220.64,0.195734,0.25,1.7,1.76,246,3190
2026-02-11,MSFT,2026-04-12,C,220.64,220.64,0.246159,0.5,2.14,2.2,441,1955
2026-02-11,MSFT,2026-04-12,P,220.64,220.64,0.246159,-0.5,2.15,2.2,207,3630
2026-02-11,MSFT,2026-04-12,P,207.4,220.64,0.296583,-0.25,2.59,2.64,390,4603
2026-02-11,MSFT,2026-04-12,P,194.17,220.64,0.316752,-0.1,2.77,2.82,35,4333
2026-02-12,MSFT,2026-03-09,C,247.78,221.23,0.157444,0.1,1.36,1.42,207,1581
2026-02-12,MSFT,2026-03-09,C,234.51,221.23,0.172761,0.25,1.5,1.56,262,129
2026-02-12,MSFT,2026-03-09,C,221.23,221.23,0.223816,0.5,1.95,2.01,276,570
2026-02-12,MSFT,2026-03-09,P,221.23,221.23,0.223816,-0.5,1.95,2.01,109,1824
2026-02-12,MSFT,2026-03-09,P,207.96,221.23,0.274872,-0.25,2.4,2.46,238,4364
2026-02-12,MSFT,2026-03-09,P,194.69,221.23,0.295294,-0.1,2.59,2.64,203,4051
2026-02-12,MSFT,2026-03-16,C,247.78,221.23,0.160244,0.1,1.39,1.44,62,2138
2026-02-12,MSFT,2026-03-16,C,234.51,221.23,0.175561,0.25,1.53,1.58,424,1059
2026-02-12,MSFT,2026-03-16,C,221.23,221.23,0.226616,0.5,1.98,2.03,214,2591
2026-02-12,MSFT,2026-03-16,P,221.23,221.23,0.226616,-0.5,1.98,2.03,450,2225
2026-02-12,MSFT,2026-03-16,P,207.96,221.23,0.277672,-0.25,2.43,2.49,461,78
2026-02-12,MSFT,2026-03-16,P,194.69,221.23,0.298094,-0.1,2.61,2.67,471,4006
2026-02-12,MSFT,2026-04-13,C,247.78,221.23,0.171444,0.1,1.49,1.54,422,2629
2026-02-12,MSFT,2026-04-13,C,234.51,221.23,0.186761,0.25,1.63,1.67,138,4315
2026-02-12,MSFT,2026-04-13,C,221.23,221.23,0.237816,0.5,2.08,2.13,90,4165
2026-02-12,MSFT,2026-04-13,P,221.23,221.23,0.237816,-0.5,2.08,2.13,51,2776
2026-02-12,MSFT,2026-04-13,P,207.96,221.23,0.288872,-0.25,2.53,2.58,267,3201
2026-02-12,MSFT,2026-04-13,P,194.69,221.23,0.309294,-0.1,2.71,2.76,142,876
2026-02-13,MSFT,2026-03-10,C,246.07,219.7,0.1786,0.1,1.55,1.59,27,794
2026-02-13,MSFT,2026-03-10,C,232.88,219.7,0.193487,0.25,1.68,1.72,292,371
2026-02-13,MSFT,2026-03-10,C,219.7,219.7,0.243112,0.5,2.11,2.16,221,3379
2026-02-13,MSFT,2026-03-10,P,219.7,219.7,0.243112,-0.5,2.11,2.16,201,1735
2026-02-13,MSFT,2026-03-10,P,206.52,219.7,0.292736,-0.25,2.55,2.59,169,3799
2026-02-13,MSFT,2026-03-10,P,193.34,219.7,0.312586,-0.1,2.72,2.77,35,1264
2026-02-13,MSFT,2026-03-17,C,246.07,219.7,0.1814,0.1,1.57,1.62,149,4849
2026-02-13,MSFT,2026-03-17,C,232.88,219.7,0.196287,0.25,1.7,1.75,269,4797
2026-02-13,MSFT,2026-03-17,C,219.7,219.7,0.245912,0.5,2.14,2.18,273,536
2026-02-13,MSFT,2026-03-17,P,219.7,219.7,0.245912,-0.5,2.14,2.18,432,3871
2026-02-13,MSFT,2026-03-17,P,206.52,219.7,0.295536,-0.25,2.57,2.62,105,2913
2026-02-13,MSFT,2026-03-17,P,193.34,219.7,0.315386,-0.1,2.74,2.8,89,2529
2026-02-13,MSFT,2026-04-14,C,246.07,219.7,0.1926,0.1,1.67,1.71,127,3595
2026-02-13,MSFT,2026-04-14,C,232.88,219.7,0.207487,0.25,1.8,1.85,478,2911
2026-02-13,MSFT,2026-04-14,C,219.7,219.7,0.257112,0.5,2.23,2.29,262,2390
2026-02-13,MSFT,2026-04-14,P,219.7,219.7,0.257112,-0.5,2.24,2.28,189,2881
2026-02-13,MSFT,2026-04-14,P,206.52,219.7,0.306736,-0.25,2.67,2.72,69,1544
2026-02-13,MSFT,2026-04-14,P,193.34,219.7,0.326586,-0.1,2.85,2.9,496,1278
2026-02-16,MSFT,2026-03-13,C,247.82,221.27,0.20217,0.1,1.76,1.82,235,2012
2026-02-16,MSFT,2026-03-13,C,234.54,221.27,0.217207,0.25,1.9,1.95,308,4984
2026-02-16,MSFT,2026-03-13,C,221.27,221.27,0.267328,0.5,2.34,2.39,109,779
2026-02-16,MSFT,2026-03-13,P,221.27,221.27,0.267328,-0.5,2.34,2.39,280,660
2026-02-16,MSFT,2026-03-13,P,207.99,221.27,0.31745,-0.25,2.78,2.84,204,3363
2026-02-16,MSFT,2026-03-13,P,194.72,221.27,0.337499,-0.1,2.96,3.01,177,1399
2026-02-16,MSFT,2026-03-20,C,247.82,221.27,0.20497,0.1,1.79,1.84,380,4131
2026-02-16,MSFT,2026-03-20,C,234.54,221.27,0.220007,0.25,1.93,1.97,239,3845
2026-02-16,MSFT,2026-03-20,C,221.27,221.27,0.270128,0.5,2.36,2.42,357,3532
2026-02-16,MSFT,2026-03-20,P,221.27,221.27,0.270128,-0.5,2.37,2.41,90,3715
2026-02-16,MSFT,2026-03-20,P,207.99,221.27,0.32025,-0.25,2.81,2.86,170,75
2026-02-16,MSFT,2026-03-20,P,194.72,221.27,0.340299,-0.1,2.98,3.04,223,669
2026-02-16,MSFT,2026-04-17,C,247.82,221.27,0.21617,0.1,1.88,1.94,159,363
2026-02-16,MSFT,2026-04-17,C,234.54,221.27,0.231207,0.25,2.02,2.07,19,3454
2026-02-16,MSFT,2026-04-17,C,221.27,221.27,0.281328,0.5,2.47,2.51,27,932
2026-02-16,MSFT,2026-04-17,P,221.27,221.27,0.281328,-0.5,2.47,2.51,185,4134
2026-02-16,MSFT,2026-04-17,P,207.99,221.27,0.33145,-0.25,2.91,2.95,440,3166
2026-02-16,MSFT,2026-04-17,P,194.72,221.27,0.351499,-0.1,3.09,3.14,239,2561
2026-02-17,MSFT,2026-03-14,C,248.39,221.78,0.19531,0.1,1.71,1.76,418,4785
2026-02-17,MSFT,2026-03-14,C,235.08,221.78,0.209787,0.25,1.83,1.89,112,4614
2026-02-17,MSFT,2026-03-14,C,221.78,221.78,0.258045,0.5,2.26,2.32,297,4146
2026-02-17,MSFT,2026-03-14,P,221.78,221.78,0.258045,-0.5,2.26,2.32,331,2273
2026-02-17,MSFT,2026-03-14,P,208.47,221.78,0.306303,-0.25,2.69,2.75,28,224
2026-02-17,MSFT,2026-03-14,P,195.16,221.78,0.325606,-0.1,2.87,2.91,124,2456
2026-02-17,MSFT,2026-03-21,C,248.39,221.78,0.19811,0.1,1.73,1.78,224,2196
2026-02-17,MSFT,2026-03-21,C,235.08,221.78,0.212587,0.25,1.86,1.91,150,2696
2026-02-17,MSFT,2026-03-21,C,221.78,221.78,0.260845,0.5,2.29,2.34,361,1736
2026-02-17,MSFT,2026-03-21,P,221.78,221.78,0.260845,-0.5,2.29,2.34,495,3512
2026-02-17,MSFT,2026-03-21,P,208.47,221.78,0.309103,-0.25,2.72,2.77,33,4150
2026-02-17,MSFT,2026-03-21,P,195.16,221.78,0.328406,-0.1,2.89,2.94,346,41
2026-02-17,MSFT,2026-04-18,C,248.39,221.78,0.20931,0.1,1.83,1.89,380,230
2026-02-17,MSFT,2026-04-18,C,235.08,221.78,0.223787,0.25,1.96,2.01,263,1615
2026-02-17,MSFT,2026-04-18,C,221.78,221.78,0.272045,0.5,2.39,2.44,474,4191
2026-02-17,MSFT,2026-04-18,P,221.78,221.78,0.272045,-0.5,2.39,2.44,339,730
2026-02-17,MSFT,2026-04-18,P,208.47,221.78,0.320303,-0.25,2.81,2.87,387,110
2026-02-17,MSFT,2026-04-18,P,195.16,221.78,0.339606,-0.1,2.99,3.04,457,2694
2026-02-18,MSFT,2026-03-15,C,247.28,220.79,0.187144,0.1,1.63,1.68,305,1912
2026-02-18,MSFT,2026-03-15,C,234.03,220.79,0.20178,0.25,1.76,1.81,330,1749
2026-02-18,MSFT,2026-03-15,C,220.79,220.79,0.250566,0.5,2.18,2.24,242,96
2026-02-18,MSFT,2026-03-15,P,220.79,220.79,0.250566,-0.5,2.18,2.24,355,1797
2026-02-18,MSFT,2026-03-15,P,207.54,220.79,0.299352,-0.25,2.62,2.67,387,3632
2026-02-18,MSFT,2026-03-15,P,194.29,220.79,0.318867,-0.1,2.79,2.84,87,3087
2026-02-18,MSFT,2026-03-22,C,247.28,220.79,0.189944,0.1,1.65,1.71,32,4232
2026-02-18,MSFT,2026-03-22,C,234.03,220.79,0.20458,0.25,1.78,1.83,496,3586
2026-02-18,MSFT,2026-03-22,C,220.79,220.79,0.253366,0.5,2.21,2.26,420,3882
2026-02-18,MSFT,2026-03-22,P,220.79,220.79,0.253366,-0.5,2.22,2.26,462,237
2026-02-18,MSFT,2026-03-22,P,207.54,220.79,0.302152,-0.25,2.64,2.69,403,1084
2026-02-18,MSFT,2026-03-22,P,194.29,220.79,0.321667,-0.1,2.81,2.87,81,515
2026-02-18,MSFT,2026-04-19,C,247.28,220.79,0.201144,0.1,1.76,1.8,469,3381
2026-02-18,MSFT,2026-04-19,C,234.03,220.79,0.21578,0.25,1.88,1.93,312,4760
2026-02-18,MSFT,2026-04-19,C,220.79,220.79,0.264566,0.5,2.31,2.36,348,625
2026-02-18,MSFT,2026-04-19,P,220.79,220.79,0.264566,-0.5,2.32,2.36,28,2226
2026-02-18,MSFT,2026-04-19,P,207.54,220.79,0.313352,-0.25,2.75,2.79,491,3880
2026-02-18,MSFT,2026-04-19,P,194.29,220.79,0.332867,-0.1,2.92,2.96,259,4604
2026-02-19,MSFT,2026-03-16,C,248.36,221.75,0.196875,0.1,1.72,1.77,459,663
2026-02-19,MSFT,2026-03-16,C,235.06,221.75,0.210283,0.25,1.84,1.89,134,1774
2026-02-19,MSFT,2026-03-16,C,221.75,221.75,0.254976,0.5,2.24,2.29,372,2881
2026-02-19,MSFT,2026-03-16,P,221.75,221.75,0.254976,-0.5,2.24,2.28,334,1370
2026-02-19,MSFT,2026-03-16,P,208.45,221.75,0.299669,-0.25,2.63,2.69,12,1370
2026-02-19,MSFT,2026-03-16,P,195.14,221.75,0.317546,-0.1,2.8,2.84,386,1803
2026-02-19,MSFT,2026-03-23,C,248.36,221.75,0.199675,0.1,1.75,1.79,446,2114
2026-02-19,MSFT,2026-03-23,C,235.06,221.75,0.213083,0.25,1.86,1.92,477,3019
2026-02-19,MSFT,2026-03-23,C,221.75,221.75,0.257776,0.5,2.26,2.31,30,791
2026-02-19,MSFT,2026-03-23,P,221.75,221.75,0.257776,-0.5,2.27,2.31,95,3956
2026-02-19,MSFT,2026-03-23,P,208.45,221.75,0.302469,-0.25,2.66,2.71,99,1585
2026-02-19,MSFT,2026-03-23,P,195.14,221.75,0.320346,-0.1,2.82,2.87,476,3584
2026-02-19,MSFT,2026-04-20,C,248.36,221.75,0.210875,0.1,1.85,1.89,471,4512
2026-02-19,MSFT,2026-04-20,C,235.06,221.75,0.224283,0.25,1.97,2.01,371,4913
2026-02-19,MSFT,2026-04-20,C,221.75,221.75,0.268976,0.5,2.36,2.41,448,3631
2026-02-19,MSFT,2026-04-20,P,221.75,221.75,0.268976,-0.5,2.36,2.41,406,4184
2026-02-19,MSFT,2026-04-20,P,208.45,221.75,0.313669,-0.25,2.76,2.81,134,4353
2026-02-19,MSFT,2026-04-20,P,195.14,221.75,0.331546,-0.1,2.91,2.97,255,2934
2026-02-20,MSFT,2026-03-17,C,251.37,224.44,0.185713,0.1,1.64,1.7,86,700
2026-02-20,MSFT,2026-03-17,C,237.91,224.44,0.200095,0.25,1.77,1.82,324,543
2026-02-20,MSFT,2026-03-17,C,224.44,224.44,0.248036,0.5,2.2,2.25,260,1458
2026-02-20,MSFT,2026-03-17,P,224.44,224.44,0.248036,-0.5,2.2,2.26,87,484
2026-02-20,MSFT,2026-03-17,P,210.97,224.44,0.295977,-0.25,2.63,2.69,238,4859
2026-02-20,MSFT,2026-03-17,P,197.51,224.44,0.315153,-0.1,2.81,2.85,395,2286
2026-02-20,MSFT,2026-03-24,C,251.37,224.44,0.188513,0.1,1.67,1.72,379,1036
2026-02-20,MSFT,2026-03-24,C,237.91,224.44,0.202895,0.25,1.79,1.85,476,2904
2026-02-20,MSFT,2026-03-24,C,224.44,224.44,0.250836,0.5,2.23,2.27,272,4480
2026-02-20,MSFT,2026-03-24,P,224.44,224.44,0.250836,-0.5,2.23,2.27,310,789
2026-02-20,MSFT,2026-03-24,P,210.97,224.44,0.298777,-0.25,2.65,2.71,315,523
2026-02-20,MSFT,2026-03-24,P,197.51,224.44,0.317953,-0.1,2.83,2.88,201,1195
2026-02-20,MSFT,2026-04-21,C,251.37,224.44,0.199713,0.1,1.77,1.82,18,2174
2026-02-20,MSFT,2026-04-21,C,237.91,224.44,0.214095,0.25,1.9,1.95,488,1834
2026-02-20,MSFT,2026-04-21,C,224.44,224.44,0.262036,0.5,2.33,2.38,13,38
2026-02-20,MSFT,2026-04-21,P,224.44,224.44,0.262036,-0.5,2.33,2.38,344,4725
2026-02-20,MSFT,2026-04-21,P,210.97,224.44,0.309977,-0.25,2.76,2.81,107,3706
2026-02-20,MSFT,2026-04-21,P,197.51,224.44,0.329153,-0.1,2.93,2.98,235,2445
2026-02-23,MSFT,2026-03-20,C,251.08,224.18,0.20863,0.1,1.84,1.9,103,3555
2026-02-23,MSFT,2026-03-20,C,237.63,224.18,0.222585,0.25,1.97,2.02,269,375
2026-02-23,MSFT,2026-03-20,C,224.18,224.18,0.269102,0.5,2.39,2.43,329,11
2026-02-23,MSFT,2026-03-20,P,224.18,224.18,0.269102,-0.5,2.39,2.44,241,126
2026-02-23,MSFT,2026-03-20,P,210.73,224.18,0.315619,-0.25,2.81,2.85,359,2991
2026-02-23,MSFT,2026-03-20,P,197.28,224.18,0.334225,-0.1,2.97,3.02,112,2780
2026-02-23,MSFT,2026-03-27,C,251.08,224.18,0.21143,0.1,1.87,1.92,100,2600
2026-02-23,MSFT,2026-03-27,C,237.63,224.18,0.225385,0.25,1.99,2.05,248,2228
2026-02-23,MSFT,2026-03-27,C,224.18,224.18,0.271902,0.5,2.41,2.47,154,1913
2026-02-23,MSFT,2026-03-27,P,224.18,224.18,0.271902,-0.5,2.41,2.46,349,2414
2026-02-23,MSFT,2026-03-27,P,210.73,224.18,0.318419,-0.25,2.83,2.88,138,4487
2026-02-23,MSFT,2026-03-27,P,197.28,224.18,0.337025,-0.1,3.0,3.05,117,3789
2026-02-23,MSFT,2026-04-24,C,251.08,224.18,0.22263,0.1,1.97,2.03,353,3949
2026-02-23,MSFT,2026-04-24,C,237.63,224.18,0.236585,0.25,2.1,2.14,329,10
2026-02-23,MSFT,2026-04-24,C,224.18,224.18,0.283102,0.5,2.51,2.57,292,3649
2026-02-23,MSFT,2026-04-24,P,224.18,224.18,0.283102,-0.5,2.51,2.57,18,1469
2026-02-23,MSFT,2026-04-24,P,210.73,224.18,0.329619,-0.25,2.93,2.98,121,4009
2026-02-23,MSFT,2026-04-24,P,197.28,224.18,0.348225,-0.1,3.09,3.15,134,3463
2026-02-24,MSFT,2026-03-21,C,251.82,224.84,0.200382,0.1,1.78,1.83,147,3026
2026-02-24,MSFT,2026-03-21,C,238.33,224.84,0.213125,0.25,1.89,1.94,251,1050
2026-02-24,MSFT,2026-03-21,C,224.84,224.84,0.255602,0.5,2.27,2.33,318,718
2026-02-24,MSFT,2026-03-21,P,224.84,224.84,0.255602,-0.5,2.27,2.32,10,3117
2026-02-24,MSFT,2026-03-21,P,211.35,224.84,0.298079,-0.25,2.65,2.71,497,3358
2026-02-24,MSFT,2026-03-21,P,197.86,224.84,0.31507,-0.1,2.81,2.86,36,312
2026-02-24,MSFT,2026-03-28,C,251.82,224.84,0.203182,0.1,1.8,1.85,480,1471
2026-02-24,MSFT,2026-03-28,C,238.33,224.84,0.215925,0.25,1.91,1.97,418,1889
2026-02-24,MSFT,2026-03-28,C,224.84,224.84,0.258402,0.5,2.3,2.34,260,4351
2026-02-24,MSFT,2026-03-28,P,224.84,224.84,0.258402,-0.5,2.3,2.34,188,25
2026-02-24,MSFT,2026-03-28,P,211.35,224.84,0.300879,-0.25,2.68,2.73,365,355
2026-02-24,MSFT,2026-03-28,P,197.86,224.84,0.31787,-0.1,2.84,2.88,233,4926
2026-02-24,MSFT,2026-04-25,C,251.82,224.84,0.214382,0.1,1.9,1.96,20,3822
2026-02-24,MSFT,2026-04-25,C,238.33,224.84,0.227125,0.25,2.02,2.07,391,248
2026-02-24,MSFT,2026-04-25,C,224.84,224.84,0.269602,0.5,2.4,2.45,116,2361
2026-02-24,MSFT,2026-04-25,P,224.84,224.84,0.269602,-0.5,2.4,2.45,65,1510
2026-02-24,MSFT,2026-04-25,P,211.35,224.84,0.312079,-0.25,2.78,2.83,28,78
2026-02-24,MSFT,2026-04-25,P,197.86,224.84,0.32907,-0.1,2.94,2.98,189,1686
2026-02-25,MSFT,2026-03-22,C,251.24,224.32,0.221644,0.1,1.97,2.01,222,2831
2026-02-25,MSFT,2026-03-22,C,237.78,224.32,0.23422,0.25,2.08,2.12,42,2990
2026-02-25,MSFT,2026-03-22,C,224.32,224.32,0.276142,0.5,2.46,2.5,43,2019
2026-02-25,MSFT,2026-03-22,P,224.32,224.32,0.276142,-0.5,2.45,2.5,57,3286
2026-02-25,MSFT,2026-03-22,P,210.86,224.32,0.318063,-0.25,2.83,2.87,461,2680
2026-02-25,MSFT,2026-03-22,P,197.4,224.32,0.334832,-0.1,2.98,3.03,398,1040
2026-02-25,MSFT,2026-03-29,C,251.24,224.32,0.224444,0.1,1.99,2.04,131,2243
2026-02-25,MSFT,2026-03-29,C,237.78,224.32,0.23702,0.25,2.1,2.16,135,2199
2026-02-25,MSFT,2026-03-29,C,224.32,224.32,0.278942,0.5,2.47,2.53,152,3265
2026-02-25,MSFT,2026-03-29,P,224.32,224.32,0.278942,-0.5,2.48,2.53,280,1466
2026-02-25,MSFT,2026-03-29,P,210.86,224.32,0.320863,-0.25,2.85,2.91,109,664
2026-02-25,MSFT,2026-03-29,P,197.4,224.32,0.337632,-0.1,3.01,3.05,107,1429
2026-02-25,MSFT,2026-04-26,C,251.24,224.32,0.235644,0.1,2.09,2.14,471,3822
2026-02-25,MSFT,2026-04-26,C,237.78,224.32,0.24822,0.25,2.2,2.26,460,1118
2026-02-25,MSFT,2026-04-26,C,224.32,224.32,0.290142,0.5,2.57,2.63,445,4231
2026-02-25,MSFT,2026-04-26,P,224.32,224.32,0.290142,-0.5,2.57,2.63,384,3704
2026-02-25,MSFT,2026-04-26,P,210.86,224.32,0.332063,-0.25,2.96,3.0,373,4390
2026-02-25,MSFT,2026-04-26,P,197.4,224.32,0.348832,-0.1,3.1,3.16,20,3705
2026-02-26,MSFT,2026-03-23,C,251.36,224.42,0.190542,0.1,1.69,1.73,245,1391
2026-02-26,MSFT,2026-03-23,C,237.89,224.42,0.202847,0.25,1.8,1.85,264,2088
2026-02-26,MSFT,2026-03-23,C,224.42,224.42,0.243862,0.5,2.16,2.22,142,74
2026-02-26,MSFT,2026-03-23,P,224.42,224.42,0.243862,-0.5,2.17,2.21,387,1633
2026-02-26,MSFT,2026-03-23,P,210.96,224.42,0.284877,-0.25,2.54,2.58,83,2039
2026-02-26,MSFT,2026-03-23,P,197.49,224.42,0.301283,-0.1,2.68,2.73,324,4967
2026-02-26,MSFT,2026-03-30,C,251.36,224.42,0.193342,0.1,1.71,1.76,45,1337
2026-02-26,MSFT,2026-03-30,C,237.89,224.42,0.205647,0.25,1.82,1.87,370,1367
2026-02-26,MSFT,2026-03-30,C,224.42,224.42,0.246662,0.5,2.19,2.24,473,2921
2026-02-26,MSFT,2026-03-30,P,224.42,224.42,0.246662,-0.5,2.19,2.24,466,176
2026-02-26,MSFT,2026-03-30,P,210.96,224.42,0.287677,-0.25,2.55,2.61,476,4821
2026-02-26,MSFT,2026-03-30,P,197.49,224.42,0.304083,-0.1,2.71,2.75,76,2502
2026-02-26,MSFT,2026-04-27,C,251.36,224.42,0.204542,0.1,1.81,1.86,134,1278
2026-02-26,MSFT,2026-04-27,C,237.89,224.42,0.216847,0.25,1.92,1.98,413,881
2026-02-26,MSFT,2026-04-27,C,224.42,224.42,0.257862,0.5,2.29,2.34,366,51
2026-02-26,MSFT,2026-04-27,P,224.42,224.42,0.257862,-0.5,2.29,2.34,330,4305
2026-02-26,MSFT,2026-04-27,P,210.96,224.42,0.298877,-0.25,2.66,2.71,240,3261
2026-02-26,MSFT,2026-04-27,P,197.49,224.42,0.315283,-0.1,2.81,2.85,13,3576
2026-02-27,MSFT,2026-03-24,C,249.33,222.62,0.192984,0.1,1.69,1.74,128,2929
2026-02-27,MSFT,2026-03-24,C,235.97,222.62,0.205415,0.25,1.8,1.86,360,3743
2026-02-27,MSFT,2026-03-24,C,222.62,222.62,0.246849,0.5,2.17,2.22,386,2165
2026-02-27,MSFT,2026-03-24,P,222.62,222.62,0.246849,-0.5,2.18,2.22,333,2698
2026-02-27,MSFT,2026-03-24,P,209.26,222.62,0.288284,-0.25,2.54,2.59,2,3523
2026-02-27,MSFT,2026-03-24,P,195.9,222.62,0.304858,-0.1,2.69,2.74,305,1508
2026-02-27,MSFT,2026-03-31,C,249.33,222.62,0.195784,0.1,1.72,1.77,379,459
2026-02-27,MSFT,2026-03-31,C,235.97,222.62,0.208215,0.25,1.83,1.88,29,4854
2026-02-27,MSFT,2026-03-31,C,222.62,222.62,0.249649,0.5,2.2,2.25,492,3369
2026-02-27,MSFT,2026-03-31,P,222.62,222.62,0.249649,-0.5,2.2,2.25,353,815
2026-02-27,MSFT,2026-03-31,P,209.26,222.62,0.291084,-0.25,2.57,2.61,106,1048
2026-02-27,MSFT,2026-03-31,P,195.9,222.62,0.307658,-0.1,2.71,2.77,279,87
2026-02-27,MSFT,2026-04-28,C,249.33,222.62,0.206984,0.1,1.82,1.87,388,1892
2026-02-27,MSFT,2026-04-28,C,235.97,222.62,0.219415,0.25,1.93,1.98,354,1110
2026-02-27,MSFT,2026-04-28,C,222.62,222.62,0.260849,0.5,2.29,2.35,33,1662
2026-02-27,MSFT,2026-04-28,P,222.62,222.62,0.260849,-0.5,2.29,2.35,484,2950
2026-02-27,MSFT,2026-04-28,P,209.26,222.62,0.302284,-0.25,2.67,2.72,223,3672
2026-02-27,MSFT,2026-04-28,P,195.9,222.62,0.318858,-0.1,2.81,2.86,422,701
2026-03-02,MSFT,2026-03-27,C,249.33,222.61,0.205067,0.1,1.8,1.85,288,2832
2026-03-02,MSFT,2026-03-27,C,235.97,222.61,0.216653,0.25,1.9,1.96,127,3270
2026-03-02,MSFT,2026-03-27,C,222.61,222.61,0.25527,0.5,2.25,2.3,402,1599
2026-03-02,MSFT,2026-03-27,P,222.61,222.61,0.25527,-0.5,2.25,2.3,101,2879
2026-03-02,MSFT,2026-03-27,P,209.26,222.61,0.293888,-0.25,2.59,2.64,58,610
2026-03-02,MSFT,2026-03-27,P,195.9,222.61,0.309335,-0.1,2.73,2.78,356,1053
2026-03-02,MSFT,2026-04-03,C,249.33,222.61,0.207867,0.1,1.83,1.87,280,4246
2026-03-02,MSFT,2026-04-03,C,235.97,222.61,0.219453,0.25,1.93,1.98,166,3833
2026-03-02,MSFT,2026-04-03,C,222.61,222.61,0.25807,0.5,2.27,2.32,266,3091
2026-03-02,MSFT,2026-04-03,P,222.61,222.61,0.25807,-0.5,2.27,2.33,433,1420
2026-03-02,MSFT,2026-04-03,P,209.26,222.61,0.296688,-0.25,2.62,2.66,203,862
2026-03-02,MSFT,2026-04-03,P,195.9,222.61,0.312135,-0.1,2.75,2.81,414,1414
2026-03-02,MSFT,2026-05-01,C,249.33,222.61,0.219067,0.1,1.93,1.98,137,2677
2026-03-02,MSFT,2026-05-01,C,235.97,222.61,0.230653,0.25,2.02,2.08,82,1514
2026-03-02,MSFT,2026-05-01,C,222.61,222.61,0.26927,0.5,2.37,2.42,336,4791
2026-03-02,MSFT,2026-05-01,P,222.61,222.61,0.26927,-0.5,2.38,2.42,11,2993
2026-03-02,MSFT,2026-05-01,P,209.26,222.61,0.307888,-0.25,2.72,2.76,498,1322
2026-03-02,MSFT,2026-05-01,P,195.9,222.61,0.323335,-0.1,2.86,2.9,445,1657
2026-03-03,MSFT,2026-03-28,C,249.39,222.67,0.199528,0.1,1.75,1.81,35,2322
2026-03-03,MSFT,2026-03-28,C,236.03,222.67,0.211441,0.25,1.86,1.91,413,3464
2026-03-03,MSFT,2026-03-28,C,222.67,222.67,0.251153,0.5,2.21,2.27,49,1514
2026-03-03,MSFT,2026-03-28,P,222.67,222.67,0.251153,-0.5,2.22,2.26,54,557
2026-03-03,MSFT,2026-03-28,P,209.31,222.67,0.290865,-0.25,2.56,2.62,294,4230
2026-03-03,MSFT,2026-03-28,P,195.95,222.67,0.30675,-0.1,2.71,2.76,441,746
2026-03-03,MSFT,2026-04-04,C,249.39,222.67,0.202328,0.1,1.78,1.83,127,3345
2026-03-03,MSFT,2026-04-04,C,236.03,222.67,0.214241,0.25,1.88,1.93,58,421
2026-03-03,MSFT,2026-04-04,C,222.67,222.67,0.253953,0.5,2.24,2.29,17,3455
2026-03-03,MSFT,2026-04-04,P,222.67,222.67,0.253953,-0.5,2.23,2.29,59,958
2026-03-03,MSFT,2026-04-04,P,209.31,222.67,0.293665,-0.25,2.59,2.64,287,2288
2026-03-03,MSFT,2026-04-04,P,195.95,222.67,0.30955,-0.1,2.73,2.78,492,4319
2026-03-03,MSFT,2026-05-02,C,249.39,222.67,0.213528,0.1,1.88,1.93,187,316
2026-03-03,MSFT,2026-05-02,C,236.03,222.67,0.225441,0.25,1.99,2.03,6,4016
2026-03-03,MSFT,2026-05-02,C,222.67,222.67,0.265153,0.5,2.34,2.39,392,1652
2026-03-03,MSFT,2026-05-02,P,222.67,222.67,0.265153,-0.5,2.34,2.39,284,1350
2026-03-03,MSFT,2026-05-02,P,209.31,222.67,0.304865,-0.25,2.69,2.74,309,4143
2026-03-03,MSFT,2026-05-02,P,195.95,222.67,0.32075,-0.1,2.83,2.88,339,1377
2026-03-04,MSFT,2026-03-29,C,251.81,224.83,0.189573,0.1,1.68,1.73,403,912
2026-03-04,MSFT,2026-03-29,C,238.32,224.83,0.204211,0.25,1.81,1.86,455,1775
2026-03-04,MSFT,2026-03-29,C,224.83,224.83,0.253004,0.5,2.25,2.3,279,383
2026-03-04,MSFT,2026-03-29,P,224.83,224.83,0.253004,-0.5,2.26,2.3,78,739
2026-03-04,MSFT,2026-03-29,P,211.34,224.83,0.301798,-0.25,2.69,2.74,279,990
2026-03-04,MSFT,2026-03-29,P,197.85,224.83,0.321315,-0.1,2.87,2.91,489,3530
2026-03-04,MSFT,2026-04-05,C,251.81,224.83,0.192373,0.1,1.71,1.75,174,1053
2026-03-04,MSFT,2026-04-05,C,238.32,224.83,0.207011,0.25,1.83,1.89,98,2988
2026-03-04,MSFT,2026-04-05,C,224.83,224.83,0.255804,0.5,2.27,2.33,273,2585
2026-03-04,MSFT,2026-04-05,P,224.83,224.83,0.255804,-0.5,2.27,2.33,134,730
2026-03-04,MSFT,2026-04-05,P,211.34,224.83,0.304598,-0.25,2.72,2.76,177,4082
2026-03-04,MSFT,2026-04-05,P,197.85,224.83,0.324115,-0.1,2.89,2.93,265,2812
2026-03-04,MSFT,2026-05-03,C,251.81,224.83,0.203573,0.1,1.81,1.85,102,1747
2026-03-04,MSFT,2026-05-03,C,238.32,224.83,0.218211,0.25,1.94,1.99,407,2741
2026-03-04,MSFT,2026-05-03,C,224.83,224.83,0.267004,0.5,2.38,2.43,193,795
2026-03-04,MSFT,2026-05-03,P,224.83,224.83,0.267004,-0.5,2.38,2.42,132,3553
2026-03-04,MSFT,2026-05-03,P,211.34,224.83,0.315798,-0.25,2.82,2.86,178,2980
2026-03-04,MSFT,2026-05-03,P,197.85,224.83,0.335315,-0.1,2.99,3.04,130,1726
2026-03-05,MSFT,2026-03-30,C,249.39,222.67,0.207102,0.1,1.82,1.87,354,1916
2026-03-05,MSFT,2026-03-30,C,236.03,222.67,0.220735,0.25,1.95,1.99,399,4810
2026-03-05,MSFT,2026-03-30,C,222.67,222.67,0.266178,0.5,2.35,2.39,108,3989
2026-03-05,MSFT,2026-03-30,P,222.67,222.67,0.266178,-0.5,2.35,2.39,168,1828
2026-03-05,MSFT,2026-03-30,P,209.31,222.67,0.311622,-0.25,2.75,2.8,121,158
2026-03-05,MSFT,2026-03-30,P,195.95,222.67,0.329799,-0.1,2.91,2.96,330,1310
2026-03-05,MSFT,2026-04-06,C,249.39,222.67,0.209902,0.1,1.84,1.89,398,3963
2026-03-05,MSFT,2026-04-06,C,236.03,222.67,0.223535,0.25,1.97,2.02,296,2283
2026-03-05,MSFT,2026-04-06,C,222.67,222.67,0.268978,0.5,2.37,2.42,49,235
2026-03-05,MSFT,2026-04-06,P,222.67,222.67,0.268978,-0.5,2.37,2.42,107,2963
2026-03-05,MSFT,2026-04-06,P,209.31,222.67,0.314422,-0.25,2.77,2.83,92,2208
2026-03-05,MSFT,2026-04-06,P,195.95,222.67,0.332599,-0.1,2.94,2.99,467,242
2026-03-05,MSFT,2026-05-04,C,249.39,222.67,0.221102,0.1,1.95,1.99,122,2133
2026-03-05,MSFT,2026-05-04,C,236.03,222.67,0.234735,0.25,2.07,2.11,179,231
2026-03-05,MSFT,2026-05-04,C,222.67,222.67,0.280178,0.5,2.47,2.52,23,2325
2026-03-05,MSFT,2026-05-04,P,222.67,222.67,0.280178,-0.5,2.47,2.52,142,3923
2026-03-05,MSFT,2026-05-04,P,209.31,222.67,0.325622,-0.25,2.87,2.93,396,17
2026-03-05,MSFT,2026-05-04,P,195.95,222.67,0.343799,-0.1,3.03,3.09,140,2418
2026-03-06,MSFT,2026-03-31,C,249.02,222.33,0.200764,0.1,1.76,1.81,179,555
2026-03-06,MSFT,2026-03-31,C,235.68,222.33,0.214625,0.25,1.88,1.93,387,1417
2026-03-06,MSFT,2026-03-31,C,222.33,222.33,0.260827,0.5,2.3,2.34,290,2192
2026-03-06,MSFT,2026-03-31,P,222.33,222.33,0.260827,-0.5,2.3,2.34,466,17
2026-03-06,MSFT,2026-03-31,P,208.99,222.33,0.307029,-0.25,2.71,2.76,258,1562
2026-03-06,MSFT,2026-03-31,P,195.65,222.33,0.32551,-0.1,2.87,2.92,156,68
2026-03-06,MSFT,2026-04-07,C,249.02,222.33,0.203564,0.1,1.79,1.83,361,2357
2026-03-06,MSFT,2026-04-07,C,235.68,222.33,0.217425,0.25,1.91,1.96,212,3587
2026-03-06,MSFT,2026-04-07,C,222.33,222.33,0.263627,0.5,2.31,2.37,248,149
2026-03-06,MSFT,2026-04-07,P,222.33,222.33,0.263627,-0.5,2.32,2.37,48,4285
2026-03-06,MSFT,2026-04-07,P,208.99,222.33,0.309829,-0.25,2.73,2.78,318,4918
2026-03-06,MSFT,2026-04-07,P,195.65,222.33,0.32831,-0.1,2.89,2.95,375,3623
2026-03-06,MSFT,2026-05-05,C,249.02,222.33,0.214764,0.1,1.89,1.93,201,1383
2026-03-06,MSFT,2026-05-05,C,235.68,222.33,0.228625,0.25,2.01,2.06,258,2616
2026-03-06,MSFT,2026-05-05,C,222.33,222.33,0.274827,0.5,2.42,2.47,101,4968
2026-03-06,MSFT,2026-05-05,P,222.33,222.33,0.274827,-0.5,2.42,2.47,303,2147
2026-03-06,MSFT,2026-05-05,P,208.99,222.33,0.321029,-0.25,2.83,2.88,143,4192
2026-03-06,MSFT,2026-05-05,P,195.65,222.33,0.33951,-0.1,2.99,3.05,372,3105
2026-03-09,MSFT,2026-04-03,C,250.75,223.88,0.203835,0.1,1.8,1.85,158,671
2026-03-09,MSFT,2026-04-03,C,237.31,223.88,0.217434,0.25,1.92,1.97,313,4026
2026-03-09,MSFT,2026-04-03,C,223.88,223.88,0.262762,0.5,2.33,2.38,27,3060
2026-03-09,MSFT,2026-04-03,P,223.88,223.88,0.262762,-0.5,2.33,2.38,52,3577
2026-03-09,MSFT,2026-04-03,P,210.45,223.88,0.30809,-0.25,2.74,2.78,2,2605
2026-03-09,MSFT,2026-04-03,P,197.02,223.88,0.326221,-0.1,2.9,2.94,155,2348
2026-03-09,MSFT,2026-04-10,C,250.75,223.88,0.206635,0.1,1.83,1.87,418,3026
2026-03-09,MSFT,2026-04-10,C,237.31,223.88,0.220234,0.25,1.95,2.0,71,4878
2026-03-09,MSFT,2026-04-10,C,223.88,223.88,0.265562,0.5,2.35,2.41,322,1477
2026-03-09,MSFT,2026-04-10,P,223.88,223.88,0.265562,-0.5,2.36,2.4,308,333
2026-03-09,MSFT,2026-04-10,P,210.45,223.88,0.31089,-0.25,2.76,2.81,65,1118
2026-03-09,MSFT,2026-04-10,P,197.02,223.88,0.329021,-0.1,2.92,2.98,468,4624
2026-03-09,MSFT,2026-05-08,C,250.75,223.88,0.217835,0.1,1.93,1.97,379,3796
2026-03-09,MSFT,2026-05-08,C,237.31,223.88,0.231434,0.25,2.04,2.1,498,1893
2026-03-09,MSFT,2026-05-08,C,223.88,223.88,0.276762,0.5,2.45,2.51,131,4943
2026-03-09,MSFT,2026-05-08,P,223.88,223.88,0.276762,-0.5,2.45,2.51,117,3712
2026-03-09,MSFT,2026-05-08,P,210.45,223.88,0.32209,-0.25,2.86,2.91,220,1142
2026-03-09,MSFT,2026-05-08,P,197.02,223.88,0.340221,-0.1,3.02,3.08,293,1388
2026-03-10,MSFT,2026-04-04,C,250.42,223.59,0.18127,0.1,1.6,1.64,259,2485
2026-03-10,MSFT,2026-04-04,C,237.01,223.59,0.194989,0.25,1.72,1.77,309,4047
2026-03-10,MSFT,2026-04-04,C,223.59,223.59,0.240719,0.5,2.13,2.18,147,2103
2026-03-10,MSFT,2026-04-04,P,223.59,223.59,0.240719,-0.5,2.13,2.18,101,2903
2026-03-10,MSFT,2026-04-04,P,210.18,223.59,0.286448,-0.25,2.53,2.59,19,4513
2026-03-10,MSFT,2026-04-04,P,196.76,223.59,0.30474,-0.1,2.7,2.75,204,2233
2026-03-10,MSFT,2026-04-11,C,250.42,223.59,0.18407,0.1,1.62,1.67,36,2647
2026-03-10,MSFT,2026-04-11,C,237.01,223.59,0.197789,0.25,1.74,1.8,481,3376
2026-03-10,MSFT,2026-04-11,C,223.59,223.59,0.243519,0.5,2.15,2.2,16,2435
2026-03-10,MSFT,2026-04-11,P,223.59,223.59,0.243519,-0.5,2.15,2.2,267,1546
2026-03-10,MSFT,2026-04-11,P,210.18,223.59,0.289248,-0.25,2.56,2.61,313,1776
2026-03-10,MSFT,2026-04-11,P,196.76,223.59,0.30754,-0.1,2.72,2.78,395,4189
2026-03-10,MSFT,2026-05-09,C,250.42,223.59,0.19527,0.1,1.73,1.77,492,1209
2026-03-10,MSFT,2026-05-09,C,237.01,223.59,0.208989,0.25,1.84,1.89,228,539
2026-03-10,MSFT,2026-05-09,C,223.59,223.59,0.254719,0.5,2.26,2.3,220,3747
2026-03-10,MSFT,2026-05-09,P,223.59,223.59,0.254719,-0.5,2.26,2.3,87,3054
2026-03-10,MSFT,2026-05-09,P,210.18,223.59,0.300448,-0.25,2.67,2.71,168,588
2026-03-10,MSFT,2026-05-09,P,196.76,223.59,0.31874,-0.1,2.83,2.87,87,4824
2026-03-11,MSFT,2026-04-05,C,250.19,223.38,0.19909,0.1,1.76,1.8,467,2062
2026-03-11,MSFT,2026-04-05,C,236.79,223.38,0.211432,0.25,1.86,1.91,289,3100
2026-03-11,MSFT,2026-04-05,C,223.38,223.38,0.25257,0.5,2.23,2.28,353,994
2026-03-11,MSFT,2026-04-05,P,223.38,223.38,0.25257,-0.5,2.23,2.28,262,3227
2026-03-11,MSFT,2026-04-05,P,209.98,223.38,0.293708,-0.25,2.6,2.65,278,2968
2026-03-11,MSFT,2026-04-05,P,196.58,223.38,0.310164,-0.1,2.74,2.8,215,2425
2026-03-11,MSFT,2026-04-12,C,250.19,223.38,0.20189,0.1,1.78,1.83,102,3180
2026-03-11,MSFT,2026-04-12,C,236.79,223.38,0.214232,0.25,1.89,1.94,238,4671
2026-03-11,MSFT,2026-04-12,C,223.38,223.38,0.25537,0.5,2.26,2.31,225,3027
2026-03-11,MSFT,2026-04-12,P,223.38,223.38,0.25537,-0.5,2.26,2.31,17,4268
2026-03-11,MSFT,2026-04-12,P,209.98,223.38,0.296508,-0.25,2.63,2.67,233,4422
2026-03-11,MSFT,2026-04-12,P,196.58,223.38,0.312964,-0.1,2.78,2.82,135,731
2026-03-11,MSFT,2026-05-10,C,250.19,223.38,0.21309,0.1,1.88,1.93,353,1292
2026-03-11,MSFT,2026-05-10,C,236.79,223.38,0.225432,0.25,1.99,2.04,298,2323
2026-03-11,MSFT,2026-05-10,C,223.38,223.38,0.26657,0.5,2.35,2.41,252,3912
2026-03-11,MSFT,2026-05-10,P,223.38,223.38,0.26657,-0.5,2.36,2.41,389,4069
2026-03-11,MSFT,2026-05-10,P,209.98,223.38,0.307708,-0.25,2.73,2.77,81,3081
2026-03-11,MSFT,2026-05-10,P,196.58,223.38,0.324164,-0.1,2.87,2.92,194,3518
2026-03-12,MSFT,2026-04-06,C,249.07,222.39,0.201522,0.1,1.76,1.82,483,2785
2026-03-12,MSFT,2026-04-06,C,235.73,222.39,0.213016,0.25,1.87,1.92,172,732
2026-03-12,MSFT,2026-04-06,C,222.39,222.39,0.251332,0.5,2.21,2.26,317,3917
2026-03-12,MSFT,2026-04-06,P,222.39,222.39,0.251332,-0.5,2.21,2.26,282,2220
2026-03-12,MSFT,2026-04-06,P,209.04,222.39,0.289647,-0.25,2.55,2.6,166,2697
2026-03-12,MSFT,2026-04-06,P,195.7,222.39,0.304973,-0.1,2.69,2.73,214,882
2026-03-12,MSFT,2026-04-13,C,249.07,222.39,0.204322,0.1,1.79,1.84,457,1522
2026-03-12,MSFT,2026-04-13,C,235.73,222.39,0.215816,0.25,1.9,1.94,228,4174
2026-03-12,MSFT,2026-04-13,C,222.39,222.39,0.254132,0.5,2.24,2.28,485,4013
2026-03-12,MSFT,2026-04-13,P,222.39,222.39,0.254132,-0.5,2.23,2.29,94,1666
2026-03-12,MSFT,2026-04-13,P,209.04,222.39,0.292447,-0.25,2.57,2.63,411,964
2026-03-12,MSFT,2026-04-13,P,195.7,222.39,0.307773,-0.1,2.71,2.76,28,4955
2026-03-12,MSFT,2026-05-11,C,249.07,222.39,0.215522,0.1,1.89,1.95,484,1156
2026-03-12,MSFT,2026-05-11,C,235.73,222.39,0.227016,0.25,2.0,2.04,61,1319
2026-03-12,MSFT,2026-05-11,C,222.39,222.39,0.265332,0.5,2.33,2.39,306,1234
2026-03-12,MSFT,2026-05-11,P,222.39,222.39,0.265332,-0.5,2.34,2.39,259,1755
2026-03-12,MSFT,2026-05-11,P,209.04,222.39,0.303647,-0.25,2.68,2.72,445,2047
2026-03-12,MSFT,2026-05-11,P,195.7,222.39,0.318973,-0.1,2.81,2.86,231,3003
2026-03-13,MSFT,2026-04-07,C,247.82,221.27,0.215773,0.1,1.89,1.93,2,2534
2026-03-13,MSFT,2026-04-07,C,234.54,221.27,0.227645,0.25,1.99,2.04,331,3775
2026-03-13,MSFT,2026-04-07,C,221.27,221.27,0.267217,0.5,2.34,2.39,255,2550
2026-03-13,MSFT,2026-04-07,P,221.27,221.27,0.267217,-0.5,2.34,2.39,86,163
2026-03-13,MSFT,2026-04-07,P,207.99,221.27,0.306789,-0.25,2.69,2.74,35,4278
2026-03-13,MSFT,2026-04-07,P,194.71,221.27,0.322618,-0.1,2.83,2.88,222,1806
2026-03-13,MSFT,2026-04-14,C,247.82,221.27,0.218573,0.1,1.91,1.96,171,3424
2026-03-13,MSFT,2026-04-14,C,234.54,221.27,0.230445,0.25,2.02,2.06,190,4893
2026-03-13,MSFT,2026-04-14,C,221.27,221.27,0.270017,0.5,2.37,2.41,288,4869
2026-03-13,MSFT,2026-04-14,P,221.27,221.27,0.270017,-0.5,2.37,2.41,106,1594
2026-03-13,MSFT,2026-04-14,P,207.99,221.27,0.309589,-0.25,2.72,2.76,166,1305
2026-03-13,MSFT,2026-04-14,P,194.71,221.27,0.325418,-0.1,2.85,2.91,42,2297
2026-03-13,MSFT,2026-05-12,C,247.82,221.27,0.229773,0.1,2.01,2.05,23,4911
2026-03-13,MSFT,2026-05-12,C,234.54,221.27,0.241645,0.25,2.12,2.16,174,372
2026-03-13,MSFT,2026-05-12,C,221.27,221.27,0.281217,0.5,2.47,2.51,267,2321
2026-03-13,MSFT,2026-05-12,P,221.27,221.27,0.281217,-0.5,2.46,2.52,153,94
2026-03-13,MSFT,2026-05-12,P,207.99,221.27,0.320789,-0.25,2.81,2.87,267,1309
2026-03-13,MSFT,2026-05-12,P,194.71,221.27,0.336618,-0.1,2.96,3.0,211,3521
2026-03-16,MSFT,2026-04-10,C,245.36,219.07,0.188411,0.1,1.63,1.68,382,1019
2026-03-16,MSFT,2026-04-10,C,232.22,219.07,0.200278,0.25,1.73,1.78,455,3689
2026-03-16,MSFT,2026-04-10,C,219.07,219.07,0.239835,0.5,2.08,2.13,335,2118
2026-03-16,MSFT,2026-04-10,P,219.07,219.07,0.239835,-0.5,2.08,2.12,405,3812
2026-03-16,MSFT,2026-04-10,P,205.93,219.07,0.279391,-0.25,2.43,2.47,223,3217
2026-03-16,MSFT,2026-04-10,P,192.79,219.07,0.295214,-0.1,2.56,2.61,317,1124
2026-03-16,MSFT,2026-04-17,C,245.36,219.07,0.191211,0.1,1.65,1.7,485,2605
2026-03-16,MSFT,2026-04-17,C,232.22,219.07,0.203078,0.25,1.75,1.81,435,4506
2026-03-16,MSFT,2026-04-17,C,219.07,219.07,0.242635,0.5,2.1,2.15,28,345
2026-03-16,MSFT,2026-04-17,P,219.07,219.07,0.242635,-0.5,2.1,2.15,218,3145
2026-03-16,MSFT,2026-04-17,P,205.93,219.07,0.282191,-0.25,2.45,2.5,22,3842
2026-03-16,MSFT,2026-04-17,P,192.79,219.07,0.298014,-0.1,2.59,2.63,298,723
2026-03-16,MSFT,2026-05-15,C,245.36,219.07,0.202411,0.1,1.75,1.8,135,4381
2026-03-16,MSFT,2026-05-15,C,232.22,219.07,0.214278,0.25,1.85,1.9,301,2605
2026-03-16,MSFT,2026-05-15,C,219.07,219.07,0.253835,0.5,2.2,2.25,481,4593
2026-03-16,MSFT,2026-05-15,P,219.07,219.07,0.253835,-0.5,2.2,2.25,402,2003
2026-03-16,MSFT,2026-05-15,P,205.93,219.07,0.293391,-0.25,2.54,2.6,70,4568
2026-03-16,MSFT,2026-05-15,P,192.79,219.07,0.309214,-0.1,2.69,2.73,237,1650
2026-03-17,MSFT,2026-04-11,C,244.52,218.32,0.193892,0.1,1.67,1.72,108,3809
2026-03-17,MSFT,2026-04-11,C,231.42,218.32,0.207002,0.25,1.78,1.83,127,1067
2026-03-17,MSFT,2026-04-11,C,218.32,218.32,0.250704,0.5,2.17,2.21,477,3359
2026-03-17,MSFT,2026-04-11,P,218.32,218.32,0.250704,-0.5,2.17,2.21,6,1717
2026-03-17,MSFT,2026-04-11,P,205.22,218.32,0.294405,-0.25,2.55,2.59,383,4106
2026-03-17,MSFT,2026-04-11,P,192.12,218.32,0.311886,-0.1,2.7,2.74,77,395
2026-03-17,MSFT,2026-04-18,C,244.52,218.32,0.196692,0.1,1.69,1.75,336,456
2026-03-17,MSFT,2026-04-18,C,231.42,218.32,0.209802,0.25,1.81,1.86,414,1905
2026-03-17,MSFT,2026-04-18,C,218.32,218.32,0.253504,0.5,2.19,2.24,26,922
2026-03-17,MSFT,2026-04-18,P,218.32,218.32,0.253504,-0.5,2.19,2.23,276,1149
2026-03-17,MSFT,2026-04-18,P,205.22,218.32,0.297205,-0.25,2.57,2.62,85,4147
2026-03-17,MSFT,2026-04-18,P,192.12,218.32,0.314686,-0.1,2.73,2.77,330,1038
2026-03-17,MSFT,2026-05-16,C,244.52,218.32,0.207892,0.1,1.79,1.84,329,1113
2026-03-17,MSFT,2026-05-16,C,231.42,218.32,0.221002,0.25,1.91,1.95,441,4442
2026-03-17,MSFT,2026-05-16,C,218.32,218.32,0.264704,0.5,2.29,2.33,126,4401
2026-03-17,MSFT,2026-05-16,P,218.32,218.32,0.264704,-0.5,2.29,2.33,125,4135
2026-03-17,MSFT,2026-05-16,P,205.22,218.32,0.308405,-0.25,2.67,2.72,76,395
2026-03-17,MSFT,2026-05-16,P,192.12,218.32,0.325886,-0.1,2.82,2.87,413,1289
2026-03-18,MSFT,2026-04-12,C,243.19,217.13,0.204291,0.1,1.75,1.8,286,4909
2026-03-18,MSFT,2026-04-12,C,230.16,217.13,0.216866,0.25,1.86,1.91,202,1212
2026-03-18,MSFT,2026-04-12,C,217.13,217.13,0.258783,0.5,2.22,2.27,176,3486
2026-03-18,MSFT,2026-04-12,P,217.13,217.13,0.258783,-0.5,2.22,2.27,121,2737
2026-03-18,MSFT,2026-04-12,P,204.1,217.13,0.3007,-0.25,2.59,2.63,111,3318
2026-03-18,MSFT,2026-04-12,P,191.08,217.13,0.317467,-0.1,2.73,2.78,58,285
2026-03-18,MSFT,2026-04-19,C,243.19,217.13,0.207091,0.1,1.77,1.83,163,4221
2026-03-18,MSFT,2026-04-19,C,230.16,217.13,0.219666,0.25,1.88,1.93,283,656
2026-03-18,MSFT,2026-04-19,C,217.13,217.13,0.261583,0.5,2.24,2.3,425,1111
2026-03-18,MSFT,2026-04-19,P,217.13,217.13,0.261583,-0.5,2.25,2.3,115,3897
2026-03-18,MSFT,2026-04-19,P,204.1,217.13,0.3035,-0.25,2.61,2.66,53,1430
2026-03-18,MSFT,2026-04-19,P,191.08,217.13,0.320267,-0.1,2.76,2.8,145,1606
2026-03-18,MSFT,2026-05-17,C,243.19,217.13,0.218291,0.1,1.87,1.92,403,787
2026-03-18,MSFT,2026-05-17,C,230.16,217.13,0.230866,0.25,1.98,2.03,435,3614
2026-03-18,MSFT,2026-05-17,C,217.13,217.13,0.272783,0.5,2.35,2.39,456,2657
2026-03-18,MSFT,2026-05-17,P,217.13,217.13,0.272783,-0.5,2.35,2.39,109,1917
2026-03-18,MSFT,2026-05-17,P,204.1,217.13,0.3147,-0.25,2.71,2.76,198,549
2026-03-18,MSFT,2026-05-17,P,191.08,217.13,0.331467,-0.1,2.86,2.9,199,756
2026-03-19,MSFT,2026-04-13,C,243.35,217.27,0.196308,0.1,1.68,1.73,172,4980
2026-03-19,MSFT,2026-04-13,C,230.31,217.27,0.209018,0.25,1.79,1.84,417,4923
2026-03-19,MSFT,2026-04-13,C,217.27,217.27,0.251384,0.5,2.16,2.21,407,1423
2026-03-19,MSFT,2026-04-13,P,217.27,217.27,0.251384,-0.5,2.16,2.21,192,345
2026-03-19,MSFT,2026-04-13,P,204.24,217.27,0.293751,-0.25,2.53,2.57,9,4738
2026-03-19,MSFT,2026-04-13,P,191.2,217.27,0.310697,-0.1,2.67,2.73,440,4645
2026-03-19,MSFT,2026-04-20,C,243.35,217.27,0.199108,0.1,1.71,1.75,162,3843
2026-03-19,MSFT,2026-04-20,C,230.31,217.27,0.211818,0.25,1.82,1.86,257,1723
2026-03-19,MSFT,2026-04-20,C,217.27,217.27,0.254184,0.5,2.18,2.24,224,2062
2026-03-19,MSFT,2026-04-20,P,217.27,217.27,0.254184,-0.5,2.18,2.24,246,4437
2026-03-19,MSFT,2026-04-20,P,204.24,217.27,0.296551,-0.25,2.55,2.61,434,54
2026-03-19,MSFT,2026-04-20,P,191.2,217.27,0.313497,-0.1,2.7,2.75,243,4593
2026-03-19,MSFT,2026-05-18,C,243.35,217.27,0.210308,0.1,1.8,1.85,389,2406
2026-03-19,MSFT,2026-05-18,C,230.31,217.27,0.223018,0.25,1.92,1.96,259,135
2026-03-19,MSFT,2026-05-18,C,217.27,217.27,0.265384,0.5,2.28,2.34,266,2374
2026-03-19,MSFT,2026-05-18,P,217.27,217.27,0.265384,-0.5,2.28,2.33,255,1107
2026-03-19,MSFT,2026-05-18,P,204.24,217.27,0.307751,-0.25,2.65,2.7,252,2805
2026-03-19,MSFT,2026-05-18,P,191.2,217.27,0.324697,-0.1,2.79,2.85,352,1450
2026-03-20,MSFT,2026-04-14,C,242.29,216.33,0.156527,0.1,1.33,1.38,200,209
2026-03-20,MSFT,2026-04-14,C,229.31,216.33,0.17141,0.25,1.46,1.51,168,2785
2026-03-20,MSFT,2026-04-14,C,216.33,216.33,0.22102,0.5,1.89,1.93,480,3193
2026-03-20,MSFT,2026-04-14,P,216.33,216.33,0.22102,-0.5,1.89,1.93,355,3602
2026-03-20,MSFT,2026-04-14,P,203.35,216.33,0.27063,-0.25,2.31,2.37,419,4195
2026-03-20,MSFT,2026-04-14,P,190.37,216.33,0.290474,-0.1,2.49,2.54,29,2812
2026-03-20,MSFT,2026-04-21,C,242.29,216.33,0.159327,0.1,1.36,1.4,338,2128
2026-03-20,MSFT,2026-04-21,C,229.31,216.33,0.17421,0.25,1.49,1.53,485,3538
2026-03-20,MSFT,2026-04-21,C,216.33,216.33,0.22382,0.5,1.92,1.96,21,2073
2026-03-20,MSFT,2026-04-21,P,216.33,216.33,0.22382,-0.5,1.91,1.96,149,3253
2026-03-20,MSFT,2026-04-21,P,203.35,216.33,0.27343,-0.25,2.34,2.39,163,2219
2026-03-20,MSFT,2026-04-21,P,190.37,216.33,0.293274,-0.1,2.51,2.56,64,4616
2026-03-20,MSFT,2026-05-19,C,242.29,216.33,0.170527,0.1,1.45,1.5,9,1279
2026-03-20,MSFT,2026-05-19,C,229.31,216.33,0.18541,0.25,1.58,1.63,281,284
2026-03-20,MSFT,2026-05-19,C,216.33,216.33,0.23502,0.5,2.01,2.06,182,549
2026-03-20,MSFT,2026-05-19,P,216.33,216.33,0.23502,-0.5,2.01,2.06,110,3188
2026-03-20,MSFT,2026-05-19,P,203.35,216.33,0.28463,-0.25,2.44,2.49,332,4058
2026-03-20,MSFT,2026-05-19,P,190.37,216.33,0.304474,-0.1,2.61,2.66,17,1171
2026-03-23,MSFT,2026-04-17,C,241.64,215.75,0.20466,0.1,1.74,1.79,452,2519
2026-03-23,MSFT,2026-04-17,C,228.7,215.75,0.218914,0.25,1.86,1.91,127,2650
2026-03-23,MSFT,2026-04-17,C,215.75,215.75,0.266427,0.5,2.27,2.32,291,1559
2026-03-23,MSFT,2026-04-17,P,215.75,215.75,0.266427,-0.5,2.27,2.33,201,1046
2026-03-23,MSFT,2026-04-17,P,202.81,215.75,0.313939,-0.25,2.69,2.73,173,3710
2026-03-23,MSFT,2026-04-17,P,189.86,215.75,0.332944,-0.1,2.84,2.9,180,3217
2026-03-23,MSFT,2026-04-24,C,241.64,215.75,0.20746,0.1,1.77,1.82,249,4876
2026-03-23,MSFT,2026-04-24,C,228.7,215.75,0.221714,0.25,1.89,1.94,208,2035
2026-03-23,MSFT,2026-04-24,C,215.75,215.75,0.269227,0.5,2.3,2.35,267,2157
2026-03-23,MSFT,2026-04-24,P,215.75,215.75,0.269227,-0.5,2.3,2.35,415,4833
2026-03-23,MSFT,2026-04-24,P,202.81,215.75,0.316739,-0.25,2.71,2.76,342,751
2026-03-23,MSFT,2026-04-24,P,189.86,215.75,0.335744,-0.1,2.87,2.92,96,2524
2026-03-23,MSFT,2026-05-22,C,241.64,215.75,0.21866,0.1,1.86,1.91,413,4776
2026-03-23,MSFT,2026-05-22,C,228.7,215.75,0.232914,0.25,1.98,2.04,393,4936
2026-03-23,MSFT,2026-05-22,C,215.75,215.75,0.280427,0.5,2.4,2.44,171,1052
2026-03-23,MSFT,2026-05-22,P,215.75,215.75,0.280427,-0.5,2.4,2.44,249,3937
2026-03-23,MSFT,2026-05-22,P,202.81,215.75,0.327939,-0.25,2.81,2.85,64,988
2026-03-23,MSFT,2026-05-22,P,189.86,215.75,0.346944,-0.1,2.97,3.02,200,1594
2026-03-24,MSFT,2026-04-18,C,241.04,215.21,0.194135,0.1,1.64,1.7,153,701
2026-03-24,MSFT,2026-04-18,C,228.12,215.21,0.207674,0.25,1.76,1.81,260,451
2026-03-24,MSFT,2026-04-18,C,215.21,215.21,0.252803,0.5,2.15,2.2,455,1552
2026-03-24,MSFT,2026-04-18,P,215.21,215.21,0.252803,-0.5,2.15,2.2,482,2778
2026-03-24,MSFT,2026-04-18,P,202.3,215.21,0.297932,-0.25,2.54,2.59,239,4096
2026-03-24,MSFT,2026-04-18,P,189.39,215.21,0.315984,-0.1,2.7,2.74,57,3719
2026-03-24,MSFT,2026-04-25,C,241.04,215.21,0.196935,0.1,1.67,1.72,68,407
2026-03-24,MSFT,2026-04-25,C,228.12,215.21,0.210474,0.25,1.79,1.84,284,148
2026-03-24,MSFT,2026-04-25,C,215.21,215.21,0.255603,0.5,2.18,2.22,140,1426
2026-03-24,MSFT,2026-04-25,P,215.21,215.21,0.255603,-0.5,2.18,2.22,228,4501
2026-03-24,MSFT,2026-04-25,P,202.3,215.21,0.300732,-0.25,2.56,2.62,206,2893
2026-03-24,MSFT,2026-04-25,P,189.39,215.21,0.318784,-0.1,2.72,2.77,471,4998
2026-03-24,MSFT,2026-05-23,C,241.04,215.21,0.208135,0.1,1.77,1.82,269,2616
2026-03-24,MSFT,2026-05-23,C,228.12,215.21,0.221674,0.25,1.88,1.93,201,4603
2026-03-24,MSFT,2026-05-23,C,215.21,215.21,0.266803,0.5,2.27,2.32,314,331
2026-03-24,MSFT,2026-05-23,P,215.21,215.21,0.266803,-0.5,2.27,2.32,75,1267
2026-03-24,MSFT,2026-05-23,P,202.3,215.21,0.311932,-0.25,2.66,2.71,310,2740
2026-03-24,MSFT,2026-05-23,P,189.39,215.21,0.329984,-0.1,2.81,2.87,144,804
2026-03-25,MSFT,2026-04-19,C,240.97,215.15,0.192495,0.1,1.63,1.68,381,768
2026-03-25,MSFT,2026-04-19,C,228.06,215.15,0.205986,0.25,1.74,1.8,252,2285
2026-03-25,MSFT,2026-04-19,C,215.15,215.15,0.250955,0.5,2.13,2.19,337,411
2026-03-25,MSFT,2026-04-19,P,215.15,215.15,0.250955,-0.5,2.13,2.19,84,4538
2026-03-25,MSFT,2026-04-19,P,202.24,215.15,0.295925,-0.25,2.52,2.57,297,3318
2026-03-25,MSFT,2026-04-19,P,189.33,215.15,0.313913,-0.1,2.67,2.73,32,618
2026-03-25,MSFT,2026-04-26,C,240.97,215.15,0.195295,0.1,1.65,1.71,349,4253
2026-03-25,MSFT,2026-04-26,C,228.06,215.15,0.208786,0.25,1.77,1.82,251,4619
2026-03-25,MSFT,2026-04-26,C,215.15,215.15,0.253755,0.5,2.16,2.2,253,4596
2026-03-25,MSFT,2026-04-26,P,215.15,215.15,0.253755,-0.5,2.15,2.21,374,788
2026-03-25,MSFT,2026-04-26,P,202.24,215.15,0.298725,-0.25,2.55,2.6,167,3107
2026-03-25,MSFT,2026-04-26,P,189.33,215.15,0.316713,-0.1,2.7,2.75,209,806
2026-03-25,MSFT,2026-05-24,C,240.97,215.15,0.206495,0.1,1.75,1.8,379,3991
2026-03-25,MSFT,2026-05-24,C,228.06,215.15,0.219986,0.25,1.87,1.92,43,3028
2026-03-25,MSFT,2026-05-24,C,215.15,215.15,0.264955,0.5,2.25,2.31,162,4866
2026-03-25,MSFT,2026-05-24,P,215.15,215.15,0.264955,-0.5,2.26,2.3,183,4742
2026-03-25,MSFT,2026-05-24,P,202.24,215.15,0.309925,-0.25,2.64,2.69,476,4521
2026-03-25,MSFT,2026-05-24,P,189.33,215.15,0.327913,-0.1,2.8,2.84,449,3211
